regime,season,target,age,geography,source,cells,weeks,locations,final_total,net_pct,absolute_pct
New mandate,2024-2025,nhsn_covid_admissions,4,US,hub_covid_current,34,34,1,267074.0,7.590780083422572,14.879396721507897
New mandate,2024-2025,nhsn_covid_admissions,4,states,hub_covid_current,1734,34,51,263390.0,7.478264171001177,15.922016781198982
New mandate,2024-2025,nhsn_covid_admissions,11,US,hub_covid_current,34,34,1,267074.0,5.829844911897077,5.829844911897077
New mandate,2024-2025,nhsn_covid_admissions,11,states,hub_covid_current,1734,34,51,263390.0,5.759140438133566,6.731842514901857
New mandate,2024-2025,nhsn_flu_admissions,4,US,hub_flusight_current,29,29,1,464399.0,11.446837740822009,11.563978389273018
New mandate,2024-2025,nhsn_flu_admissions,4,states,hub_flusight_current,1479,29,51,455305.0,11.01151975049692,11.955941621550389
New mandate,2024-2025,nhsn_flu_admissions,11,US,hub_flusight_current,29,29,1,464399.0,5.848849803724814,5.965990452175823
New mandate,2024-2025,nhsn_flu_admissions,11,states,hub_flusight_current,1479,29,51,455305.0,5.420761906853648,6.436784133712567
New mandate,2024-2025,nhsn_rsv_admissions,4,US,hub_rsv_current,33,33,1,142317.0,10.853236085639804,10.885558295916862
New mandate,2024-2025,nhsn_rsv_admissions,4,states,hub_rsv_current,1683,33,51,139228.0,10.297497629787111,12.745281121613468
New mandate,2024-2025,nhsn_rsv_admissions,11,US,hub_rsv_current,33,33,1,142317.0,6.102573831657497,6.165812938721305
New mandate,2024-2025,nhsn_rsv_admissions,11,states,hub_rsv_current,1683,33,51,139228.0,5.501766885971213,8.232539431723504
New mandate,2024-2025,nssp_covid_proportion,4,US,hub_covid_current,7,7,1,0.0348000000230968,4.5976993575921545,4.5976993575921545
New mandate,2024-2025,nssp_covid_proportion,4,states,hub_covid_current,350,7,50,1.417000002518762,6.210303470829029,6.379675407495116
New mandate,2024-2025,nssp_covid_proportion,11,US,hub_covid_current,7,7,1,0.0348000000230968,0.8620688386277706,0.8620688386277706
New mandate,2024-2025,nssp_covid_proportion,11,states,hub_covid_current,350,7,50,1.417000002518762,2.582921721964302,3.203951997571319
New mandate,2024-2025,nssp_flu_proportion,4,US,delphi_nssp,7,7,1,0.009200000087730587,6.521738112625977,6.521738112625977
New mandate,2024-2025,nssp_flu_proportion,4,states,delphi_nssp,343,7,49,0.38250000216794433,6.326797941306766,6.849674038872641
New mandate,2024-2025,nssp_flu_proportion,11,US,delphi_nssp,7,7,1,0.009200000087730587,2.1739137586952597,2.1739137586952597
New mandate,2024-2025,nssp_flu_proportion,11,states,delphi_nssp,343,7,49,0.38250000216794433,2.274510266190204,3.1111123083881593
New mandate,2024-2025,nssp_rsv_proportion,4,US,hub_rsv_current,7,7,1,0.0012999999671592377,15.384615384615385,15.384615384615385
New mandate,2024-2025,nssp_rsv_proportion,4,states,hub_rsv_current,350,7,50,0.05139999975654064,11.673151709552604,14.007782068449796
New mandate,2024-2025,nssp_rsv_proportion,11,US,hub_rsv_current,7,7,1,0.0012999999671592377,0.0,0.0
New mandate,2024-2025,nssp_rsv_proportion,11,states,hub_rsv_current,350,7,50,0.05139999975654064,5.642023485297878,8.754863944953389
New mandate,2025-2026,nhsn_covid_admissions,4,US,hub_covid_current,45,45,1,205199.0,10.270517887514071,10.270517887514071
New mandate,2025-2026,nhsn_covid_admissions,4,states,hub_covid_current,2295,45,51,203008.0,10.349345838587642,10.801544766708702
New mandate,2025-2026,nhsn_covid_admissions,11,US,hub_covid_current,45,45,1,205199.0,4.035107383564247,4.035107383564247
New mandate,2025-2026,nhsn_covid_admissions,11,states,hub_covid_current,2295,45,51,203008.0,4.061416298865069,4.335297131147541
New mandate,2025-2026,nhsn_flu_admissions,4,US,hub_flusight_current,34,34,1,299445.0,10.86209487551971,10.86209487551971
New mandate,2025-2026,nhsn_flu_admissions,4,states,hub_flusight_current,1744,35,51,298494.0,11.152652984649608,11.495038426233023
New mandate,2025-2026,nhsn_flu_admissions,11,US,hub_flusight_current,34,34,1,299445.0,3.839436290470704,3.839436290470704
New mandate,2025-2026,nhsn_flu_admissions,11,states,hub_flusight_current,1744,35,51,298494.0,3.8355879850181243,4.0506676851125984
New mandate,2025-2026,nhsn_rsv_admissions,4,US,hub_rsv_current,45,45,1,129686.0,10.841571179618462,10.841571179618462
New mandate,2025-2026,nhsn_rsv_admissions,4,states,hub_rsv_current,2295,45,51,128191.0,10.938365407867947,11.654484324172524
New mandate,2025-2026,nhsn_rsv_admissions,11,US,hub_rsv_current,45,45,1,129686.0,4.284965223694154,4.284965223694154
New mandate,2025-2026,nhsn_rsv_admissions,11,states,hub_rsv_current,2295,45,51,128191.0,4.309974959240508,4.451950604956666
New mandate,2025-2026,nssp_covid_proportion,4,US,hub_covid_current,43,43,1,0.2067000005627051,4.2573775823408395,4.2573775823408395
New mandate,2025-2026,nssp_covid_proportion,4,states,hub_covid_current,2159,43,51,10.412700034401496,6.231813137123361,6.688947219448008
New mandate,2025-2026,nssp_covid_proportion,11,US,hub_covid_current,43,43,1,0.2067000005627051,1.4997578045976263,1.4997578045976263
New mandate,2025-2026,nssp_covid_proportion,11,states,hub_covid_current,2159,43,51,10.412700034401496,3.056844130296557,3.7118134631470254
New mandate,2025-2026,nssp_flu_proportion,4,US,delphi_nssp,3,3,1,0.003100000089034438,6.451611146699149,6.451611146699149
New mandate,2025-2026,nssp_flu_proportion,4,US,hub_flusight_current,29,29,1,0.6295000044628978,3.447181356538355,3.447181356538355
New mandate,2025-2026,nssp_flu_proportion,4,US,hub_flusight_current:git,3,3,1,0.03039999958127737,3.2894712051446016,3.2894712051446016
New mandate,2025-2026,nssp_flu_proportion,4,states,delphi_nssp,147,3,49,0.12049999982264126,5.3941916910278875,6.7219933588067
New mandate,2025-2026,nssp_flu_proportion,4,states,hub_flusight_current,1454,29,51,30.877700069191633,4.6081800814239315,4.7195873887353
New mandate,2025-2026,nssp_flu_proportion,4,states,hub_flusight_current:git,150,3,50,1.194200002690195,4.546976469439304,5.417852681981109
New mandate,2025-2026,nssp_flu_proportion,11,US,delphi_nssp,3,3,1,0.003100000089034438,6.451611146699149,6.451611146699149
New mandate,2025-2026,nssp_flu_proportion,11,US,hub_flusight_current,29,29,1,0.6295000044628978,1.1914216172673673,1.1914216172673673
New mandate,2025-2026,nssp_flu_proportion,11,US,hub_flusight_current:git,3,3,1,0.03039999958127737,0.9868404424750375,0.9868404424750375
New mandate,2025-2026,nssp_flu_proportion,11,states,delphi_nssp,147,3,49,0.12049999982264126,2.572614813524305,3.568466547409543
New mandate,2025-2026,nssp_flu_proportion,11,states,hub_flusight_current,1454,29,51,30.877700069191633,1.4152608250119256,1.6348367582780847
New mandate,2025-2026,nssp_flu_proportion,11,states,hub_flusight_current:git,150,3,50,1.194200002690195,2.193937599667269,3.1652992050941884
New mandate,2025-2026,nssp_rsv_proportion,4,US,hub_rsv_current,43,43,1,0.10569999992731027,8.230841548715286,8.230841548715286
New mandate,2025-2026,nssp_rsv_proportion,4,states,hub_rsv_current,2159,43,51,5.723500004693051,8.723682844083493,9.426050282178716
New mandate,2025-2026,nssp_rsv_proportion,11,US,hub_rsv_current,43,43,1,0.10569999992731027,2.7436133700147955,2.7436133700147955
New mandate,2025-2026,nssp_rsv_proportion,11,states,hub_rsv_current,2159,43,51,5.723500004693051,3.031361817281608,3.8665151784082914
Previous regime,2023-2024,nhsn_flu_admissions,4,US,hub_flusight_current,32,32,1,242331.0,3.2406089192055494,3.474173754080163
Previous regime,2023-2024,nhsn_flu_admissions,4,states,hub_flusight_current,1632,32,51,239896.0,3.2472404708707105,5.442358355287291
Previous regime,2023-2024,nhsn_flu_admissions,11,US,hub_flusight_current,32,32,1,242331.0,2.8733426594203797,3.153950588245004
Previous regime,2023-2024,nhsn_flu_admissions,11,states,hub_flusight_current,1632,32,51,239896.0,2.874995831526995,4.587404541968186
