issuance_date,target,locations,latest,preceding,older_only,latest_pct,preceding_pct,older_only_pct
2023-09-13,nhsn_covid_admissions,51,0.0,0.0,0,0.0,0.0,0.0
2023-09-13,nhsn_flu_admissions,51,0.0,0.0,0,0.0,0.0,0.0
2023-09-13,nhsn_rsv_admissions,51,0.0,0.0,0,0.0,0.0,0.0
2023-09-13,nssp_covid_proportion,51,0.0,0.0,0,0.0,0.0,0.0
2023-09-13,nssp_flu_proportion,51,0.0,0.0,0,0.0,0.0,0.0
2023-09-13,nssp_rsv_proportion,51,0.0,0.0,0,0.0,0.0,0.0
2023-09-20,nhsn_covid_admissions,51,0.0,0.0,0,0.0,0.0,0.0
2023-09-20,nhsn_flu_admissions,51,0.0,0.0,0,0.0,0.0,0.0
2023-09-20,nhsn_rsv_admissions,51,0.0,0.0,0,0.0,0.0,0.0
2023-09-20,nssp_covid_proportion,51,0.0,0.0,0,0.0,0.0,0.0
2023-09-20,nssp_flu_proportion,51,0.0,0.0,0,0.0,0.0,0.0
2023-09-20,nssp_rsv_proportion,51,0.0,0.0,0,0.0,0.0,0.0
2023-09-27,nhsn_covid_admissions,51,0.0,0.0,0,0.0,0.0,0.0
2023-09-27,nhsn_flu_admissions,51,51.0,51.0,0,100.0,100.0,0.0
2023-09-27,nhsn_rsv_admissions,51,0.0,0.0,0,0.0,0.0,0.0
2023-09-27,nssp_covid_proportion,51,0.0,0.0,0,0.0,0.0,0.0
2023-09-27,nssp_flu_proportion,51,0.0,0.0,0,0.0,0.0,0.0
2023-09-27,nssp_rsv_proportion,51,0.0,0.0,0,0.0,0.0,0.0
2023-10-04,nhsn_covid_admissions,51,0.0,0.0,0,0.0,0.0,0.0
2023-10-04,nhsn_flu_admissions,51,51.0,51.0,0,100.0,100.0,0.0
2023-10-04,nhsn_rsv_admissions,51,0.0,0.0,0,0.0,0.0,0.0
2023-10-04,nssp_covid_proportion,51,0.0,0.0,0,0.0,0.0,0.0
2023-10-04,nssp_flu_proportion,51,0.0,0.0,0,0.0,0.0,0.0
2023-10-04,nssp_rsv_proportion,51,0.0,0.0,0,0.0,0.0,0.0
2023-10-11,nhsn_covid_admissions,51,0.0,0.0,0,0.0,0.0,0.0
2023-10-11,nhsn_flu_admissions,51,51.0,51.0,0,100.0,100.0,0.0
2023-10-11,nhsn_rsv_admissions,51,0.0,0.0,0,0.0,0.0,0.0
2023-10-11,nssp_covid_proportion,51,0.0,0.0,0,0.0,0.0,0.0
2023-10-11,nssp_flu_proportion,51,0.0,0.0,0,0.0,0.0,0.0
2023-10-11,nssp_rsv_proportion,51,0.0,0.0,0,0.0,0.0,0.0
2023-10-18,nhsn_covid_admissions,51,0.0,0.0,0,0.0,0.0,0.0
2023-10-18,nhsn_flu_admissions,51,51.0,51.0,0,100.0,100.0,0.0
2023-10-18,nhsn_rsv_admissions,51,0.0,0.0,0,0.0,0.0,0.0
2023-10-18,nssp_covid_proportion,51,0.0,0.0,0,0.0,0.0,0.0
2023-10-18,nssp_flu_proportion,51,0.0,0.0,0,0.0,0.0,0.0
2023-10-18,nssp_rsv_proportion,51,0.0,0.0,0,0.0,0.0,0.0
2023-10-25,nhsn_covid_admissions,51,0.0,0.0,0,0.0,0.0,0.0
2023-10-25,nhsn_flu_admissions,51,51.0,51.0,0,100.0,100.0,0.0
2023-10-25,nhsn_rsv_admissions,51,0.0,0.0,0,0.0,0.0,0.0
2023-10-25,nssp_covid_proportion,51,0.0,0.0,0,0.0,0.0,0.0
2023-10-25,nssp_flu_proportion,51,0.0,0.0,0,0.0,0.0,0.0
2023-10-25,nssp_rsv_proportion,51,0.0,0.0,0,0.0,0.0,0.0
2023-11-01,nhsn_covid_admissions,51,0.0,0.0,0,0.0,0.0,0.0
2023-11-01,nhsn_flu_admissions,51,51.0,51.0,0,100.0,100.0,0.0
2023-11-01,nhsn_rsv_admissions,51,0.0,0.0,0,0.0,0.0,0.0
2023-11-01,nssp_covid_proportion,51,0.0,0.0,0,0.0,0.0,0.0
2023-11-01,nssp_flu_proportion,51,0.0,0.0,0,0.0,0.0,0.0
2023-11-01,nssp_rsv_proportion,51,0.0,0.0,0,0.0,0.0,0.0
2023-11-08,nhsn_covid_admissions,51,0.0,0.0,0,0.0,0.0,0.0
2023-11-08,nhsn_flu_admissions,51,51.0,51.0,0,100.0,100.0,0.0
2023-11-08,nhsn_rsv_admissions,51,0.0,0.0,0,0.0,0.0,0.0
2023-11-08,nssp_covid_proportion,51,0.0,0.0,0,0.0,0.0,0.0
2023-11-08,nssp_flu_proportion,51,0.0,0.0,0,0.0,0.0,0.0
2023-11-08,nssp_rsv_proportion,51,0.0,0.0,0,0.0,0.0,0.0
2023-11-15,nhsn_covid_admissions,51,0.0,0.0,0,0.0,0.0,0.0
2023-11-15,nhsn_flu_admissions,51,51.0,51.0,0,100.0,100.0,0.0
2023-11-15,nhsn_rsv_admissions,51,0.0,0.0,0,0.0,0.0,0.0
2023-11-15,nssp_covid_proportion,51,0.0,0.0,0,0.0,0.0,0.0
2023-11-15,nssp_flu_proportion,51,0.0,0.0,0,0.0,0.0,0.0
2023-11-15,nssp_rsv_proportion,51,0.0,0.0,0,0.0,0.0,0.0
2023-11-22,nhsn_covid_admissions,51,0.0,0.0,0,0.0,0.0,0.0
2023-11-22,nhsn_flu_admissions,51,51.0,51.0,0,100.0,100.0,0.0
2023-11-22,nhsn_rsv_admissions,51,0.0,0.0,0,0.0,0.0,0.0
2023-11-22,nssp_covid_proportion,51,0.0,0.0,0,0.0,0.0,0.0
2023-11-22,nssp_flu_proportion,51,0.0,0.0,0,0.0,0.0,0.0
2023-11-22,nssp_rsv_proportion,51,0.0,0.0,0,0.0,0.0,0.0
2023-11-29,nhsn_covid_admissions,51,0.0,0.0,0,0.0,0.0,0.0
2023-11-29,nhsn_flu_admissions,51,51.0,51.0,0,100.0,100.0,0.0
2023-11-29,nhsn_rsv_admissions,51,0.0,0.0,0,0.0,0.0,0.0
2023-11-29,nssp_covid_proportion,51,0.0,0.0,0,0.0,0.0,0.0
2023-11-29,nssp_flu_proportion,51,0.0,0.0,0,0.0,0.0,0.0
2023-11-29,nssp_rsv_proportion,51,0.0,0.0,0,0.0,0.0,0.0
2023-12-06,nhsn_covid_admissions,51,0.0,0.0,0,0.0,0.0,0.0
2023-12-06,nhsn_flu_admissions,51,51.0,51.0,0,100.0,100.0,0.0
2023-12-06,nhsn_rsv_admissions,51,0.0,0.0,0,0.0,0.0,0.0
2023-12-06,nssp_covid_proportion,51,0.0,0.0,0,0.0,0.0,0.0
2023-12-06,nssp_flu_proportion,51,0.0,0.0,0,0.0,0.0,0.0
2023-12-06,nssp_rsv_proportion,51,0.0,0.0,0,0.0,0.0,0.0
2023-12-13,nhsn_covid_admissions,51,0.0,0.0,0,0.0,0.0,0.0
2023-12-13,nhsn_flu_admissions,51,51.0,51.0,0,100.0,100.0,0.0
2023-12-13,nhsn_rsv_admissions,51,0.0,0.0,0,0.0,0.0,0.0
2023-12-13,nssp_covid_proportion,51,0.0,0.0,0,0.0,0.0,0.0
2023-12-13,nssp_flu_proportion,51,0.0,0.0,0,0.0,0.0,0.0
2023-12-13,nssp_rsv_proportion,51,0.0,0.0,0,0.0,0.0,0.0
2023-12-20,nhsn_covid_admissions,51,0.0,0.0,0,0.0,0.0,0.0
2023-12-20,nhsn_flu_admissions,51,51.0,51.0,0,100.0,100.0,0.0
2023-12-20,nhsn_rsv_admissions,51,0.0,0.0,0,0.0,0.0,0.0
2023-12-20,nssp_covid_proportion,51,0.0,0.0,0,0.0,0.0,0.0
2023-12-20,nssp_flu_proportion,51,0.0,0.0,0,0.0,0.0,0.0
2023-12-20,nssp_rsv_proportion,51,0.0,0.0,0,0.0,0.0,0.0
2023-12-27,nhsn_covid_admissions,51,0.0,0.0,0,0.0,0.0,0.0
2023-12-27,nhsn_flu_admissions,51,51.0,51.0,0,100.0,100.0,0.0
2023-12-27,nhsn_rsv_admissions,51,0.0,0.0,0,0.0,0.0,0.0
2023-12-27,nssp_covid_proportion,51,0.0,0.0,0,0.0,0.0,0.0
2023-12-27,nssp_flu_proportion,51,0.0,0.0,0,0.0,0.0,0.0
2023-12-27,nssp_rsv_proportion,51,0.0,0.0,0,0.0,0.0,0.0
2024-01-03,nhsn_covid_admissions,51,0.0,0.0,0,0.0,0.0,0.0
2024-01-03,nhsn_flu_admissions,51,51.0,51.0,0,100.0,100.0,0.0
2024-01-03,nhsn_rsv_admissions,51,0.0,0.0,0,0.0,0.0,0.0
2024-01-03,nssp_covid_proportion,51,0.0,0.0,0,0.0,0.0,0.0
2024-01-03,nssp_flu_proportion,51,0.0,0.0,0,0.0,0.0,0.0
2024-01-03,nssp_rsv_proportion,51,0.0,0.0,0,0.0,0.0,0.0
2024-01-10,nhsn_covid_admissions,51,0.0,0.0,0,0.0,0.0,0.0
2024-01-10,nhsn_flu_admissions,51,51.0,51.0,0,100.0,100.0,0.0
2024-01-10,nhsn_rsv_admissions,51,0.0,0.0,0,0.0,0.0,0.0
2024-01-10,nssp_covid_proportion,51,0.0,0.0,0,0.0,0.0,0.0
2024-01-10,nssp_flu_proportion,51,0.0,0.0,0,0.0,0.0,0.0
2024-01-10,nssp_rsv_proportion,51,0.0,0.0,0,0.0,0.0,0.0
2024-01-17,nhsn_covid_admissions,51,0.0,0.0,0,0.0,0.0,0.0
2024-01-17,nhsn_flu_admissions,51,51.0,51.0,0,100.0,100.0,0.0
2024-01-17,nhsn_rsv_admissions,51,0.0,0.0,0,0.0,0.0,0.0
2024-01-17,nssp_covid_proportion,51,0.0,0.0,0,0.0,0.0,0.0
2024-01-17,nssp_flu_proportion,51,0.0,0.0,0,0.0,0.0,0.0
2024-01-17,nssp_rsv_proportion,51,0.0,0.0,0,0.0,0.0,0.0
2024-01-24,nhsn_covid_admissions,51,0.0,0.0,0,0.0,0.0,0.0
2024-01-24,nhsn_flu_admissions,51,51.0,51.0,0,100.0,100.0,0.0
2024-01-24,nhsn_rsv_admissions,51,0.0,0.0,0,0.0,0.0,0.0
2024-01-24,nssp_covid_proportion,51,0.0,0.0,0,0.0,0.0,0.0
2024-01-24,nssp_flu_proportion,51,0.0,0.0,0,0.0,0.0,0.0
2024-01-24,nssp_rsv_proportion,51,0.0,0.0,0,0.0,0.0,0.0
2024-01-31,nhsn_covid_admissions,51,0.0,0.0,0,0.0,0.0,0.0
2024-01-31,nhsn_flu_admissions,51,51.0,51.0,0,100.0,100.0,0.0
2024-01-31,nhsn_rsv_admissions,51,0.0,0.0,0,0.0,0.0,0.0
2024-01-31,nssp_covid_proportion,51,0.0,0.0,0,0.0,0.0,0.0
2024-01-31,nssp_flu_proportion,51,0.0,0.0,0,0.0,0.0,0.0
2024-01-31,nssp_rsv_proportion,51,0.0,0.0,0,0.0,0.0,0.0
2024-02-07,nhsn_covid_admissions,51,0.0,0.0,0,0.0,0.0,0.0
2024-02-07,nhsn_flu_admissions,51,51.0,51.0,0,100.0,100.0,0.0
2024-02-07,nhsn_rsv_admissions,51,0.0,0.0,0,0.0,0.0,0.0
2024-02-07,nssp_covid_proportion,51,0.0,0.0,0,0.0,0.0,0.0
2024-02-07,nssp_flu_proportion,51,0.0,0.0,0,0.0,0.0,0.0
2024-02-07,nssp_rsv_proportion,51,0.0,0.0,0,0.0,0.0,0.0
2024-02-14,nhsn_covid_admissions,51,0.0,0.0,0,0.0,0.0,0.0
2024-02-14,nhsn_flu_admissions,51,51.0,51.0,0,100.0,100.0,0.0
2024-02-14,nhsn_rsv_admissions,51,0.0,0.0,0,0.0,0.0,0.0
2024-02-14,nssp_covid_proportion,51,0.0,0.0,0,0.0,0.0,0.0
2024-02-14,nssp_flu_proportion,51,0.0,0.0,0,0.0,0.0,0.0
2024-02-14,nssp_rsv_proportion,51,0.0,0.0,0,0.0,0.0,0.0
2024-02-21,nhsn_covid_admissions,51,0.0,0.0,0,0.0,0.0,0.0
2024-02-21,nhsn_flu_admissions,51,51.0,51.0,0,100.0,100.0,0.0
2024-02-21,nhsn_rsv_admissions,51,0.0,0.0,0,0.0,0.0,0.0
2024-02-21,nssp_covid_proportion,51,0.0,0.0,0,0.0,0.0,0.0
2024-02-21,nssp_flu_proportion,51,0.0,0.0,0,0.0,0.0,0.0
2024-02-21,nssp_rsv_proportion,51,0.0,0.0,0,0.0,0.0,0.0
2024-02-28,nhsn_covid_admissions,51,0.0,0.0,0,0.0,0.0,0.0
2024-02-28,nhsn_flu_admissions,51,51.0,51.0,0,100.0,100.0,0.0
2024-02-28,nhsn_rsv_admissions,51,0.0,0.0,0,0.0,0.0,0.0
2024-02-28,nssp_covid_proportion,51,0.0,0.0,0,0.0,0.0,0.0
2024-02-28,nssp_flu_proportion,51,0.0,0.0,0,0.0,0.0,0.0
2024-02-28,nssp_rsv_proportion,51,0.0,0.0,0,0.0,0.0,0.0
2024-03-06,nhsn_covid_admissions,51,0.0,0.0,0,0.0,0.0,0.0
2024-03-06,nhsn_flu_admissions,51,51.0,51.0,0,100.0,100.0,0.0
2024-03-06,nhsn_rsv_admissions,51,0.0,0.0,0,0.0,0.0,0.0
2024-03-06,nssp_covid_proportion,51,0.0,0.0,0,0.0,0.0,0.0
2024-03-06,nssp_flu_proportion,51,0.0,0.0,0,0.0,0.0,0.0
2024-03-06,nssp_rsv_proportion,51,0.0,0.0,0,0.0,0.0,0.0
2024-03-13,nhsn_covid_admissions,51,0.0,0.0,0,0.0,0.0,0.0
2024-03-13,nhsn_flu_admissions,51,51.0,51.0,0,100.0,100.0,0.0
2024-03-13,nhsn_rsv_admissions,51,0.0,0.0,0,0.0,0.0,0.0
2024-03-13,nssp_covid_proportion,51,0.0,0.0,0,0.0,0.0,0.0
2024-03-13,nssp_flu_proportion,51,0.0,0.0,0,0.0,0.0,0.0
2024-03-13,nssp_rsv_proportion,51,0.0,0.0,0,0.0,0.0,0.0
2024-03-20,nhsn_covid_admissions,51,0.0,0.0,0,0.0,0.0,0.0
2024-03-20,nhsn_flu_admissions,51,51.0,51.0,0,100.0,100.0,0.0
2024-03-20,nhsn_rsv_admissions,51,0.0,0.0,0,0.0,0.0,0.0
2024-03-20,nssp_covid_proportion,51,0.0,0.0,0,0.0,0.0,0.0
2024-03-20,nssp_flu_proportion,51,0.0,0.0,0,0.0,0.0,0.0
2024-03-20,nssp_rsv_proportion,51,0.0,0.0,0,0.0,0.0,0.0
2024-03-27,nhsn_covid_admissions,51,0.0,0.0,0,0.0,0.0,0.0
2024-03-27,nhsn_flu_admissions,51,51.0,51.0,0,100.0,100.0,0.0
2024-03-27,nhsn_rsv_admissions,51,0.0,0.0,0,0.0,0.0,0.0
2024-03-27,nssp_covid_proportion,51,0.0,0.0,0,0.0,0.0,0.0
2024-03-27,nssp_flu_proportion,51,0.0,0.0,0,0.0,0.0,0.0
2024-03-27,nssp_rsv_proportion,51,0.0,0.0,0,0.0,0.0,0.0
2024-04-03,nhsn_covid_admissions,51,0.0,0.0,0,0.0,0.0,0.0
2024-04-03,nhsn_flu_admissions,51,51.0,51.0,0,100.0,100.0,0.0
2024-04-03,nhsn_rsv_admissions,51,0.0,0.0,0,0.0,0.0,0.0
2024-04-03,nssp_covid_proportion,51,0.0,0.0,0,0.0,0.0,0.0
2024-04-03,nssp_flu_proportion,51,0.0,0.0,0,0.0,0.0,0.0
2024-04-03,nssp_rsv_proportion,51,0.0,0.0,0,0.0,0.0,0.0
2024-04-10,nhsn_covid_admissions,51,0.0,0.0,0,0.0,0.0,0.0
2024-04-10,nhsn_flu_admissions,51,51.0,51.0,0,100.0,100.0,0.0
2024-04-10,nhsn_rsv_admissions,51,0.0,0.0,0,0.0,0.0,0.0
2024-04-10,nssp_covid_proportion,51,0.0,0.0,0,0.0,0.0,0.0
2024-04-10,nssp_flu_proportion,51,0.0,0.0,0,0.0,0.0,0.0
2024-04-10,nssp_rsv_proportion,51,0.0,0.0,0,0.0,0.0,0.0
2024-04-17,nhsn_covid_admissions,51,0.0,0.0,0,0.0,0.0,0.0
2024-04-17,nhsn_flu_admissions,51,51.0,51.0,0,100.0,100.0,0.0
2024-04-17,nhsn_rsv_admissions,51,0.0,0.0,0,0.0,0.0,0.0
2024-04-17,nssp_covid_proportion,51,0.0,0.0,0,0.0,0.0,0.0
2024-04-17,nssp_flu_proportion,51,0.0,0.0,0,0.0,0.0,0.0
2024-04-17,nssp_rsv_proportion,51,0.0,0.0,0,0.0,0.0,0.0
2024-04-24,nhsn_covid_admissions,51,0.0,0.0,0,0.0,0.0,0.0
2024-04-24,nhsn_flu_admissions,51,51.0,51.0,0,100.0,100.0,0.0
2024-04-24,nhsn_rsv_admissions,51,0.0,0.0,0,0.0,0.0,0.0
2024-04-24,nssp_covid_proportion,51,0.0,48.0,48,0.0,94.11764705882354,94.11764705882354
2024-04-24,nssp_flu_proportion,51,0.0,48.0,48,0.0,94.11764705882354,94.11764705882354
2024-04-24,nssp_rsv_proportion,51,0.0,48.0,48,0.0,94.11764705882354,94.11764705882354
2024-05-01,nhsn_covid_admissions,51,0.0,0.0,0,0.0,0.0,0.0
2024-05-01,nhsn_flu_admissions,51,51.0,51.0,0,100.0,100.0,0.0
2024-05-01,nhsn_rsv_admissions,51,0.0,0.0,0,0.0,0.0,0.0
2024-05-01,nssp_covid_proportion,51,0.0,48.0,48,0.0,94.11764705882354,94.11764705882354
2024-05-01,nssp_flu_proportion,51,0.0,48.0,48,0.0,94.11764705882354,94.11764705882354
2024-05-01,nssp_rsv_proportion,51,0.0,48.0,48,0.0,94.11764705882354,94.11764705882354
2024-05-08,nhsn_covid_admissions,51,0.0,0.0,0,0.0,0.0,0.0
2024-05-08,nhsn_flu_admissions,51,0.0,51.0,51,0.0,100.0,100.0
2024-05-08,nhsn_rsv_admissions,51,0.0,0.0,0,0.0,0.0,0.0
2024-05-08,nssp_covid_proportion,51,0.0,48.0,48,0.0,94.11764705882354,94.11764705882354
2024-05-08,nssp_flu_proportion,51,0.0,48.0,48,0.0,94.11764705882354,94.11764705882354
2024-05-08,nssp_rsv_proportion,51,0.0,48.0,48,0.0,94.11764705882354,94.11764705882354
2024-05-15,nhsn_covid_admissions,51,0.0,0.0,0,0.0,0.0,0.0
2024-05-15,nhsn_flu_admissions,51,0.0,0.0,0,0.0,0.0,0.0
2024-05-15,nhsn_rsv_admissions,51,0.0,0.0,0,0.0,0.0,0.0
2024-05-15,nssp_covid_proportion,51,0.0,48.0,48,0.0,94.11764705882354,94.11764705882354
2024-05-15,nssp_flu_proportion,51,0.0,48.0,48,0.0,94.11764705882354,94.11764705882354
2024-05-15,nssp_rsv_proportion,51,0.0,48.0,48,0.0,94.11764705882354,94.11764705882354
2024-05-22,nhsn_covid_admissions,51,0.0,0.0,0,0.0,0.0,0.0
2024-05-22,nhsn_flu_admissions,51,0.0,0.0,0,0.0,0.0,0.0
2024-05-22,nhsn_rsv_admissions,51,0.0,0.0,0,0.0,0.0,0.0
2024-05-22,nssp_covid_proportion,51,0.0,48.0,48,0.0,94.11764705882354,94.11764705882354
2024-05-22,nssp_flu_proportion,51,0.0,48.0,48,0.0,94.11764705882354,94.11764705882354
2024-05-22,nssp_rsv_proportion,51,0.0,48.0,48,0.0,94.11764705882354,94.11764705882354
2024-05-29,nhsn_covid_admissions,51,0.0,0.0,0,0.0,0.0,0.0
2024-05-29,nhsn_flu_admissions,51,0.0,0.0,0,0.0,0.0,0.0
2024-05-29,nhsn_rsv_admissions,51,0.0,0.0,0,0.0,0.0,0.0
2024-05-29,nssp_covid_proportion,51,0.0,0.0,0,0.0,0.0,0.0
2024-05-29,nssp_flu_proportion,51,0.0,0.0,0,0.0,0.0,0.0
2024-05-29,nssp_rsv_proportion,51,0.0,0.0,0,0.0,0.0,0.0
2024-06-05,nhsn_covid_admissions,51,0.0,0.0,0,0.0,0.0,0.0
2024-06-05,nhsn_flu_admissions,51,0.0,0.0,0,0.0,0.0,0.0
2024-06-05,nhsn_rsv_admissions,51,0.0,0.0,0,0.0,0.0,0.0
2024-06-05,nssp_covid_proportion,51,0.0,48.0,48,0.0,94.11764705882354,94.11764705882354
2024-06-05,nssp_flu_proportion,51,0.0,48.0,48,0.0,94.11764705882354,94.11764705882354
2024-06-05,nssp_rsv_proportion,51,0.0,48.0,48,0.0,94.11764705882354,94.11764705882354
2024-06-12,nhsn_covid_admissions,51,0.0,0.0,0,0.0,0.0,0.0
2024-06-12,nhsn_flu_admissions,51,0.0,0.0,0,0.0,0.0,0.0
2024-06-12,nhsn_rsv_admissions,51,0.0,0.0,0,0.0,0.0,0.0
2024-06-12,nssp_covid_proportion,51,0.0,48.0,48,0.0,94.11764705882354,94.11764705882354
2024-06-12,nssp_flu_proportion,51,0.0,48.0,48,0.0,94.11764705882354,94.11764705882354
2024-06-12,nssp_rsv_proportion,51,0.0,48.0,48,0.0,94.11764705882354,94.11764705882354
2024-06-19,nhsn_covid_admissions,51,0.0,0.0,0,0.0,0.0,0.0
2024-06-19,nhsn_flu_admissions,51,0.0,0.0,0,0.0,0.0,0.0
2024-06-19,nhsn_rsv_admissions,51,0.0,0.0,0,0.0,0.0,0.0
2024-06-19,nssp_covid_proportion,51,0.0,48.0,48,0.0,94.11764705882354,94.11764705882354
2024-06-19,nssp_flu_proportion,51,0.0,48.0,48,0.0,94.11764705882354,94.11764705882354
2024-06-19,nssp_rsv_proportion,51,0.0,48.0,48,0.0,94.11764705882354,94.11764705882354
2024-06-26,nhsn_covid_admissions,51,0.0,0.0,0,0.0,0.0,0.0
2024-06-26,nhsn_flu_admissions,51,0.0,0.0,0,0.0,0.0,0.0
2024-06-26,nhsn_rsv_admissions,51,0.0,0.0,0,0.0,0.0,0.0
2024-06-26,nssp_covid_proportion,51,0.0,48.0,48,0.0,94.11764705882354,94.11764705882354
2024-06-26,nssp_flu_proportion,51,0.0,48.0,48,0.0,94.11764705882354,94.11764705882354
2024-06-26,nssp_rsv_proportion,51,0.0,47.0,47,0.0,92.15686274509804,92.15686274509804
2024-07-03,nhsn_covid_admissions,51,0.0,0.0,0,0.0,0.0,0.0
2024-07-03,nhsn_flu_admissions,51,0.0,0.0,0,0.0,0.0,0.0
2024-07-03,nhsn_rsv_admissions,51,0.0,0.0,0,0.0,0.0,0.0
2024-07-03,nssp_covid_proportion,51,0.0,48.0,48,0.0,94.11764705882354,94.11764705882354
2024-07-03,nssp_flu_proportion,51,0.0,48.0,48,0.0,94.11764705882354,94.11764705882354
2024-07-03,nssp_rsv_proportion,51,0.0,47.0,47,0.0,92.15686274509804,92.15686274509804
2024-07-10,nhsn_covid_admissions,51,0.0,0.0,0,0.0,0.0,0.0
2024-07-10,nhsn_flu_admissions,51,0.0,0.0,0,0.0,0.0,0.0
2024-07-10,nhsn_rsv_admissions,51,0.0,0.0,0,0.0,0.0,0.0
2024-07-10,nssp_covid_proportion,51,0.0,0.0,0,0.0,0.0,0.0
2024-07-10,nssp_flu_proportion,51,0.0,0.0,0,0.0,0.0,0.0
2024-07-10,nssp_rsv_proportion,51,0.0,0.0,0,0.0,0.0,0.0
2024-07-17,nhsn_covid_admissions,51,0.0,0.0,0,0.0,0.0,0.0
2024-07-17,nhsn_flu_admissions,51,0.0,0.0,0,0.0,0.0,0.0
2024-07-17,nhsn_rsv_admissions,51,0.0,0.0,0,0.0,0.0,0.0
2024-07-17,nssp_covid_proportion,51,0.0,0.0,0,0.0,0.0,0.0
2024-07-17,nssp_flu_proportion,51,0.0,0.0,0,0.0,0.0,0.0
2024-07-17,nssp_rsv_proportion,51,0.0,0.0,0,0.0,0.0,0.0
2024-07-24,nhsn_covid_admissions,51,0.0,0.0,0,0.0,0.0,0.0
2024-07-24,nhsn_flu_admissions,51,0.0,0.0,0,0.0,0.0,0.0
2024-07-24,nhsn_rsv_admissions,51,0.0,0.0,0,0.0,0.0,0.0
2024-07-24,nssp_covid_proportion,51,0.0,0.0,0,0.0,0.0,0.0
2024-07-24,nssp_flu_proportion,51,0.0,0.0,0,0.0,0.0,0.0
2024-07-24,nssp_rsv_proportion,51,0.0,0.0,0,0.0,0.0,0.0
2024-07-31,nhsn_covid_admissions,51,0.0,0.0,0,0.0,0.0,0.0
2024-07-31,nhsn_flu_admissions,51,0.0,0.0,0,0.0,0.0,0.0
2024-07-31,nhsn_rsv_admissions,51,0.0,0.0,0,0.0,0.0,0.0
2024-07-31,nssp_covid_proportion,51,0.0,47.0,47,0.0,92.15686274509804,92.15686274509804
2024-07-31,nssp_flu_proportion,51,0.0,47.0,47,0.0,92.15686274509804,92.15686274509804
2024-07-31,nssp_rsv_proportion,51,0.0,47.0,47,0.0,92.15686274509804,92.15686274509804
2024-08-07,nhsn_covid_admissions,51,0.0,0.0,0,0.0,0.0,0.0
2024-08-07,nhsn_flu_admissions,51,0.0,0.0,0,0.0,0.0,0.0
2024-08-07,nhsn_rsv_admissions,51,0.0,0.0,0,0.0,0.0,0.0
2024-08-07,nssp_covid_proportion,51,0.0,47.0,47,0.0,92.15686274509804,92.15686274509804
2024-08-07,nssp_flu_proportion,51,0.0,47.0,47,0.0,92.15686274509804,92.15686274509804
2024-08-07,nssp_rsv_proportion,51,0.0,47.0,47,0.0,92.15686274509804,92.15686274509804
2024-08-14,nhsn_covid_admissions,51,0.0,0.0,0,0.0,0.0,0.0
2024-08-14,nhsn_flu_admissions,51,0.0,0.0,0,0.0,0.0,0.0
2024-08-14,nhsn_rsv_admissions,51,0.0,0.0,0,0.0,0.0,0.0
2024-08-14,nssp_covid_proportion,51,0.0,47.0,47,0.0,92.15686274509804,92.15686274509804
2024-08-14,nssp_flu_proportion,51,0.0,47.0,47,0.0,92.15686274509804,92.15686274509804
2024-08-14,nssp_rsv_proportion,51,0.0,47.0,47,0.0,92.15686274509804,92.15686274509804
2024-08-21,nhsn_covid_admissions,51,0.0,0.0,0,0.0,0.0,0.0
2024-08-21,nhsn_flu_admissions,51,0.0,0.0,0,0.0,0.0,0.0
2024-08-21,nhsn_rsv_admissions,51,0.0,0.0,0,0.0,0.0,0.0
2024-08-21,nssp_covid_proportion,51,0.0,0.0,0,0.0,0.0,0.0
2024-08-21,nssp_flu_proportion,51,0.0,0.0,0,0.0,0.0,0.0
2024-08-21,nssp_rsv_proportion,51,0.0,0.0,0,0.0,0.0,0.0
2024-08-28,nhsn_covid_admissions,51,0.0,0.0,0,0.0,0.0,0.0
2024-08-28,nhsn_flu_admissions,51,0.0,0.0,0,0.0,0.0,0.0
2024-08-28,nhsn_rsv_admissions,51,0.0,0.0,0,0.0,0.0,0.0
2024-08-28,nssp_covid_proportion,51,0.0,0.0,0,0.0,0.0,0.0
2024-08-28,nssp_flu_proportion,51,0.0,0.0,0,0.0,0.0,0.0
2024-08-28,nssp_rsv_proportion,51,0.0,0.0,0,0.0,0.0,0.0
2024-09-04,nhsn_covid_admissions,51,0.0,0.0,0,0.0,0.0,0.0
2024-09-04,nhsn_flu_admissions,51,0.0,0.0,0,0.0,0.0,0.0
2024-09-04,nhsn_rsv_admissions,51,0.0,0.0,0,0.0,0.0,0.0
2024-09-04,nssp_covid_proportion,51,0.0,47.0,47,0.0,92.15686274509804,92.15686274509804
2024-09-04,nssp_flu_proportion,51,0.0,47.0,47,0.0,92.15686274509804,92.15686274509804
2024-09-04,nssp_rsv_proportion,51,0.0,47.0,47,0.0,92.15686274509804,92.15686274509804
2024-09-11,nhsn_covid_admissions,51,0.0,0.0,0,0.0,0.0,0.0
2024-09-11,nhsn_flu_admissions,51,0.0,0.0,0,0.0,0.0,0.0
2024-09-11,nhsn_rsv_admissions,51,0.0,0.0,0,0.0,0.0,0.0
2024-09-11,nssp_covid_proportion,51,0.0,47.0,47,0.0,92.15686274509804,92.15686274509804
2024-09-11,nssp_flu_proportion,51,0.0,47.0,47,0.0,92.15686274509804,92.15686274509804
2024-09-11,nssp_rsv_proportion,51,0.0,47.0,47,0.0,92.15686274509804,92.15686274509804
2024-09-18,nhsn_covid_admissions,51,0.0,0.0,0,0.0,0.0,0.0
2024-09-18,nhsn_flu_admissions,51,0.0,0.0,0,0.0,0.0,0.0
2024-09-18,nhsn_rsv_admissions,51,0.0,0.0,0,0.0,0.0,0.0
2024-09-18,nssp_covid_proportion,51,0.0,0.0,0,0.0,0.0,0.0
2024-09-18,nssp_flu_proportion,51,0.0,0.0,0,0.0,0.0,0.0
2024-09-18,nssp_rsv_proportion,51,0.0,0.0,0,0.0,0.0,0.0
2024-09-25,nhsn_covid_admissions,51,0.0,0.0,0,0.0,0.0,0.0
2024-09-25,nhsn_flu_admissions,51,0.0,0.0,0,0.0,0.0,0.0
2024-09-25,nhsn_rsv_admissions,51,0.0,0.0,0,0.0,0.0,0.0
2024-09-25,nssp_covid_proportion,51,0.0,0.0,0,0.0,0.0,0.0
2024-09-25,nssp_flu_proportion,51,0.0,0.0,0,0.0,0.0,0.0
2024-09-25,nssp_rsv_proportion,51,0.0,0.0,0,0.0,0.0,0.0
2024-10-02,nhsn_covid_admissions,51,0.0,0.0,0,0.0,0.0,0.0
2024-10-02,nhsn_flu_admissions,51,0.0,0.0,0,0.0,0.0,0.0
2024-10-02,nhsn_rsv_admissions,51,0.0,0.0,0,0.0,0.0,0.0
2024-10-02,nssp_covid_proportion,51,0.0,47.0,47,0.0,92.15686274509804,92.15686274509804
2024-10-02,nssp_flu_proportion,51,0.0,47.0,47,0.0,92.15686274509804,92.15686274509804
2024-10-02,nssp_rsv_proportion,51,0.0,47.0,47,0.0,92.15686274509804,92.15686274509804
2024-10-09,nhsn_covid_admissions,51,0.0,0.0,0,0.0,0.0,0.0
2024-10-09,nhsn_flu_admissions,51,0.0,0.0,0,0.0,0.0,0.0
2024-10-09,nhsn_rsv_admissions,51,0.0,0.0,0,0.0,0.0,0.0
2024-10-09,nssp_covid_proportion,51,0.0,47.0,47,0.0,92.15686274509804,92.15686274509804
2024-10-09,nssp_flu_proportion,51,0.0,47.0,47,0.0,92.15686274509804,92.15686274509804
2024-10-09,nssp_rsv_proportion,51,0.0,47.0,47,0.0,92.15686274509804,92.15686274509804
2024-10-16,nhsn_covid_admissions,51,0.0,0.0,0,0.0,0.0,0.0
2024-10-16,nhsn_flu_admissions,51,0.0,0.0,0,0.0,0.0,0.0
2024-10-16,nhsn_rsv_admissions,51,0.0,0.0,0,0.0,0.0,0.0
2024-10-16,nssp_covid_proportion,51,0.0,0.0,0,0.0,0.0,0.0
2024-10-16,nssp_flu_proportion,51,0.0,0.0,0,0.0,0.0,0.0
2024-10-16,nssp_rsv_proportion,51,0.0,0.0,0,0.0,0.0,0.0
2024-10-23,nhsn_covid_admissions,51,0.0,0.0,0,0.0,0.0,0.0
2024-10-23,nhsn_flu_admissions,51,0.0,0.0,0,0.0,0.0,0.0
2024-10-23,nhsn_rsv_admissions,51,0.0,0.0,0,0.0,0.0,0.0
2024-10-23,nssp_covid_proportion,51,0.0,0.0,0,0.0,0.0,0.0
2024-10-23,nssp_flu_proportion,51,0.0,0.0,0,0.0,0.0,0.0
2024-10-23,nssp_rsv_proportion,51,0.0,0.0,0,0.0,0.0,0.0
2024-10-30,nhsn_covid_admissions,51,0.0,0.0,0,0.0,0.0,0.0
2024-10-30,nhsn_flu_admissions,51,0.0,0.0,0,0.0,0.0,0.0
2024-10-30,nhsn_rsv_admissions,51,0.0,0.0,0,0.0,0.0,0.0
2024-10-30,nssp_covid_proportion,51,0.0,0.0,0,0.0,0.0,0.0
2024-10-30,nssp_flu_proportion,51,0.0,0.0,0,0.0,0.0,0.0
2024-10-30,nssp_rsv_proportion,51,0.0,0.0,0,0.0,0.0,0.0
2024-11-06,nhsn_covid_admissions,51,0.0,0.0,0,0.0,0.0,0.0
2024-11-06,nhsn_flu_admissions,51,0.0,0.0,0,0.0,0.0,0.0
2024-11-06,nhsn_rsv_admissions,51,0.0,0.0,0,0.0,0.0,0.0
2024-11-06,nssp_covid_proportion,51,0.0,0.0,0,0.0,0.0,0.0
2024-11-06,nssp_flu_proportion,51,0.0,0.0,0,0.0,0.0,0.0
2024-11-06,nssp_rsv_proportion,51,0.0,0.0,0,0.0,0.0,0.0
2024-11-13,nhsn_covid_admissions,51,0.0,0.0,0,0.0,0.0,0.0
2024-11-13,nhsn_flu_admissions,51,0.0,0.0,0,0.0,0.0,0.0
2024-11-13,nhsn_rsv_admissions,51,0.0,0.0,0,0.0,0.0,0.0
2024-11-13,nssp_covid_proportion,51,0.0,48.0,48,0.0,94.11764705882354,94.11764705882354
2024-11-13,nssp_flu_proportion,51,0.0,48.0,48,0.0,94.11764705882354,94.11764705882354
2024-11-13,nssp_rsv_proportion,51,0.0,48.0,48,0.0,94.11764705882354,94.11764705882354
2024-11-20,nhsn_covid_admissions,51,51.0,51.0,0,100.0,100.0,0.0
2024-11-20,nhsn_flu_admissions,51,51.0,51.0,0,100.0,100.0,0.0
2024-11-20,nhsn_rsv_admissions,51,0.0,0.0,0,0.0,0.0,0.0
2024-11-20,nssp_covid_proportion,51,0.0,0.0,0,0.0,0.0,0.0
2024-11-20,nssp_flu_proportion,51,0.0,0.0,0,0.0,0.0,0.0
2024-11-20,nssp_rsv_proportion,51,0.0,0.0,0,0.0,0.0,0.0
2024-11-27,nhsn_covid_admissions,51,51.0,51.0,0,100.0,100.0,0.0
2024-11-27,nhsn_flu_admissions,51,51.0,51.0,0,100.0,100.0,0.0
2024-11-27,nhsn_rsv_admissions,51,51.0,51.0,0,100.0,100.0,0.0
2024-11-27,nssp_covid_proportion,51,0.0,48.0,48,0.0,94.11764705882354,94.11764705882354
2024-11-27,nssp_flu_proportion,51,0.0,48.0,48,0.0,94.11764705882354,94.11764705882354
2024-11-27,nssp_rsv_proportion,51,0.0,48.0,48,0.0,94.11764705882354,94.11764705882354
2024-12-04,nhsn_covid_admissions,51,51.0,51.0,0,100.0,100.0,0.0
2024-12-04,nhsn_flu_admissions,51,51.0,51.0,0,100.0,100.0,0.0
2024-12-04,nhsn_rsv_admissions,51,51.0,51.0,0,100.0,100.0,0.0
2024-12-04,nssp_covid_proportion,51,0.0,48.0,48,0.0,94.11764705882354,94.11764705882354
2024-12-04,nssp_flu_proportion,51,0.0,48.0,48,0.0,94.11764705882354,94.11764705882354
2024-12-04,nssp_rsv_proportion,51,0.0,48.0,48,0.0,94.11764705882354,94.11764705882354
2024-12-11,nhsn_covid_admissions,51,51.0,51.0,0,100.0,100.0,0.0
2024-12-11,nhsn_flu_admissions,51,51.0,51.0,0,100.0,100.0,0.0
2024-12-11,nhsn_rsv_admissions,51,51.0,51.0,0,100.0,100.0,0.0
2024-12-11,nssp_covid_proportion,51,0.0,48.0,48,0.0,94.11764705882354,94.11764705882354
2024-12-11,nssp_flu_proportion,51,0.0,48.0,48,0.0,94.11764705882354,94.11764705882354
2024-12-11,nssp_rsv_proportion,51,0.0,48.0,48,0.0,94.11764705882354,94.11764705882354
2024-12-18,nhsn_covid_admissions,51,51.0,51.0,0,100.0,100.0,0.0
2024-12-18,nhsn_flu_admissions,51,51.0,51.0,0,100.0,100.0,0.0
2024-12-18,nhsn_rsv_admissions,51,51.0,51.0,0,100.0,100.0,0.0
2024-12-18,nssp_covid_proportion,51,0.0,48.0,48,0.0,94.11764705882354,94.11764705882354
2024-12-18,nssp_flu_proportion,51,0.0,48.0,48,0.0,94.11764705882354,94.11764705882354
2024-12-18,nssp_rsv_proportion,51,0.0,48.0,48,0.0,94.11764705882354,94.11764705882354
2024-12-25,nhsn_covid_admissions,51,0.0,51.0,51,0.0,100.0,100.0
2024-12-25,nhsn_flu_admissions,51,51.0,51.0,0,100.0,100.0,0.0
2024-12-25,nhsn_rsv_admissions,51,0.0,51.0,51,0.0,100.0,100.0
2024-12-25,nssp_covid_proportion,51,0.0,49.0,49,0.0,96.07843137254902,96.07843137254902
2024-12-25,nssp_flu_proportion,51,0.0,49.0,49,0.0,96.07843137254902,96.07843137254902
2024-12-25,nssp_rsv_proportion,51,0.0,49.0,49,0.0,96.07843137254902,96.07843137254902
2025-01-01,nhsn_covid_admissions,51,0.0,51.0,51,0.0,100.0,100.0
2025-01-01,nhsn_flu_admissions,51,51.0,51.0,0,100.0,100.0,0.0
2025-01-01,nhsn_rsv_admissions,51,0.0,51.0,51,0.0,100.0,100.0
2025-01-01,nssp_covid_proportion,51,0.0,49.0,49,0.0,96.07843137254902,96.07843137254902
2025-01-01,nssp_flu_proportion,51,0.0,49.0,49,0.0,96.07843137254902,96.07843137254902
2025-01-01,nssp_rsv_proportion,51,0.0,49.0,49,0.0,96.07843137254902,96.07843137254902
2025-01-08,nhsn_covid_admissions,51,51.0,51.0,0,100.0,100.0,0.0
2025-01-08,nhsn_flu_admissions,51,51.0,51.0,0,100.0,100.0,0.0
2025-01-08,nhsn_rsv_admissions,51,51.0,51.0,0,100.0,100.0,0.0
2025-01-08,nssp_covid_proportion,51,0.0,49.0,49,0.0,96.07843137254902,96.07843137254902
2025-01-08,nssp_flu_proportion,51,0.0,49.0,49,0.0,96.07843137254902,96.07843137254902
2025-01-08,nssp_rsv_proportion,51,0.0,49.0,49,0.0,96.07843137254902,96.07843137254902
2025-01-15,nhsn_covid_admissions,51,51.0,51.0,0,100.0,100.0,0.0
2025-01-15,nhsn_flu_admissions,51,51.0,51.0,0,100.0,100.0,0.0
2025-01-15,nhsn_rsv_admissions,51,51.0,51.0,0,100.0,100.0,0.0
2025-01-15,nssp_covid_proportion,51,0.0,49.0,49,0.0,96.07843137254902,96.07843137254902
2025-01-15,nssp_flu_proportion,51,0.0,49.0,49,0.0,96.07843137254902,96.07843137254902
2025-01-15,nssp_rsv_proportion,51,0.0,49.0,49,0.0,96.07843137254902,96.07843137254902
2025-01-22,nhsn_covid_admissions,51,0.0,51.0,51,0.0,100.0,100.0
2025-01-22,nhsn_flu_admissions,51,0.0,51.0,51,0.0,100.0,100.0
2025-01-22,nhsn_rsv_admissions,51,0.0,51.0,51,0.0,100.0,100.0
2025-01-22,nssp_covid_proportion,51,0.0,49.0,49,0.0,96.07843137254902,96.07843137254902
2025-01-22,nssp_flu_proportion,51,0.0,49.0,49,0.0,96.07843137254902,96.07843137254902
2025-01-22,nssp_rsv_proportion,51,0.0,49.0,49,0.0,96.07843137254902,96.07843137254902
2025-01-29,nhsn_covid_admissions,51,51.0,51.0,0,100.0,100.0,0.0
2025-01-29,nhsn_flu_admissions,51,51.0,51.0,0,100.0,100.0,0.0
2025-01-29,nhsn_rsv_admissions,51,51.0,51.0,0,100.0,100.0,0.0
2025-01-29,nssp_covid_proportion,51,0.0,49.0,49,0.0,96.07843137254902,96.07843137254902
2025-01-29,nssp_flu_proportion,51,0.0,49.0,49,0.0,96.07843137254902,96.07843137254902
2025-01-29,nssp_rsv_proportion,51,0.0,49.0,49,0.0,96.07843137254902,96.07843137254902
2025-02-05,nhsn_covid_admissions,51,51.0,51.0,0,100.0,100.0,0.0
2025-02-05,nhsn_flu_admissions,51,51.0,51.0,0,100.0,100.0,0.0
2025-02-05,nhsn_rsv_admissions,51,51.0,51.0,0,100.0,100.0,0.0
2025-02-05,nssp_covid_proportion,51,0.0,49.0,49,0.0,96.07843137254902,96.07843137254902
2025-02-05,nssp_flu_proportion,51,0.0,49.0,49,0.0,96.07843137254902,96.07843137254902
2025-02-05,nssp_rsv_proportion,51,0.0,49.0,49,0.0,96.07843137254902,96.07843137254902
2025-02-12,nhsn_covid_admissions,51,51.0,51.0,0,100.0,100.0,0.0
2025-02-12,nhsn_flu_admissions,51,51.0,51.0,0,100.0,100.0,0.0
2025-02-12,nhsn_rsv_admissions,51,51.0,51.0,0,100.0,100.0,0.0
2025-02-12,nssp_covid_proportion,51,0.0,49.0,49,0.0,96.07843137254902,96.07843137254902
2025-02-12,nssp_flu_proportion,51,0.0,49.0,49,0.0,96.07843137254902,96.07843137254902
2025-02-12,nssp_rsv_proportion,51,0.0,49.0,49,0.0,96.07843137254902,96.07843137254902
2025-02-19,nhsn_covid_admissions,51,51.0,51.0,0,100.0,100.0,0.0
2025-02-19,nhsn_flu_admissions,51,51.0,51.0,0,100.0,100.0,0.0
2025-02-19,nhsn_rsv_admissions,51,51.0,51.0,0,100.0,100.0,0.0
2025-02-19,nssp_covid_proportion,51,0.0,49.0,49,0.0,96.07843137254902,96.07843137254902
2025-02-19,nssp_flu_proportion,51,0.0,49.0,49,0.0,96.07843137254902,96.07843137254902
2025-02-19,nssp_rsv_proportion,51,0.0,49.0,49,0.0,96.07843137254902,96.07843137254902
2025-02-26,nhsn_covid_admissions,51,51.0,51.0,0,100.0,100.0,0.0
2025-02-26,nhsn_flu_admissions,51,51.0,51.0,0,100.0,100.0,0.0
2025-02-26,nhsn_rsv_admissions,51,51.0,51.0,0,100.0,100.0,0.0
2025-02-26,nssp_covid_proportion,51,0.0,49.0,49,0.0,96.07843137254902,96.07843137254902
2025-02-26,nssp_flu_proportion,51,0.0,49.0,49,0.0,96.07843137254902,96.07843137254902
2025-02-26,nssp_rsv_proportion,51,0.0,49.0,49,0.0,96.07843137254902,96.07843137254902
2025-03-05,nhsn_covid_admissions,51,51.0,51.0,0,100.0,100.0,0.0
2025-03-05,nhsn_flu_admissions,51,51.0,51.0,0,100.0,100.0,0.0
2025-03-05,nhsn_rsv_admissions,51,51.0,51.0,0,100.0,100.0,0.0
2025-03-05,nssp_covid_proportion,51,0.0,49.0,49,0.0,96.07843137254902,96.07843137254902
2025-03-05,nssp_flu_proportion,51,0.0,49.0,49,0.0,96.07843137254902,96.07843137254902
2025-03-05,nssp_rsv_proportion,51,0.0,49.0,49,0.0,96.07843137254902,96.07843137254902
2025-03-12,nhsn_covid_admissions,51,51.0,51.0,0,100.0,100.0,0.0
2025-03-12,nhsn_flu_admissions,51,51.0,51.0,0,100.0,100.0,0.0
2025-03-12,nhsn_rsv_admissions,51,51.0,51.0,0,100.0,100.0,0.0
2025-03-12,nssp_covid_proportion,51,0.0,49.0,49,0.0,96.07843137254902,96.07843137254902
2025-03-12,nssp_flu_proportion,51,0.0,49.0,49,0.0,96.07843137254902,96.07843137254902
2025-03-12,nssp_rsv_proportion,51,0.0,49.0,49,0.0,96.07843137254902,96.07843137254902
2025-03-19,nhsn_covid_admissions,51,51.0,51.0,0,100.0,100.0,0.0
2025-03-19,nhsn_flu_admissions,51,51.0,51.0,0,100.0,100.0,0.0
2025-03-19,nhsn_rsv_admissions,51,51.0,51.0,0,100.0,100.0,0.0
2025-03-19,nssp_covid_proportion,51,0.0,49.0,49,0.0,96.07843137254902,96.07843137254902
2025-03-19,nssp_flu_proportion,51,0.0,49.0,49,0.0,96.07843137254902,96.07843137254902
2025-03-19,nssp_rsv_proportion,51,0.0,49.0,49,0.0,96.07843137254902,96.07843137254902
2025-03-26,nhsn_covid_admissions,51,51.0,51.0,0,100.0,100.0,0.0
2025-03-26,nhsn_flu_admissions,51,51.0,51.0,0,100.0,100.0,0.0
2025-03-26,nhsn_rsv_admissions,51,51.0,51.0,0,100.0,100.0,0.0
2025-03-26,nssp_covid_proportion,51,0.0,49.0,49,0.0,96.07843137254902,96.07843137254902
2025-03-26,nssp_flu_proportion,51,0.0,49.0,49,0.0,96.07843137254902,96.07843137254902
2025-03-26,nssp_rsv_proportion,51,0.0,49.0,49,0.0,96.07843137254902,96.07843137254902
2025-04-02,nhsn_covid_admissions,51,51.0,51.0,0,100.0,100.0,0.0
2025-04-02,nhsn_flu_admissions,51,51.0,51.0,0,100.0,100.0,0.0
2025-04-02,nhsn_rsv_admissions,51,51.0,51.0,0,100.0,100.0,0.0
2025-04-02,nssp_covid_proportion,51,0.0,49.0,49,0.0,96.07843137254902,96.07843137254902
2025-04-02,nssp_flu_proportion,51,0.0,49.0,49,0.0,96.07843137254902,96.07843137254902
2025-04-02,nssp_rsv_proportion,51,0.0,49.0,49,0.0,96.07843137254902,96.07843137254902
2025-04-09,nhsn_covid_admissions,51,51.0,51.0,0,100.0,100.0,0.0
2025-04-09,nhsn_flu_admissions,51,51.0,51.0,0,100.0,100.0,0.0
2025-04-09,nhsn_rsv_admissions,51,51.0,51.0,0,100.0,100.0,0.0
2025-04-09,nssp_covid_proportion,51,0.0,49.0,49,0.0,96.07843137254902,96.07843137254902
2025-04-09,nssp_flu_proportion,51,0.0,49.0,49,0.0,96.07843137254902,96.07843137254902
2025-04-09,nssp_rsv_proportion,51,0.0,49.0,49,0.0,96.07843137254902,96.07843137254902
2025-04-16,nhsn_covid_admissions,51,51.0,51.0,0,100.0,100.0,0.0
2025-04-16,nhsn_flu_admissions,51,51.0,51.0,0,100.0,100.0,0.0
2025-04-16,nhsn_rsv_admissions,51,51.0,51.0,0,100.0,100.0,0.0
2025-04-16,nssp_covid_proportion,51,0.0,49.0,49,0.0,96.07843137254902,96.07843137254902
2025-04-16,nssp_flu_proportion,51,0.0,49.0,49,0.0,96.07843137254902,96.07843137254902
2025-04-16,nssp_rsv_proportion,51,0.0,49.0,49,0.0,96.07843137254902,96.07843137254902
2025-04-23,nhsn_covid_admissions,51,51.0,51.0,0,100.0,100.0,0.0
2025-04-23,nhsn_flu_admissions,51,51.0,51.0,0,100.0,100.0,0.0
2025-04-23,nhsn_rsv_admissions,51,51.0,51.0,0,100.0,100.0,0.0
2025-04-23,nssp_covid_proportion,51,0.0,49.0,49,0.0,96.07843137254902,96.07843137254902
2025-04-23,nssp_flu_proportion,51,0.0,49.0,49,0.0,96.07843137254902,96.07843137254902
2025-04-23,nssp_rsv_proportion,51,0.0,49.0,49,0.0,96.07843137254902,96.07843137254902
2025-04-30,nhsn_covid_admissions,51,51.0,51.0,0,100.0,100.0,0.0
2025-04-30,nhsn_flu_admissions,51,51.0,51.0,0,100.0,100.0,0.0
2025-04-30,nhsn_rsv_admissions,51,51.0,51.0,0,100.0,100.0,0.0
2025-04-30,nssp_covid_proportion,51,0.0,49.0,49,0.0,96.07843137254902,96.07843137254902
2025-04-30,nssp_flu_proportion,51,0.0,49.0,49,0.0,96.07843137254902,96.07843137254902
2025-04-30,nssp_rsv_proportion,51,0.0,49.0,49,0.0,96.07843137254902,96.07843137254902
2025-05-07,nhsn_covid_admissions,51,51.0,51.0,0,100.0,100.0,0.0
2025-05-07,nhsn_flu_admissions,51,51.0,51.0,0,100.0,100.0,0.0
2025-05-07,nhsn_rsv_admissions,51,51.0,51.0,0,100.0,100.0,0.0
2025-05-07,nssp_covid_proportion,51,0.0,49.0,49,0.0,96.07843137254902,96.07843137254902
2025-05-07,nssp_flu_proportion,51,0.0,49.0,49,0.0,96.07843137254902,96.07843137254902
2025-05-07,nssp_rsv_proportion,51,0.0,49.0,49,0.0,96.07843137254902,96.07843137254902
2025-05-14,nhsn_covid_admissions,51,51.0,51.0,0,100.0,100.0,0.0
2025-05-14,nhsn_flu_admissions,51,51.0,51.0,0,100.0,100.0,0.0
2025-05-14,nhsn_rsv_admissions,51,51.0,51.0,0,100.0,100.0,0.0
2025-05-14,nssp_covid_proportion,51,0.0,49.0,49,0.0,96.07843137254902,96.07843137254902
2025-05-14,nssp_flu_proportion,51,0.0,49.0,49,0.0,96.07843137254902,96.07843137254902
2025-05-14,nssp_rsv_proportion,51,0.0,49.0,49,0.0,96.07843137254902,96.07843137254902
2025-05-21,nhsn_covid_admissions,51,51.0,51.0,0,100.0,100.0,0.0
2025-05-21,nhsn_flu_admissions,51,51.0,51.0,0,100.0,100.0,0.0
2025-05-21,nhsn_rsv_admissions,51,51.0,51.0,0,100.0,100.0,0.0
2025-05-21,nssp_covid_proportion,51,0.0,49.0,49,0.0,96.07843137254902,96.07843137254902
2025-05-21,nssp_flu_proportion,51,0.0,49.0,49,0.0,96.07843137254902,96.07843137254902
2025-05-21,nssp_rsv_proportion,51,0.0,49.0,49,0.0,96.07843137254902,96.07843137254902
2025-05-28,nhsn_covid_admissions,51,51.0,51.0,0,100.0,100.0,0.0
2025-05-28,nhsn_flu_admissions,51,51.0,51.0,0,100.0,100.0,0.0
2025-05-28,nhsn_rsv_admissions,51,51.0,51.0,0,100.0,100.0,0.0
2025-05-28,nssp_covid_proportion,51,0.0,49.0,49,0.0,96.07843137254902,96.07843137254902
2025-05-28,nssp_flu_proportion,51,0.0,49.0,49,0.0,96.07843137254902,96.07843137254902
2025-05-28,nssp_rsv_proportion,51,0.0,49.0,49,0.0,96.07843137254902,96.07843137254902
2025-06-04,nhsn_covid_admissions,51,51.0,51.0,0,100.0,100.0,0.0
2025-06-04,nhsn_flu_admissions,51,51.0,51.0,0,100.0,100.0,0.0
2025-06-04,nhsn_rsv_admissions,51,51.0,51.0,0,100.0,100.0,0.0
2025-06-04,nssp_covid_proportion,51,0.0,49.0,49,0.0,96.07843137254902,96.07843137254902
2025-06-04,nssp_flu_proportion,51,0.0,49.0,49,0.0,96.07843137254902,96.07843137254902
2025-06-04,nssp_rsv_proportion,51,0.0,49.0,49,0.0,96.07843137254902,96.07843137254902
2025-06-11,nhsn_covid_admissions,51,51.0,51.0,0,100.0,100.0,0.0
2025-06-11,nhsn_flu_admissions,51,51.0,51.0,0,100.0,100.0,0.0
2025-06-11,nhsn_rsv_admissions,51,51.0,51.0,0,100.0,100.0,0.0
2025-06-11,nssp_covid_proportion,51,0.0,49.0,49,0.0,96.07843137254902,96.07843137254902
2025-06-11,nssp_flu_proportion,51,0.0,49.0,49,0.0,96.07843137254902,96.07843137254902
2025-06-11,nssp_rsv_proportion,51,0.0,49.0,49,0.0,96.07843137254902,96.07843137254902
2025-06-18,nhsn_covid_admissions,51,51.0,51.0,0,100.0,100.0,0.0
2025-06-18,nhsn_flu_admissions,51,51.0,51.0,0,100.0,100.0,0.0
2025-06-18,nhsn_rsv_admissions,51,51.0,51.0,0,100.0,100.0,0.0
2025-06-18,nssp_covid_proportion,51,50.0,50.0,0,98.03921568627452,98.03921568627452,0.0
2025-06-18,nssp_flu_proportion,51,49.0,49.0,0,96.07843137254902,96.07843137254902,0.0
2025-06-18,nssp_rsv_proportion,51,50.0,50.0,0,98.03921568627452,98.03921568627452,0.0
2025-06-25,nhsn_covid_admissions,51,51.0,51.0,0,100.0,100.0,0.0
2025-06-25,nhsn_flu_admissions,51,51.0,51.0,0,100.0,100.0,0.0
2025-06-25,nhsn_rsv_admissions,51,51.0,51.0,0,100.0,100.0,0.0
2025-06-25,nssp_covid_proportion,51,50.0,50.0,0,98.03921568627452,98.03921568627452,0.0
2025-06-25,nssp_flu_proportion,51,49.0,49.0,0,96.07843137254902,96.07843137254902,0.0
2025-06-25,nssp_rsv_proportion,51,50.0,50.0,0,98.03921568627452,98.03921568627452,0.0
2025-07-02,nhsn_covid_admissions,51,51.0,51.0,0,100.0,100.0,0.0
2025-07-02,nhsn_flu_admissions,51,51.0,51.0,0,100.0,100.0,0.0
2025-07-02,nhsn_rsv_admissions,51,51.0,51.0,0,100.0,100.0,0.0
2025-07-02,nssp_covid_proportion,51,50.0,50.0,0,98.03921568627452,98.03921568627452,0.0
2025-07-02,nssp_flu_proportion,51,49.0,49.0,0,96.07843137254902,96.07843137254902,0.0
2025-07-02,nssp_rsv_proportion,51,50.0,50.0,0,98.03921568627452,98.03921568627452,0.0
2025-07-09,nhsn_covid_admissions,51,51.0,51.0,0,100.0,100.0,0.0
2025-07-09,nhsn_flu_admissions,51,51.0,51.0,0,100.0,100.0,0.0
2025-07-09,nhsn_rsv_admissions,51,51.0,51.0,0,100.0,100.0,0.0
2025-07-09,nssp_covid_proportion,51,50.0,50.0,0,98.03921568627452,98.03921568627452,0.0
2025-07-09,nssp_flu_proportion,51,49.0,49.0,0,96.07843137254902,96.07843137254902,0.0
2025-07-09,nssp_rsv_proportion,51,50.0,50.0,0,98.03921568627452,98.03921568627452,0.0
2025-07-16,nhsn_covid_admissions,51,51.0,51.0,0,100.0,100.0,0.0
2025-07-16,nhsn_flu_admissions,51,51.0,51.0,0,100.0,100.0,0.0
2025-07-16,nhsn_rsv_admissions,51,51.0,51.0,0,100.0,100.0,0.0
2025-07-16,nssp_covid_proportion,51,50.0,50.0,0,98.03921568627452,98.03921568627452,0.0
2025-07-16,nssp_flu_proportion,51,49.0,49.0,0,96.07843137254902,96.07843137254902,0.0
2025-07-16,nssp_rsv_proportion,51,50.0,50.0,0,98.03921568627452,98.03921568627452,0.0
2025-07-23,nhsn_covid_admissions,51,51.0,51.0,0,100.0,100.0,0.0
2025-07-23,nhsn_flu_admissions,51,51.0,51.0,0,100.0,100.0,0.0
2025-07-23,nhsn_rsv_admissions,51,51.0,51.0,0,100.0,100.0,0.0
2025-07-23,nssp_covid_proportion,51,50.0,50.0,0,98.03921568627452,98.03921568627452,0.0
2025-07-23,nssp_flu_proportion,51,49.0,49.0,0,96.07843137254902,96.07843137254902,0.0
2025-07-23,nssp_rsv_proportion,51,50.0,50.0,0,98.03921568627452,98.03921568627452,0.0
2025-07-30,nhsn_covid_admissions,51,51.0,51.0,0,100.0,100.0,0.0
2025-07-30,nhsn_flu_admissions,51,51.0,51.0,0,100.0,100.0,0.0
2025-07-30,nhsn_rsv_admissions,51,51.0,51.0,0,100.0,100.0,0.0
2025-07-30,nssp_covid_proportion,51,50.0,50.0,0,98.03921568627452,98.03921568627452,0.0
2025-07-30,nssp_flu_proportion,51,49.0,49.0,0,96.07843137254902,96.07843137254902,0.0
2025-07-30,nssp_rsv_proportion,51,50.0,50.0,0,98.03921568627452,98.03921568627452,0.0
2025-08-06,nhsn_covid_admissions,51,51.0,51.0,0,100.0,100.0,0.0
2025-08-06,nhsn_flu_admissions,51,51.0,51.0,0,100.0,100.0,0.0
2025-08-06,nhsn_rsv_admissions,51,51.0,51.0,0,100.0,100.0,0.0
2025-08-06,nssp_covid_proportion,51,50.0,50.0,0,98.03921568627452,98.03921568627452,0.0
2025-08-06,nssp_flu_proportion,51,49.0,49.0,0,96.07843137254902,96.07843137254902,0.0
2025-08-06,nssp_rsv_proportion,51,50.0,50.0,0,98.03921568627452,98.03921568627452,0.0
2025-08-13,nhsn_covid_admissions,51,51.0,51.0,0,100.0,100.0,0.0
2025-08-13,nhsn_flu_admissions,51,51.0,51.0,0,100.0,100.0,0.0
2025-08-13,nhsn_rsv_admissions,51,51.0,51.0,0,100.0,100.0,0.0
2025-08-13,nssp_covid_proportion,51,50.0,50.0,0,98.03921568627452,98.03921568627452,0.0
2025-08-13,nssp_flu_proportion,51,49.0,49.0,0,96.07843137254902,96.07843137254902,0.0
2025-08-13,nssp_rsv_proportion,51,50.0,50.0,0,98.03921568627452,98.03921568627452,0.0
2025-08-20,nhsn_covid_admissions,51,51.0,51.0,0,100.0,100.0,0.0
2025-08-20,nhsn_flu_admissions,51,51.0,51.0,0,100.0,100.0,0.0
2025-08-20,nhsn_rsv_admissions,51,51.0,51.0,0,100.0,100.0,0.0
2025-08-20,nssp_covid_proportion,51,50.0,50.0,0,98.03921568627452,98.03921568627452,0.0
2025-08-20,nssp_flu_proportion,51,49.0,49.0,0,96.07843137254902,96.07843137254902,0.0
2025-08-20,nssp_rsv_proportion,51,50.0,50.0,0,98.03921568627452,98.03921568627452,0.0
2025-08-27,nhsn_covid_admissions,51,51.0,51.0,0,100.0,100.0,0.0
2025-08-27,nhsn_flu_admissions,51,51.0,51.0,0,100.0,100.0,0.0
2025-08-27,nhsn_rsv_admissions,51,51.0,51.0,0,100.0,100.0,0.0
2025-08-27,nssp_covid_proportion,51,0.0,50.0,50,0.0,98.03921568627452,98.03921568627452
2025-08-27,nssp_flu_proportion,51,0.0,49.0,49,0.0,96.07843137254902,96.07843137254902
2025-08-27,nssp_rsv_proportion,51,0.0,50.0,50,0.0,98.03921568627452,98.03921568627452
2025-09-03,nhsn_covid_admissions,51,51.0,51.0,0,100.0,100.0,0.0
2025-09-03,nhsn_flu_admissions,51,51.0,51.0,0,100.0,100.0,0.0
2025-09-03,nhsn_rsv_admissions,51,51.0,51.0,0,100.0,100.0,0.0
2025-09-03,nssp_covid_proportion,51,50.0,50.0,0,98.03921568627452,98.03921568627452,0.0
2025-09-03,nssp_flu_proportion,51,49.0,50.0,1,96.07843137254902,98.03921568627452,1.9607843137254901
2025-09-03,nssp_rsv_proportion,51,50.0,50.0,0,98.03921568627452,98.03921568627452,0.0
2025-09-10,nhsn_covid_admissions,51,51.0,51.0,0,100.0,100.0,0.0
2025-09-10,nhsn_flu_admissions,51,51.0,51.0,0,100.0,100.0,0.0
2025-09-10,nhsn_rsv_admissions,51,51.0,51.0,0,100.0,100.0,0.0
2025-09-10,nssp_covid_proportion,51,0.0,50.0,50,0.0,98.03921568627452,98.03921568627452
2025-09-10,nssp_flu_proportion,51,0.0,50.0,50,0.0,98.03921568627452,98.03921568627452
2025-09-10,nssp_rsv_proportion,51,0.0,50.0,50,0.0,98.03921568627452,98.03921568627452
2025-09-17,nhsn_covid_admissions,51,51.0,51.0,0,100.0,100.0,0.0
2025-09-17,nhsn_flu_admissions,51,51.0,51.0,0,100.0,100.0,0.0
2025-09-17,nhsn_rsv_admissions,51,51.0,51.0,0,100.0,100.0,0.0
2025-09-17,nssp_covid_proportion,51,50.0,50.0,0,98.03921568627452,98.03921568627452,0.0
2025-09-17,nssp_flu_proportion,51,49.0,49.0,0,96.07843137254902,96.07843137254902,0.0
2025-09-17,nssp_rsv_proportion,51,50.0,50.0,0,98.03921568627452,98.03921568627452,0.0
2025-09-24,nhsn_covid_admissions,51,51.0,51.0,0,100.0,100.0,0.0
2025-09-24,nhsn_flu_admissions,51,51.0,51.0,0,100.0,100.0,0.0
2025-09-24,nhsn_rsv_admissions,51,51.0,51.0,0,100.0,100.0,0.0
2025-09-24,nssp_covid_proportion,51,50.0,50.0,0,98.03921568627452,98.03921568627452,0.0
2025-09-24,nssp_flu_proportion,51,49.0,50.0,1,96.07843137254902,98.03921568627452,1.9607843137254901
2025-09-24,nssp_rsv_proportion,51,50.0,50.0,0,98.03921568627452,98.03921568627452,0.0
2025-10-01,nhsn_covid_admissions,51,0.0,51.0,51,0.0,100.0,100.0
2025-10-01,nhsn_flu_admissions,51,0.0,51.0,51,0.0,100.0,100.0
2025-10-01,nhsn_rsv_admissions,51,0.0,51.0,51,0.0,100.0,100.0
2025-10-01,nssp_covid_proportion,51,0.0,50.0,50,0.0,98.03921568627452,98.03921568627452
2025-10-01,nssp_flu_proportion,51,0.0,49.0,49,0.0,96.07843137254902,96.07843137254902
2025-10-01,nssp_rsv_proportion,51,0.0,50.0,50,0.0,98.03921568627452,98.03921568627452
2025-10-08,nhsn_covid_admissions,51,0.0,0.0,0,0.0,0.0,0.0
2025-10-08,nhsn_flu_admissions,51,0.0,0.0,0,0.0,0.0,0.0
2025-10-08,nhsn_rsv_admissions,51,0.0,0.0,0,0.0,0.0,0.0
2025-10-08,nssp_covid_proportion,51,0.0,0.0,0,0.0,0.0,0.0
2025-10-08,nssp_flu_proportion,51,0.0,0.0,0,0.0,0.0,0.0
2025-10-08,nssp_rsv_proportion,51,0.0,0.0,0,0.0,0.0,0.0
2025-10-15,nhsn_covid_admissions,51,0.0,0.0,0,0.0,0.0,0.0
2025-10-15,nhsn_flu_admissions,51,0.0,0.0,0,0.0,0.0,0.0
2025-10-15,nhsn_rsv_admissions,51,0.0,0.0,0,0.0,0.0,0.0
2025-10-15,nssp_covid_proportion,51,0.0,0.0,0,0.0,0.0,0.0
2025-10-15,nssp_flu_proportion,51,0.0,0.0,0,0.0,0.0,0.0
2025-10-15,nssp_rsv_proportion,51,0.0,0.0,0,0.0,0.0,0.0
2025-10-22,nhsn_covid_admissions,51,0.0,0.0,0,0.0,0.0,0.0
2025-10-22,nhsn_flu_admissions,51,0.0,0.0,0,0.0,0.0,0.0
2025-10-22,nhsn_rsv_admissions,51,0.0,0.0,0,0.0,0.0,0.0
2025-10-22,nssp_covid_proportion,51,0.0,0.0,0,0.0,0.0,0.0
2025-10-22,nssp_flu_proportion,51,0.0,0.0,0,0.0,0.0,0.0
2025-10-22,nssp_rsv_proportion,51,0.0,0.0,0,0.0,0.0,0.0
2025-10-29,nhsn_covid_admissions,51,0.0,0.0,0,0.0,0.0,0.0
2025-10-29,nhsn_flu_admissions,51,0.0,0.0,0,0.0,0.0,0.0
2025-10-29,nhsn_rsv_admissions,51,0.0,0.0,0,0.0,0.0,0.0
2025-10-29,nssp_covid_proportion,51,0.0,0.0,0,0.0,0.0,0.0
2025-10-29,nssp_flu_proportion,51,0.0,0.0,0,0.0,0.0,0.0
2025-10-29,nssp_rsv_proportion,51,0.0,0.0,0,0.0,0.0,0.0
2025-11-05,nhsn_covid_admissions,51,0.0,0.0,0,0.0,0.0,0.0
2025-11-05,nhsn_flu_admissions,51,0.0,0.0,0,0.0,0.0,0.0
2025-11-05,nhsn_rsv_admissions,51,0.0,0.0,0,0.0,0.0,0.0
2025-11-05,nssp_covid_proportion,51,0.0,0.0,0,0.0,0.0,0.0
2025-11-05,nssp_flu_proportion,51,0.0,0.0,0,0.0,0.0,0.0
2025-11-05,nssp_rsv_proportion,51,0.0,0.0,0,0.0,0.0,0.0
2025-11-12,nhsn_covid_admissions,51,0.0,0.0,0,0.0,0.0,0.0
2025-11-12,nhsn_flu_admissions,51,51.0,51.0,0,100.0,100.0,0.0
2025-11-12,nhsn_rsv_admissions,51,0.0,0.0,0,0.0,0.0,0.0
2025-11-12,nssp_covid_proportion,51,0.0,0.0,0,0.0,0.0,0.0
2025-11-12,nssp_flu_proportion,51,0.0,0.0,0,0.0,0.0,0.0
2025-11-12,nssp_rsv_proportion,51,0.0,0.0,0,0.0,0.0,0.0
2025-11-19,nhsn_covid_admissions,51,51.0,51.0,0,100.0,100.0,0.0
2025-11-19,nhsn_flu_admissions,51,51.0,51.0,0,100.0,100.0,0.0
2025-11-19,nhsn_rsv_admissions,51,51.0,51.0,0,100.0,100.0,0.0
2025-11-19,nssp_covid_proportion,51,50.0,50.0,0,98.03921568627452,98.03921568627452,0.0
2025-11-19,nssp_flu_proportion,51,50.0,50.0,0,98.03921568627452,98.03921568627452,0.0
2025-11-19,nssp_rsv_proportion,51,50.0,50.0,0,98.03921568627452,98.03921568627452,0.0
2025-11-26,nhsn_covid_admissions,51,51.0,51.0,0,100.0,100.0,0.0
2025-11-26,nhsn_flu_admissions,51,51.0,51.0,0,100.0,100.0,0.0
2025-11-26,nhsn_rsv_admissions,51,51.0,51.0,0,100.0,100.0,0.0
2025-11-26,nssp_covid_proportion,51,50.0,50.0,0,98.03921568627452,98.03921568627452,0.0
2025-11-26,nssp_flu_proportion,51,50.0,50.0,0,98.03921568627452,98.03921568627452,0.0
2025-11-26,nssp_rsv_proportion,51,50.0,50.0,0,98.03921568627452,98.03921568627452,0.0
2025-12-03,nhsn_covid_admissions,51,51.0,51.0,0,100.0,100.0,0.0
2025-12-03,nhsn_flu_admissions,51,51.0,51.0,0,100.0,100.0,0.0
2025-12-03,nhsn_rsv_admissions,51,51.0,51.0,0,100.0,100.0,0.0
2025-12-03,nssp_covid_proportion,51,50.0,50.0,0,98.03921568627452,98.03921568627452,0.0
2025-12-03,nssp_flu_proportion,51,50.0,50.0,0,98.03921568627452,98.03921568627452,0.0
2025-12-03,nssp_rsv_proportion,51,50.0,50.0,0,98.03921568627452,98.03921568627452,0.0
2025-12-10,nhsn_covid_admissions,51,51.0,51.0,0,100.0,100.0,0.0
2025-12-10,nhsn_flu_admissions,51,51.0,51.0,0,100.0,100.0,0.0
2025-12-10,nhsn_rsv_admissions,51,51.0,51.0,0,100.0,100.0,0.0
2025-12-10,nssp_covid_proportion,51,50.0,50.0,0,98.03921568627452,98.03921568627452,0.0
2025-12-10,nssp_flu_proportion,51,50.0,50.0,0,98.03921568627452,98.03921568627452,0.0
2025-12-10,nssp_rsv_proportion,51,50.0,50.0,0,98.03921568627452,98.03921568627452,0.0
2025-12-17,nhsn_covid_admissions,51,51.0,51.0,0,100.0,100.0,0.0
2025-12-17,nhsn_flu_admissions,51,51.0,51.0,0,100.0,100.0,0.0
2025-12-17,nhsn_rsv_admissions,51,51.0,51.0,0,100.0,100.0,0.0
2025-12-17,nssp_covid_proportion,51,50.0,50.0,0,98.03921568627452,98.03921568627452,0.0
2025-12-17,nssp_flu_proportion,51,50.0,50.0,0,98.03921568627452,98.03921568627452,0.0
2025-12-17,nssp_rsv_proportion,51,50.0,50.0,0,98.03921568627452,98.03921568627452,0.0
2025-12-24,nhsn_covid_admissions,51,51.0,51.0,0,100.0,100.0,0.0
2025-12-24,nhsn_flu_admissions,51,51.0,51.0,0,100.0,100.0,0.0
2025-12-24,nhsn_rsv_admissions,51,51.0,51.0,0,100.0,100.0,0.0
2025-12-24,nssp_covid_proportion,51,0.0,50.0,50,0.0,98.03921568627452,98.03921568627452
2025-12-24,nssp_flu_proportion,51,50.0,50.0,0,98.03921568627452,98.03921568627452,0.0
2025-12-24,nssp_rsv_proportion,51,0.0,50.0,50,0.0,98.03921568627452,98.03921568627452
2025-12-31,nhsn_covid_admissions,51,51.0,51.0,0,100.0,100.0,0.0
2025-12-31,nhsn_flu_admissions,51,51.0,51.0,0,100.0,100.0,0.0
2025-12-31,nhsn_rsv_admissions,51,51.0,51.0,0,100.0,100.0,0.0
2025-12-31,nssp_covid_proportion,51,50.0,50.0,0,98.03921568627452,98.03921568627452,0.0
2025-12-31,nssp_flu_proportion,51,50.0,50.0,0,98.03921568627452,98.03921568627452,0.0
2025-12-31,nssp_rsv_proportion,51,50.0,50.0,0,98.03921568627452,98.03921568627452,0.0
2026-01-07,nhsn_covid_admissions,51,51.0,51.0,0,100.0,100.0,0.0
2026-01-07,nhsn_flu_admissions,51,51.0,51.0,0,100.0,100.0,0.0
2026-01-07,nhsn_rsv_admissions,51,51.0,51.0,0,100.0,100.0,0.0
2026-01-07,nssp_covid_proportion,51,50.0,50.0,0,98.03921568627452,98.03921568627452,0.0
2026-01-07,nssp_flu_proportion,51,50.0,50.0,0,98.03921568627452,98.03921568627452,0.0
2026-01-07,nssp_rsv_proportion,51,50.0,50.0,0,98.03921568627452,98.03921568627452,0.0
2026-01-14,nhsn_covid_admissions,51,51.0,51.0,0,100.0,100.0,0.0
2026-01-14,nhsn_flu_admissions,51,51.0,51.0,0,100.0,100.0,0.0
2026-01-14,nhsn_rsv_admissions,51,51.0,51.0,0,100.0,100.0,0.0
2026-01-14,nssp_covid_proportion,51,50.0,50.0,0,98.03921568627452,98.03921568627452,0.0
2026-01-14,nssp_flu_proportion,51,50.0,50.0,0,98.03921568627452,98.03921568627452,0.0
2026-01-14,nssp_rsv_proportion,51,50.0,50.0,0,98.03921568627452,98.03921568627452,0.0
2026-01-21,nhsn_covid_admissions,51,51.0,51.0,0,100.0,100.0,0.0
2026-01-21,nhsn_flu_admissions,51,51.0,51.0,0,100.0,100.0,0.0
2026-01-21,nhsn_rsv_admissions,51,51.0,51.0,0,100.0,100.0,0.0
2026-01-21,nssp_covid_proportion,51,50.0,50.0,0,98.03921568627452,98.03921568627452,0.0
2026-01-21,nssp_flu_proportion,51,50.0,50.0,0,98.03921568627452,98.03921568627452,0.0
2026-01-21,nssp_rsv_proportion,51,50.0,50.0,0,98.03921568627452,98.03921568627452,0.0
2026-01-28,nhsn_covid_admissions,51,51.0,51.0,0,100.0,100.0,0.0
2026-01-28,nhsn_flu_admissions,51,51.0,51.0,0,100.0,100.0,0.0
2026-01-28,nhsn_rsv_admissions,51,51.0,51.0,0,100.0,100.0,0.0
2026-01-28,nssp_covid_proportion,51,50.0,50.0,0,98.03921568627452,98.03921568627452,0.0
2026-01-28,nssp_flu_proportion,51,50.0,50.0,0,98.03921568627452,98.03921568627452,0.0
2026-01-28,nssp_rsv_proportion,51,50.0,50.0,0,98.03921568627452,98.03921568627452,0.0
2026-02-04,nhsn_covid_admissions,51,51.0,51.0,0,100.0,100.0,0.0
2026-02-04,nhsn_flu_admissions,51,51.0,51.0,0,100.0,100.0,0.0
2026-02-04,nhsn_rsv_admissions,51,51.0,51.0,0,100.0,100.0,0.0
2026-02-04,nssp_covid_proportion,51,50.0,50.0,0,98.03921568627452,98.03921568627452,0.0
2026-02-04,nssp_flu_proportion,51,50.0,50.0,0,98.03921568627452,98.03921568627452,0.0
2026-02-04,nssp_rsv_proportion,51,50.0,50.0,0,98.03921568627452,98.03921568627452,0.0
2026-02-11,nhsn_covid_admissions,51,51.0,51.0,0,100.0,100.0,0.0
2026-02-11,nhsn_flu_admissions,51,51.0,51.0,0,100.0,100.0,0.0
2026-02-11,nhsn_rsv_admissions,51,51.0,51.0,0,100.0,100.0,0.0
2026-02-11,nssp_covid_proportion,51,50.0,50.0,0,98.03921568627452,98.03921568627452,0.0
2026-02-11,nssp_flu_proportion,51,50.0,50.0,0,98.03921568627452,98.03921568627452,0.0
2026-02-11,nssp_rsv_proportion,51,50.0,50.0,0,98.03921568627452,98.03921568627452,0.0
2026-02-18,nhsn_covid_admissions,51,51.0,51.0,0,100.0,100.0,0.0
2026-02-18,nhsn_flu_admissions,51,51.0,51.0,0,100.0,100.0,0.0
2026-02-18,nhsn_rsv_admissions,51,51.0,51.0,0,100.0,100.0,0.0
2026-02-18,nssp_covid_proportion,51,50.0,50.0,0,98.03921568627452,98.03921568627452,0.0
2026-02-18,nssp_flu_proportion,51,50.0,50.0,0,98.03921568627452,98.03921568627452,0.0
2026-02-18,nssp_rsv_proportion,51,50.0,50.0,0,98.03921568627452,98.03921568627452,0.0
2026-02-25,nhsn_covid_admissions,51,51.0,51.0,0,100.0,100.0,0.0
2026-02-25,nhsn_flu_admissions,51,51.0,51.0,0,100.0,100.0,0.0
2026-02-25,nhsn_rsv_admissions,51,51.0,51.0,0,100.0,100.0,0.0
2026-02-25,nssp_covid_proportion,51,50.0,50.0,0,98.03921568627452,98.03921568627452,0.0
2026-02-25,nssp_flu_proportion,51,50.0,50.0,0,98.03921568627452,98.03921568627452,0.0
2026-02-25,nssp_rsv_proportion,51,50.0,50.0,0,98.03921568627452,98.03921568627452,0.0
2026-03-04,nhsn_covid_admissions,51,51.0,51.0,0,100.0,100.0,0.0
2026-03-04,nhsn_flu_admissions,51,51.0,51.0,0,100.0,100.0,0.0
2026-03-04,nhsn_rsv_admissions,51,51.0,51.0,0,100.0,100.0,0.0
2026-03-04,nssp_covid_proportion,51,50.0,50.0,0,98.03921568627452,98.03921568627452,0.0
2026-03-04,nssp_flu_proportion,51,50.0,50.0,0,98.03921568627452,98.03921568627452,0.0
2026-03-04,nssp_rsv_proportion,51,50.0,50.0,0,98.03921568627452,98.03921568627452,0.0
2026-03-11,nhsn_covid_admissions,51,51.0,51.0,0,100.0,100.0,0.0
2026-03-11,nhsn_flu_admissions,51,51.0,51.0,0,100.0,100.0,0.0
2026-03-11,nhsn_rsv_admissions,51,51.0,51.0,0,100.0,100.0,0.0
2026-03-11,nssp_covid_proportion,51,50.0,50.0,0,98.03921568627452,98.03921568627452,0.0
2026-03-11,nssp_flu_proportion,51,50.0,50.0,0,98.03921568627452,98.03921568627452,0.0
2026-03-11,nssp_rsv_proportion,51,50.0,50.0,0,98.03921568627452,98.03921568627452,0.0
2026-03-18,nhsn_covid_admissions,51,51.0,51.0,0,100.0,100.0,0.0
2026-03-18,nhsn_flu_admissions,51,51.0,51.0,0,100.0,100.0,0.0
2026-03-18,nhsn_rsv_admissions,51,51.0,51.0,0,100.0,100.0,0.0
2026-03-18,nssp_covid_proportion,51,50.0,50.0,0,98.03921568627452,98.03921568627452,0.0
2026-03-18,nssp_flu_proportion,51,50.0,50.0,0,98.03921568627452,98.03921568627452,0.0
2026-03-18,nssp_rsv_proportion,51,50.0,50.0,0,98.03921568627452,98.03921568627452,0.0
2026-03-25,nhsn_covid_admissions,51,51.0,51.0,0,100.0,100.0,0.0
2026-03-25,nhsn_flu_admissions,51,51.0,51.0,0,100.0,100.0,0.0
2026-03-25,nhsn_rsv_admissions,51,51.0,51.0,0,100.0,100.0,0.0
2026-03-25,nssp_covid_proportion,51,50.0,50.0,0,98.03921568627452,98.03921568627452,0.0
2026-03-25,nssp_flu_proportion,51,50.0,50.0,0,98.03921568627452,98.03921568627452,0.0
2026-03-25,nssp_rsv_proportion,51,50.0,50.0,0,98.03921568627452,98.03921568627452,0.0
2026-04-01,nhsn_covid_admissions,51,51.0,51.0,0,100.0,100.0,0.0
2026-04-01,nhsn_flu_admissions,51,51.0,51.0,0,100.0,100.0,0.0
2026-04-01,nhsn_rsv_admissions,51,51.0,51.0,0,100.0,100.0,0.0
2026-04-01,nssp_covid_proportion,51,50.0,50.0,0,98.03921568627452,98.03921568627452,0.0
2026-04-01,nssp_flu_proportion,51,50.0,50.0,0,98.03921568627452,98.03921568627452,0.0
2026-04-01,nssp_rsv_proportion,51,50.0,50.0,0,98.03921568627452,98.03921568627452,0.0
2026-04-08,nhsn_covid_admissions,51,51.0,51.0,0,100.0,100.0,0.0
2026-04-08,nhsn_flu_admissions,51,51.0,51.0,0,100.0,100.0,0.0
2026-04-08,nhsn_rsv_admissions,51,51.0,51.0,0,100.0,100.0,0.0
2026-04-08,nssp_covid_proportion,51,50.0,50.0,0,98.03921568627452,98.03921568627452,0.0
2026-04-08,nssp_flu_proportion,51,50.0,50.0,0,98.03921568627452,98.03921568627452,0.0
2026-04-08,nssp_rsv_proportion,51,50.0,50.0,0,98.03921568627452,98.03921568627452,0.0
2026-04-15,nhsn_covid_admissions,51,51.0,51.0,0,100.0,100.0,0.0
2026-04-15,nhsn_flu_admissions,51,51.0,51.0,0,100.0,100.0,0.0
2026-04-15,nhsn_rsv_admissions,51,51.0,51.0,0,100.0,100.0,0.0
2026-04-15,nssp_covid_proportion,51,50.0,50.0,0,98.03921568627452,98.03921568627452,0.0
2026-04-15,nssp_flu_proportion,51,50.0,50.0,0,98.03921568627452,98.03921568627452,0.0
2026-04-15,nssp_rsv_proportion,51,50.0,50.0,0,98.03921568627452,98.03921568627452,0.0
2026-04-22,nhsn_covid_admissions,51,51.0,51.0,0,100.0,100.0,0.0
2026-04-22,nhsn_flu_admissions,51,51.0,51.0,0,100.0,100.0,0.0
2026-04-22,nhsn_rsv_admissions,51,51.0,51.0,0,100.0,100.0,0.0
2026-04-22,nssp_covid_proportion,51,50.0,50.0,0,98.03921568627452,98.03921568627452,0.0
2026-04-22,nssp_flu_proportion,51,50.0,50.0,0,98.03921568627452,98.03921568627452,0.0
2026-04-22,nssp_rsv_proportion,51,50.0,50.0,0,98.03921568627452,98.03921568627452,0.0
2026-04-29,nhsn_covid_admissions,51,51.0,51.0,0,100.0,100.0,0.0
2026-04-29,nhsn_flu_admissions,51,51.0,51.0,0,100.0,100.0,0.0
2026-04-29,nhsn_rsv_admissions,51,51.0,51.0,0,100.0,100.0,0.0
2026-04-29,nssp_covid_proportion,51,50.0,50.0,0,98.03921568627452,98.03921568627452,0.0
2026-04-29,nssp_flu_proportion,51,50.0,50.0,0,98.03921568627452,98.03921568627452,0.0
2026-04-29,nssp_rsv_proportion,51,50.0,50.0,0,98.03921568627452,98.03921568627452,0.0
2026-05-06,nhsn_covid_admissions,51,51.0,51.0,0,100.0,100.0,0.0
2026-05-06,nhsn_flu_admissions,51,51.0,51.0,0,100.0,100.0,0.0
2026-05-06,nhsn_rsv_admissions,51,51.0,51.0,0,100.0,100.0,0.0
2026-05-06,nssp_covid_proportion,51,50.0,50.0,0,98.03921568627452,98.03921568627452,0.0
2026-05-06,nssp_flu_proportion,51,50.0,50.0,0,98.03921568627452,98.03921568627452,0.0
2026-05-06,nssp_rsv_proportion,51,50.0,50.0,0,98.03921568627452,98.03921568627452,0.0
2026-05-13,nhsn_covid_admissions,51,51.0,51.0,0,100.0,100.0,0.0
2026-05-13,nhsn_flu_admissions,51,51.0,51.0,0,100.0,100.0,0.0
2026-05-13,nhsn_rsv_admissions,51,51.0,51.0,0,100.0,100.0,0.0
2026-05-13,nssp_covid_proportion,51,50.0,50.0,0,98.03921568627452,98.03921568627452,0.0
2026-05-13,nssp_flu_proportion,51,50.0,50.0,0,98.03921568627452,98.03921568627452,0.0
2026-05-13,nssp_rsv_proportion,51,50.0,50.0,0,98.03921568627452,98.03921568627452,0.0
2026-05-20,nhsn_covid_admissions,51,51.0,51.0,0,100.0,100.0,0.0
2026-05-20,nhsn_flu_admissions,51,51.0,51.0,0,100.0,100.0,0.0
2026-05-20,nhsn_rsv_admissions,51,51.0,51.0,0,100.0,100.0,0.0
2026-05-20,nssp_covid_proportion,51,50.0,50.0,0,98.03921568627452,98.03921568627452,0.0
2026-05-20,nssp_flu_proportion,51,50.0,50.0,0,98.03921568627452,98.03921568627452,0.0
2026-05-20,nssp_rsv_proportion,51,50.0,50.0,0,98.03921568627452,98.03921568627452,0.0
2026-05-27,nhsn_covid_admissions,51,51.0,51.0,0,100.0,100.0,0.0
2026-05-27,nhsn_flu_admissions,51,51.0,51.0,0,100.0,100.0,0.0
2026-05-27,nhsn_rsv_admissions,51,51.0,51.0,0,100.0,100.0,0.0
2026-05-27,nssp_covid_proportion,51,50.0,50.0,0,98.03921568627452,98.03921568627452,0.0
2026-05-27,nssp_flu_proportion,51,50.0,50.0,0,98.03921568627452,98.03921568627452,0.0
2026-05-27,nssp_rsv_proportion,51,50.0,50.0,0,98.03921568627452,98.03921568627452,0.0
2026-06-03,nhsn_covid_admissions,51,51.0,51.0,0,100.0,100.0,0.0
2026-06-03,nhsn_flu_admissions,51,51.0,51.0,0,100.0,100.0,0.0
2026-06-03,nhsn_rsv_admissions,51,51.0,51.0,0,100.0,100.0,0.0
2026-06-03,nssp_covid_proportion,51,50.0,50.0,0,98.03921568627452,98.03921568627452,0.0
2026-06-03,nssp_flu_proportion,51,50.0,50.0,0,98.03921568627452,98.03921568627452,0.0
2026-06-03,nssp_rsv_proportion,51,50.0,50.0,0,98.03921568627452,98.03921568627452,0.0
2026-06-10,nhsn_covid_admissions,51,51.0,51.0,0,100.0,100.0,0.0
2026-06-10,nhsn_flu_admissions,51,51.0,51.0,0,100.0,100.0,0.0
2026-06-10,nhsn_rsv_admissions,51,51.0,51.0,0,100.0,100.0,0.0
2026-06-10,nssp_covid_proportion,51,51.0,51.0,0,100.0,100.0,0.0
2026-06-10,nssp_flu_proportion,51,51.0,51.0,0,100.0,100.0,0.0
2026-06-10,nssp_rsv_proportion,51,51.0,51.0,0,100.0,100.0,0.0
2026-06-17,nhsn_covid_admissions,51,51.0,51.0,0,100.0,100.0,0.0
2026-06-17,nhsn_flu_admissions,51,51.0,51.0,0,100.0,100.0,0.0
2026-06-17,nhsn_rsv_admissions,51,51.0,51.0,0,100.0,100.0,0.0
2026-06-17,nssp_covid_proportion,51,51.0,51.0,0,100.0,100.0,0.0
2026-06-17,nssp_flu_proportion,51,51.0,51.0,0,100.0,100.0,0.0
2026-06-17,nssp_rsv_proportion,51,51.0,51.0,0,100.0,100.0,0.0
2026-06-24,nhsn_covid_admissions,51,51.0,51.0,0,100.0,100.0,0.0
2026-06-24,nhsn_flu_admissions,51,51.0,51.0,0,100.0,100.0,0.0
2026-06-24,nhsn_rsv_admissions,51,51.0,51.0,0,100.0,100.0,0.0
2026-06-24,nssp_covid_proportion,51,51.0,51.0,0,100.0,100.0,0.0
2026-06-24,nssp_flu_proportion,51,51.0,51.0,0,100.0,100.0,0.0
2026-06-24,nssp_rsv_proportion,51,51.0,51.0,0,100.0,100.0,0.0
2026-07-01,nhsn_covid_admissions,51,51.0,51.0,0,100.0,100.0,0.0
2026-07-01,nhsn_flu_admissions,51,51.0,51.0,0,100.0,100.0,0.0
2026-07-01,nhsn_rsv_admissions,51,51.0,51.0,0,100.0,100.0,0.0
2026-07-01,nssp_covid_proportion,51,51.0,51.0,0,100.0,100.0,0.0
2026-07-01,nssp_flu_proportion,51,51.0,51.0,0,100.0,100.0,0.0
2026-07-01,nssp_rsv_proportion,51,51.0,51.0,0,100.0,100.0,0.0
2026-07-08,nhsn_covid_admissions,51,51.0,51.0,0,100.0,100.0,0.0
2026-07-08,nhsn_flu_admissions,51,51.0,51.0,0,100.0,100.0,0.0
2026-07-08,nhsn_rsv_admissions,51,51.0,51.0,0,100.0,100.0,0.0
2026-07-08,nssp_covid_proportion,51,51.0,51.0,0,100.0,100.0,0.0
2026-07-08,nssp_flu_proportion,51,51.0,51.0,0,100.0,100.0,0.0
2026-07-08,nssp_rsv_proportion,51,51.0,51.0,0,100.0,100.0,0.0
2026-07-15,nhsn_covid_admissions,51,51.0,51.0,0,100.0,100.0,0.0
2026-07-15,nhsn_flu_admissions,51,51.0,51.0,0,100.0,100.0,0.0
2026-07-15,nhsn_rsv_admissions,51,51.0,51.0,0,100.0,100.0,0.0
2026-07-15,nssp_covid_proportion,51,51.0,51.0,0,100.0,100.0,0.0
2026-07-15,nssp_flu_proportion,51,51.0,51.0,0,100.0,100.0,0.0
2026-07-15,nssp_rsv_proportion,51,51.0,51.0,0,100.0,100.0,0.0
2026-07-22,nhsn_covid_admissions,51,51.0,51.0,0,100.0,100.0,0.0
2026-07-22,nhsn_flu_admissions,51,51.0,51.0,0,100.0,100.0,0.0
2026-07-22,nhsn_rsv_admissions,51,51.0,51.0,0,100.0,100.0,0.0
2026-07-22,nssp_covid_proportion,51,51.0,51.0,0,100.0,100.0,0.0
2026-07-22,nssp_flu_proportion,51,51.0,51.0,0,100.0,100.0,0.0
2026-07-22,nssp_rsv_proportion,51,51.0,51.0,0,100.0,100.0,0.0
2026-07-29,nhsn_covid_admissions,51,51.0,51.0,0,100.0,100.0,0.0
2026-07-29,nhsn_flu_admissions,51,51.0,51.0,0,100.0,100.0,0.0
2026-07-29,nhsn_rsv_admissions,51,51.0,51.0,0,100.0,100.0,0.0
2026-07-29,nssp_covid_proportion,51,51.0,51.0,0,100.0,100.0,0.0
2026-07-29,nssp_flu_proportion,51,51.0,51.0,0,100.0,100.0,0.0
2026-07-29,nssp_rsv_proportion,51,51.0,51.0,0,100.0,100.0,0.0
2026-08-05,nhsn_covid_admissions,51,51.0,51.0,0,100.0,100.0,0.0
2026-08-05,nhsn_flu_admissions,51,51.0,51.0,0,100.0,100.0,0.0
2026-08-05,nhsn_rsv_admissions,51,51.0,51.0,0,100.0,100.0,0.0
2026-08-05,nssp_covid_proportion,51,51.0,51.0,0,100.0,100.0,0.0
2026-08-05,nssp_flu_proportion,51,51.0,51.0,0,100.0,100.0,0.0
2026-08-05,nssp_rsv_proportion,51,51.0,51.0,0,100.0,100.0,0.0
