config_id,seed,geography,wk inc flu hosp,wk inc covid hosp,wk inc rsv hosp,wk inc flu prop ed visits,wk inc covid prop ed visits,wk inc rsv prop ed visits,combined
b1:v2:h12:tr_4rt:ed_logit:geo1:dyn1:lw_obj:enc_mlp:sp_joint:hd_sh:dec_leg:nz_glob:us_none:z16:w64:ep300:pat30:bs8:m128:lr0.001:hs_path:cal1:id0:fit_all:vm256:wd0.0:pipe_aux025:mask0.5:mr0.5:mg0.3:mo0.2,42,US,0.9581403575776237,1.0413595678267096,0.563805358022639,0.8829578593819047,1.4153161702568966,0.8758043220648069,0.9598767557144726
b1:v2:h12:tr_4rt:ed_logit:geo1:dyn1:lw_obj:enc_mlp:sp_joint:hd_sh:dec_leg:nz_glob:us_none:z16:w64:ep300:pat30:bs8:m128:lr0.001:hs_path:cal1:id0:fit_all:vm256:wd0.0:pipe_aux025:mask0.5:mr0.5:mg0.3:mo0.2,42,all,0.9578306267226303,1.036543663960797,0.8271735789933999,0.920514483829772,1.1830264852122607,0.8016505013107886,0.9704972083003695
b1:v2:h12:tr_4rt:ed_logit:geo1:dyn1:lw_obj:enc_mlp:sp_joint:hd_sh:dec_leg:nz_glob:us_none:z16:w64:ep300:pat30:bs8:m128:lr0.001:hs_path:cal1:id0:fit_all:vm256:wd0.0:pipe_aux025:mask0.5:mr0.5:mg0.3:mo0.2,42,states_dc,0.957753194008882,1.0353396879943189,0.89301563423609,0.9299036399417387,1.1249540639511015,0.783112046122284,0.9731523214468437
b1:v2:h12:tr_4rt:ed_logit:geo1:dyn1:lw_obj:enc_mlp:sp_joint:hd_sh:dec_leg:nz_glob:us_none:z16:w64:ep300:pat30:bs8:m128:lr0.001:hs_path:cal1:id0:fit_all:vm256:wd0.0:pipe_aux025:mask0.5:mr0.5:mg0.3:mo0.2,43,US,1.0080333959598795,1.0369507055046556,0.9726651489327703,1.1762287293194822,1.3369505010641614,1.7285288900687146,1.0730906847611752
b1:v2:h12:tr_4rt:ed_logit:geo1:dyn1:lw_obj:enc_mlp:sp_joint:hd_sh:dec_leg:nz_glob:us_none:z16:w64:ep300:pat30:bs8:m128:lr0.001:hs_path:cal1:id0:fit_all:vm256:wd0.0:pipe_aux025:mask0.5:mr0.5:mg0.3:mo0.2,43,all,1.0275310265757056,1.0282865646516313,1.0597579134030461,1.0827891439278667,1.1516666296686604,1.2631910632741357,1.0595076558046517
b1:v2:h12:tr_4rt:ed_logit:geo1:dyn1:lw_obj:enc_mlp:sp_joint:hd_sh:dec_leg:nz_glob:us_none:z16:w64:ep300:pat30:bs8:m128:lr0.001:hs_path:cal1:id0:fit_all:vm256:wd0.0:pipe_aux025:mask0.5:mr0.5:mg0.3:mo0.2,43,states_dc,1.032405434229662,1.0261205294383748,1.0815311045206148,1.0594292475799627,1.1053456618197852,1.146856606575491,1.056111898565521
b1:v2:h12:tr_4rt:ed_logit:geo1:dyn1:lw_obj:enc_mlp:sp_joint:hd_sh:dec_leg:nz_glob:us_none:z16:w64:ep300:pat30:bs8:m128:lr0.001:hs_path:cal1:id0:fit_all:vm256:wd0.0:pipe_aux025:mask0.5:mr0.5:mg0.3:mo0.2,44,US,0.8539905106609672,0.9431121337538004,0.5413135869307576,0.9421381538108858,0.9402807512219938,0.9640556740128958,0.859705495007578
b1:v2:h12:tr_4rt:ed_logit:geo1:dyn1:lw_obj:enc_mlp:sp_joint:hd_sh:dec_leg:nz_glob:us_none:z16:w64:ep300:pat30:bs8:m128:lr0.001:hs_path:cal1:id0:fit_all:vm256:wd0.0:pipe_aux025:mask0.5:mr0.5:mg0.3:mo0.2,44,all,0.8891271251965384,0.9992421135083809,0.8381934474256685,0.9481728509859881,1.0053776375927332,0.8628253827537559,0.919161254036276
b1:v2:h12:tr_4rt:ed_logit:geo1:dyn1:lw_obj:enc_mlp:sp_joint:hd_sh:dec_leg:nz_glob:us_none:z16:w64:ep300:pat30:bs8:m128:lr0.001:hs_path:cal1:id0:fit_all:vm256:wd0.0:pipe_aux025:mask0.5:mr0.5:mg0.3:mo0.2,44,states_dc,0.897911278830431,1.0132746084470259,0.9124134125493962,0.9496815252797636,1.0216518591854182,0.8375178099389711,0.9340251937934506
b1:v2:h12:tr_4rt:ed_logit:geo1:dyn1:lw_obj:enc_mlp:sp_joint:hd_sh:dec_leg:nz_glob:us_none:z16:w64:ep300:pat30:bs8:m128:lr0.001:hs_path:cal1:id0:fit_all:vm256:wd0.0:pipe_direct:mask0.5:mr0.5:mg0.3:mo0.2,42,US,0.9412744665832559,0.9312500846683858,0.5297423574150598,0.9420591564043499,1.209396323670142,1.0291181416201676,0.9437340561328549
b1:v2:h12:tr_4rt:ed_logit:geo1:dyn1:lw_obj:enc_mlp:sp_joint:hd_sh:dec_leg:nz_glob:us_none:z16:w64:ep300:pat30:bs8:m128:lr0.001:hs_path:cal1:id0:fit_all:vm256:wd0.0:pipe_direct:mask0.5:mr0.5:mg0.3:mo0.2,42,all,0.9743734775197583,0.98534494053542,0.8149257901003146,0.9625662550563513,1.0928411026600833,0.8583810896616083,0.9718946380418015
b1:v2:h12:tr_4rt:ed_logit:geo1:dyn1:lw_obj:enc_mlp:sp_joint:hd_sh:dec_leg:nz_glob:us_none:z16:w64:ep300:pat30:bs8:m128:lr0.001:hs_path:cal1:id0:fit_all:vm256:wd0.0:pipe_direct:mask0.5:mr0.5:mg0.3:mo0.2,42,states_dc,0.9826482302538837,0.9988686545021784,0.8862216482716282,0.9676930297193518,1.0637022974075685,0.8156968266719685,0.9789347835190382
b1:v2:h12:tr_4rt:ed_logit:geo1:dyn1:lw_obj:enc_mlp:sp_joint:hd_sh:dec_leg:nz_glob:us_none:z16:w64:ep300:pat30:bs8:m128:lr0.001:hs_path:cal1:id0:fit_all:vm256:wd0.0:pipe_direct:mask0.5:mr0.5:mg0.3:mo0.2,43,US,0.8693977781322438,1.0423269019785617,0.6832599090646381,0.8790729380373956,1.1345570605784383,0.7420113376819301,0.8947213167113643
b1:v2:h12:tr_4rt:ed_logit:geo1:dyn1:lw_obj:enc_mlp:sp_joint:hd_sh:dec_leg:nz_glob:us_none:z16:w64:ep300:pat30:bs8:m128:lr0.001:hs_path:cal1:id0:fit_all:vm256:wd0.0:pipe_direct:mask0.5:mr0.5:mg0.3:mo0.2,43,all,0.8985332125866471,1.037237279698002,0.9017682020854942,0.9307860250340786,1.1524086914852318,0.7061959789640759,0.9234500035703305
b1:v2:h12:tr_4rt:ed_logit:geo1:dyn1:lw_obj:enc_mlp:sp_joint:hd_sh:dec_leg:nz_glob:us_none:z16:w64:ep300:pat30:bs8:m128:lr0.001:hs_path:cal1:id0:fit_all:vm256:wd0.0:pipe_direct:mask0.5:mr0.5:mg0.3:mo0.2,43,states_dc,0.9058170712002478,1.035964874127862,0.9563952753407086,0.9437142967832494,1.1568715992119298,0.6972421392846123,0.9306321752850719
b1:v2:h12:tr_4rt:ed_logit:geo1:dyn1:lw_obj:enc_mlp:sp_joint:hd_sh:dec_leg:nz_glob:us_none:z16:w64:ep300:pat30:bs8:m128:lr0.001:hs_path:cal1:id0:fit_all:vm256:wd0.0:pipe_direct:mask0.5:mr0.5:mg0.3:mo0.2,44,US,1.3879469470243204,1.0503960381284723,0.900657421118374,0.9420322620680921,1.1628484372018018,1.0178461247688302,1.4199099073078723
b1:v2:h12:tr_4rt:ed_logit:geo1:dyn1:lw_obj:enc_mlp:sp_joint:hd_sh:dec_leg:nz_glob:us_none:z16:w64:ep300:pat30:bs8:m128:lr0.001:hs_path:cal1:id0:fit_all:vm256:wd0.0:pipe_direct:mask0.5:mr0.5:mg0.3:mo0.2,44,all,1.3328786317944636,1.0368239116884712,1.0649539112010256,0.9685954752158996,1.092815433889685,0.8752537479050877,1.3629465999098433
b1:v2:h12:tr_4rt:ed_logit:geo1:dyn1:lw_obj:enc_mlp:sp_joint:hd_sh:dec_leg:nz_glob:us_none:z16:w64:ep300:pat30:bs8:m128:lr0.001:hs_path:cal1:id0:fit_all:vm256:wd0.0:pipe_direct:mask0.5:mr0.5:mg0.3:mo0.2,44,states_dc,1.3191115529869997,1.0334308800784706,1.1060280337216883,0.9752362785028514,1.0753071830616556,0.839605653689152,1.3487057730603358
b1:v2:h12:tr_4rt:ed_logit:geo1:dyn1:lw_obj:enc_mlp:sp_joint:hd_sh:dec_leg:nz_glob:us_none:z16:w64:ep300:pat30:bs8:m128:lr0.001:hs_path:cal1:id0:fit_all:vm256:wd0.0:pipe_flag:mask0.5:mr0.5:mg0.3:mo0.2,42,US,0.9058405846103094,1.0599557397400223,0.49263177426170435,0.8789123692954445,1.3514326181754037,0.9551103428416173,0.9720243941364775
b1:v2:h12:tr_4rt:ed_logit:geo1:dyn1:lw_obj:enc_mlp:sp_joint:hd_sh:dec_leg:nz_glob:us_none:z16:w64:ep300:pat30:bs8:m128:lr0.001:hs_path:cal1:id0:fit_all:vm256:wd0.0:pipe_flag:mask0.5:mr0.5:mg0.3:mo0.2,42,all,0.944211914318331,1.0582167378681882,0.8143111619276244,0.9187070258358765,1.148149183351247,0.8728797937141343,0.9910889747492951
b1:v2:h12:tr_4rt:ed_logit:geo1:dyn1:lw_obj:enc_mlp:sp_joint:hd_sh:dec_leg:nz_glob:us_none:z16:w64:ep300:pat30:bs8:m128:lr0.001:hs_path:cal1:id0:fit_all:vm256:wd0.0:pipe_flag:mask0.5:mr0.5:mg0.3:mo0.2,42,states_dc,0.9538047467453362,1.0577819874002294,0.8947310088441046,0.9286556899709844,1.0973283246452075,0.8523221564322635,0.9958551199024995
b1:v2:h12:tr_4rt:ed_logit:geo1:dyn1:lw_obj:enc_mlp:sp_joint:hd_sh:dec_leg:nz_glob:us_none:z16:w64:ep300:pat30:bs8:m128:lr0.001:hs_path:cal1:id0:fit_all:vm256:wd0.0:pipe_flag:mask0.5:mr0.5:mg0.3:mo0.2,43,US,1.0021095859471598,1.024302377096178,0.6297347475588386,0.9777526343616652,1.2083764043916214,1.1779063364059397,1.0434697325109583
b1:v2:h12:tr_4rt:ed_logit:geo1:dyn1:lw_obj:enc_mlp:sp_joint:hd_sh:dec_leg:nz_glob:us_none:z16:w64:ep300:pat30:bs8:m128:lr0.001:hs_path:cal1:id0:fit_all:vm256:wd0.0:pipe_flag:mask0.5:mr0.5:mg0.3:mo0.2,43,all,1.006228674439501,1.0299541933818137,0.8818563320602864,1.0058130957655445,1.055707917557809,1.0090685936260704,1.0445676221204343
b1:v2:h12:tr_4rt:ed_logit:geo1:dyn1:lw_obj:enc_mlp:sp_joint:hd_sh:dec_leg:nz_glob:us_none:z16:w64:ep300:pat30:bs8:m128:lr0.001:hs_path:cal1:id0:fit_all:vm256:wd0.0:pipe_flag:mask0.5:mr0.5:mg0.3:mo0.2,43,states_dc,1.0072584465625862,1.0313671474532224,0.9448867281856481,1.0128282111165143,1.0175407958493559,0.9668591579311029,1.0448420945228032
b1:v2:h12:tr_4rt:ed_logit:geo1:dyn1:lw_obj:enc_mlp:sp_joint:hd_sh:dec_leg:nz_glob:us_none:z16:w64:ep300:pat30:bs8:m128:lr0.001:hs_path:cal1:id0:fit_all:vm256:wd0.0:pipe_flag:mask0.5:mr0.5:mg0.3:mo0.2,44,US,0.8347382655559477,0.937646389335415,0.5728165824634602,0.8564103084118986,1.0786336223121353,0.9454148789428672,0.8811155829701681
b1:v2:h12:tr_4rt:ed_logit:geo1:dyn1:lw_obj:enc_mlp:sp_joint:hd_sh:dec_leg:nz_glob:us_none:z16:w64:ep300:pat30:bs8:m128:lr0.001:hs_path:cal1:id0:fit_all:vm256:wd0.0:pipe_flag:mask0.5:mr0.5:mg0.3:mo0.2,44,all,0.8830001597207975,1.0009985831925767,0.8523644697116448,0.8993109124197386,1.064794961509396,0.8363923442585928,0.936539663981398
b1:v2:h12:tr_4rt:ed_logit:geo1:dyn1:lw_obj:enc_mlp:sp_joint:hd_sh:dec_leg:nz_glob:us_none:z16:w64:ep300:pat30:bs8:m128:lr0.001:hs_path:cal1:id0:fit_all:vm256:wd0.0:pipe_flag:mask0.5:mr0.5:mg0.3:mo0.2,44,states_dc,0.8950656332620097,1.0168366316568669,0.922251441523691,0.9100360634216984,1.0613352963087113,0.8091367105875242,0.9503956842342053
b1:v2:h12:tr_4rt:ed_logit:geo1:dyn1:lw_obj:enc_mlp:sp_joint:hd_sh:dec_leg:nz_glob:us_none:z16:w64:ep300:pat30:bs8:m128:lr0.001:hs_path:cal1:id0:fit_all:vm256:wd0.0:pipe_two:mask0.5:mr0.5:mg0.3:mo0.2,42,US,1.2424952501125306,0.9702537196673936,0.46845248755109076,0.9349476024794614,1.4742975244529644,0.6160728569836367,1.2028529371116026
b1:v2:h12:tr_4rt:ed_logit:geo1:dyn1:lw_obj:enc_mlp:sp_joint:hd_sh:dec_leg:nz_glob:us_none:z16:w64:ep300:pat30:bs8:m128:lr0.001:hs_path:cal1:id0:fit_all:vm256:wd0.0:pipe_two:mask0.5:mr0.5:mg0.3:mo0.2,42,all,1.1560579101945976,0.972492498882262,0.7814685692813093,0.9609620736911869,1.1156276685845505,0.680553278626633,1.1436621603352968
b1:v2:h12:tr_4rt:ed_logit:geo1:dyn1:lw_obj:enc_mlp:sp_joint:hd_sh:dec_leg:nz_glob:us_none:z16:w64:ep300:pat30:bs8:m128:lr0.001:hs_path:cal1:id0:fit_all:vm256:wd0.0:pipe_two:mask0.5:mr0.5:mg0.3:mo0.2,42,states_dc,1.1344485752151139,0.9730521936859791,0.8597225897138638,0.9674656914941182,1.025960204617447,0.6966733840373821,1.12886446614122
b1:v2:h12:tr_4rt:ed_logit:geo1:dyn1:lw_obj:enc_mlp:sp_joint:hd_sh:dec_leg:nz_glob:us_none:z16:w64:ep300:pat30:bs8:m128:lr0.001:hs_path:cal1:id0:fit_all:vm256:wd0.0:pipe_two:mask0.5:mr0.5:mg0.3:mo0.2,43,US,1.2796716528167085,1.208787951838007,0.8932460319922954,0.8686263696673283,2.633773390959415,0.8377400363148274,1.385808575599457
b1:v2:h12:tr_4rt:ed_logit:geo1:dyn1:lw_obj:enc_mlp:sp_joint:hd_sh:dec_leg:nz_glob:us_none:z16:w64:ep300:pat30:bs8:m128:lr0.001:hs_path:cal1:id0:fit_all:vm256:wd0.0:pipe_two:mask0.5:mr0.5:mg0.3:mo0.2,43,all,1.2454326202039485,1.1205934383639207,1.017032448762411,0.9189725678289046,1.717976375292539,0.7530974130041106,1.3051944546880456
b1:v2:h12:tr_4rt:ed_logit:geo1:dyn1:lw_obj:enc_mlp:sp_joint:hd_sh:dec_leg:nz_glob:us_none:z16:w64:ep300:pat30:bs8:m128:lr0.001:hs_path:cal1:id0:fit_all:vm256:wd0.0:pipe_two:mask0.5:mr0.5:mg0.3:mo0.2,43,states_dc,1.236872862050758,1.0985448099953987,1.04797905295494,0.9315591173692983,1.4890271213758195,0.7319367571764313,1.2850409244601921
b1:v2:h12:tr_4rt:ed_logit:geo1:dyn1:lw_obj:enc_mlp:sp_joint:hd_sh:dec_leg:nz_glob:us_none:z16:w64:ep300:pat30:bs8:m128:lr0.001:hs_path:cal1:id0:fit_all:vm256:wd0.0:pipe_two:mask0.5:mr0.5:mg0.3:mo0.2,44,US,1.2787737836196904,1.0144261678607303,0.6286938036135521,1.0167292604408564,1.561394025031077,0.8775903765400493,1.178770142114815
b1:v2:h12:tr_4rt:ed_logit:geo1:dyn1:lw_obj:enc_mlp:sp_joint:hd_sh:dec_leg:nz_glob:us_none:z16:w64:ep300:pat30:bs8:m128:lr0.001:hs_path:cal1:id0:fit_all:vm256:wd0.0:pipe_two:mask0.5:mr0.5:mg0.3:mo0.2,44,all,1.2117021117257938,0.9850780780304262,0.9108363067755436,1.0389860989996371,1.207446200113436,0.7625312478272527,1.1328764399054565
b1:v2:h12:tr_4rt:ed_logit:geo1:dyn1:lw_obj:enc_mlp:sp_joint:hd_sh:dec_leg:nz_glob:us_none:z16:w64:ep300:pat30:bs8:m128:lr0.001:hs_path:cal1:id0:fit_all:vm256:wd0.0:pipe_two:mask0.5:mr0.5:mg0.3:mo0.2,44,states_dc,1.1949341937523192,0.9777410555728501,0.9813719325660416,1.0445503086393324,1.1189592438840257,0.7337664656490535,1.1214030143531166
b1:v2:h12:tr_4rt:ed_logit:geo1:dyn1:lw_obj:enc_mlp:sp_none:hd_sh:dec_leg:nz_glob:us_none:z16:w64:ep300:pat30:bs8:m128:lr0.001:hs_sh:cal1:id0:fit_path:vm256:wd0.0:pipe_aux025:mask0.5:mr0.5:mg0.3:mo0.2,42,US,0.8245531516602068,0.8617041511733673,0.5351870264037326,0.8916246241656755,1.2592272747985704,0.8739833567862217,0.8371845817364943
b1:v2:h12:tr_4rt:ed_logit:geo1:dyn1:lw_obj:enc_mlp:sp_none:hd_sh:dec_leg:nz_glob:us_none:z16:w64:ep300:pat30:bs8:m128:lr0.001:hs_sh:cal1:id0:fit_path:vm256:wd0.0:pipe_aux025:mask0.5:mr0.5:mg0.3:mo0.2,42,all,0.8924446874912979,0.95536592921245,0.8437157208286792,0.9245516741497544,1.087109174969211,0.8049070083205105,0.9030482341808598
b1:v2:h12:tr_4rt:ed_logit:geo1:dyn1:lw_obj:enc_mlp:sp_none:hd_sh:dec_leg:nz_glob:us_none:z16:w64:ep300:pat30:bs8:m128:lr0.001:hs_sh:cal1:id0:fit_path:vm256:wd0.0:pipe_aux025:mask0.5:mr0.5:mg0.3:mo0.2,42,states_dc,0.9094175714490706,0.9787813737222205,0.9208478944349157,0.9327834366457741,1.0440796500118712,0.7876379212040826,0.919514147291951
b1:v2:h12:tr_4rt:ed_logit:geo1:dyn1:lw_obj:enc_mlp:sp_none:hd_sh:dec_leg:nz_glob:us_none:z16:w64:ep300:pat30:bs8:m128:lr0.001:hs_sh:cal1:id0:fit_path:vm256:wd0.0:pipe_aux025:mask0.5:mr0.5:mg0.3:mo0.2,43,US,0.8241247626972351,0.9056154315659981,0.6375956756917496,0.841351530228105,1.031573246521951,1.0990101892773139,0.868544919607682
b1:v2:h12:tr_4rt:ed_logit:geo1:dyn1:lw_obj:enc_mlp:sp_none:hd_sh:dec_leg:nz_glob:us_none:z16:w64:ep300:pat30:bs8:m128:lr0.001:hs_sh:cal1:id0:fit_path:vm256:wd0.0:pipe_aux025:mask0.5:mr0.5:mg0.3:mo0.2,43,all,0.8991155914234397,0.9737854948535095,0.892139362585276,0.8897348245188942,1.0324711172044727,0.9333114028837932,0.9306348664506282
b1:v2:h12:tr_4rt:ed_logit:geo1:dyn1:lw_obj:enc_mlp:sp_none:hd_sh:dec_leg:nz_glob:us_none:z16:w64:ep300:pat30:bs8:m128:lr0.001:hs_sh:cal1:id0:fit_path:vm256:wd0.0:pipe_aux025:mask0.5:mr0.5:mg0.3:mo0.2,43,states_dc,0.9178632986049907,0.9908280106753871,0.9557752843086578,0.9018306480915914,1.032695584875103,0.891886706285413,0.9461573531613648
b1:v2:h12:tr_4rt:ed_logit:geo1:dyn1:lw_obj:enc_mlp:sp_none:hd_sh:dec_leg:nz_glob:us_none:z16:w64:ep300:pat30:bs8:m128:lr0.001:hs_sh:cal1:id0:fit_path:vm256:wd0.0:pipe_aux025:mask0.5:mr0.5:mg0.3:mo0.2,44,US,0.9532382576661483,0.8571809624857281,0.6961248574371296,1.024930413695797,1.0116983349185913,1.1747776825119558,0.962008977566201
b1:v2:h12:tr_4rt:ed_logit:geo1:dyn1:lw_obj:enc_mlp:sp_none:hd_sh:dec_leg:nz_glob:us_none:z16:w64:ep300:pat30:bs8:m128:lr0.001:hs_sh:cal1:id0:fit_path:vm256:wd0.0:pipe_aux025:mask0.5:mr0.5:mg0.3:mo0.2,44,all,0.9926139383397076,0.9437289918582739,0.9838327327541672,1.0528320459704104,1.032295733916872,0.9947956927541425,1.0021598379741425
b1:v2:h12:tr_4rt:ed_logit:geo1:dyn1:lw_obj:enc_mlp:sp_none:hd_sh:dec_leg:nz_glob:us_none:z16:w64:ep300:pat30:bs8:m128:lr0.001:hs_sh:cal1:id0:fit_path:vm256:wd0.0:pipe_aux025:mask0.5:mr0.5:mg0.3:mo0.2,44,states_dc,1.0024578585080972,0.9653659992014102,1.0557597015834266,1.0598074540390636,1.037445083666442,0.9498001953146892,1.0121975530761278
b1:v2:h12:tr_4rt:ed_logit:geo1:dyn1:lw_obj:enc_mlp:sp_none:hd_sh:dec_leg:nz_glob:us_none:z16:w64:ep300:pat30:bs8:m128:lr0.001:hs_sh:cal1:id0:fit_path:vm256:wd0.0:pipe_direct:mask0.5:mr0.5:mg0.3:mo0.2,42,US,1.3192782844570219,0.9189998958162215,0.7151697791366947,0.9863666647421692,0.9267886610970553,0.9366251853937881,1.251824440427182
b1:v2:h12:tr_4rt:ed_logit:geo1:dyn1:lw_obj:enc_mlp:sp_none:hd_sh:dec_leg:nz_glob:us_none:z16:w64:ep300:pat30:bs8:m128:lr0.001:hs_sh:cal1:id0:fit_path:vm256:wd0.0:pipe_direct:mask0.5:mr0.5:mg0.3:mo0.2,42,all,1.2706744437668298,0.9464155721351855,0.9295909095860053,1.026907969866787,0.9612452761694977,0.8150747603370205,1.1983072456229353
b1:v2:h12:tr_4rt:ed_logit:geo1:dyn1:lw_obj:enc_mlp:sp_none:hd_sh:dec_leg:nz_glob:us_none:z16:w64:ep300:pat30:bs8:m128:lr0.001:hs_sh:cal1:id0:fit_path:vm256:wd0.0:pipe_direct:mask0.5:mr0.5:mg0.3:mo0.2,42,states_dc,1.2585234835942813,0.9532694912149262,0.9831961921983328,1.037043296147941,0.9698594299376081,0.7846871540728286,1.1849279469218736
b1:v2:h12:tr_4rt:ed_logit:geo1:dyn1:lw_obj:enc_mlp:sp_none:hd_sh:dec_leg:nz_glob:us_none:z16:w64:ep300:pat30:bs8:m128:lr0.001:hs_sh:cal1:id0:fit_path:vm256:wd0.0:pipe_direct:mask0.5:mr0.5:mg0.3:mo0.2,43,US,1.0167419900298535,0.8854643422453083,0.5184539663519948,1.078892428887409,1.2375388965409946,0.8621993837148836,0.9382926811279031
b1:v2:h12:tr_4rt:ed_logit:geo1:dyn1:lw_obj:enc_mlp:sp_none:hd_sh:dec_leg:nz_glob:us_none:z16:w64:ep300:pat30:bs8:m128:lr0.001:hs_sh:cal1:id0:fit_path:vm256:wd0.0:pipe_direct:mask0.5:mr0.5:mg0.3:mo0.2,43,all,1.0047307896289268,0.9362967033508325,0.8368219216483942,0.9981478581535735,1.0932754337325399,0.797701170985361,0.9667324793977499
b1:v2:h12:tr_4rt:ed_logit:geo1:dyn1:lw_obj:enc_mlp:sp_none:hd_sh:dec_leg:nz_glob:us_none:z16:w64:ep300:pat30:bs8:m128:lr0.001:hs_sh:cal1:id0:fit_path:vm256:wd0.0:pipe_direct:mask0.5:mr0.5:mg0.3:mo0.2,43,states_dc,1.001727989528695,0.9490047936272132,0.9164139104724941,0.9779617154701146,1.057209568030426,0.7815766178029805,0.9738424289652112
b1:v2:h12:tr_4rt:ed_logit:geo1:dyn1:lw_obj:enc_mlp:sp_none:hd_sh:dec_leg:nz_glob:us_none:z16:w64:ep300:pat30:bs8:m128:lr0.001:hs_sh:cal1:id0:fit_path:vm256:wd0.0:pipe_direct:mask0.5:mr0.5:mg0.3:mo0.2,44,US,1.2189727297786146,0.8220116141205196,0.895969344853467,0.7576451903239604,1.030238102685976,1.3415549779996527,1.2814707090804691
b1:v2:h12:tr_4rt:ed_logit:geo1:dyn1:lw_obj:enc_mlp:sp_none:hd_sh:dec_leg:nz_glob:us_none:z16:w64:ep300:pat30:bs8:m128:lr0.001:hs_sh:cal1:id0:fit_path:vm256:wd0.0:pipe_direct:mask0.5:mr0.5:mg0.3:mo0.2,44,all,1.1530256124432323,0.9591530403676909,1.0659334930648499,0.8469127098927612,1.0301103900758706,1.1005610401600303,1.212091037711972
b1:v2:h12:tr_4rt:ed_logit:geo1:dyn1:lw_obj:enc_mlp:sp_none:hd_sh:dec_leg:nz_glob:us_none:z16:w64:ep300:pat30:bs8:m128:lr0.001:hs_sh:cal1:id0:fit_path:vm256:wd0.0:pipe_direct:mask0.5:mr0.5:mg0.3:mo0.2,44,states_dc,1.1365388331093866,0.9934383969294835,1.1084245301176956,0.8692295897849616,1.030078461923344,1.0403125557001245,1.1947461198698477
b1:v2:h12:tr_4rt:ed_logit:geo1:dyn1:lw_obj:enc_mlp:sp_none:hd_sh:dec_leg:nz_glob:us_none:z16:w64:ep300:pat30:bs8:m128:lr0.001:hs_sh:cal1:id0:fit_path:vm256:wd0.0:pipe_flag:mask0.5:mr0.5:mg0.3:mo0.2,42,US,0.8434340110506667,0.7905477565729204,0.5386453750320167,0.8532106720493402,0.9538696970684302,0.8099712756327919,0.8153678045896561
b1:v2:h12:tr_4rt:ed_logit:geo1:dyn1:lw_obj:enc_mlp:sp_none:hd_sh:dec_leg:nz_glob:us_none:z16:w64:ep300:pat30:bs8:m128:lr0.001:hs_sh:cal1:id0:fit_path:vm256:wd0.0:pipe_flag:mask0.5:mr0.5:mg0.3:mo0.2,42,all,0.908569074737808,0.9174934314026307,0.851261830951615,0.9127221151167719,0.9915586842011974,0.7881265080840538,0.8993625030942941
b1:v2:h12:tr_4rt:ed_logit:geo1:dyn1:lw_obj:enc_mlp:sp_none:hd_sh:dec_leg:nz_glob:us_none:z16:w64:ep300:pat30:bs8:m128:lr0.001:hs_sh:cal1:id0:fit_path:vm256:wd0.0:pipe_flag:mask0.5:mr0.5:mg0.3:mo0.2,42,states_dc,0.9248528406595934,0.9492298501100584,0.9294159449315147,0.9275999758836297,1.0009809309843891,0.7826653161968691,0.9203611777204536
b1:v2:h12:tr_4rt:ed_logit:geo1:dyn1:lw_obj:enc_mlp:sp_none:hd_sh:dec_leg:nz_glob:us_none:z16:w64:ep300:pat30:bs8:m128:lr0.001:hs_sh:cal1:id0:fit_path:vm256:wd0.0:pipe_flag:mask0.5:mr0.5:mg0.3:mo0.2,43,US,0.8034180895935495,0.9253101118016387,0.6371945836566595,0.8407298133575307,1.011865112919574,0.8316572916232388,0.8514959063631974
b1:v2:h12:tr_4rt:ed_logit:geo1:dyn1:lw_obj:enc_mlp:sp_none:hd_sh:dec_leg:nz_glob:us_none:z16:w64:ep300:pat30:bs8:m128:lr0.001:hs_sh:cal1:id0:fit_path:vm256:wd0.0:pipe_flag:mask0.5:mr0.5:mg0.3:mo0.2,43,all,0.8725480256712723,0.9830176995575464,0.8935388559589825,0.9092497777505115,1.0311196470545254,0.7890937528847837,0.9140774673001831
b1:v2:h12:tr_4rt:ed_logit:geo1:dyn1:lw_obj:enc_mlp:sp_none:hd_sh:dec_leg:nz_glob:us_none:z16:w64:ep300:pat30:bs8:m128:lr0.001:hs_sh:cal1:id0:fit_path:vm256:wd0.0:pipe_flag:mask0.5:mr0.5:mg0.3:mo0.2,43,states_dc,0.8898305096907029,0.9974445964965232,0.9576249240345631,0.9263797688487566,1.0359332805882628,0.7784528682001701,0.9297228575344295
b1:v2:h12:tr_4rt:ed_logit:geo1:dyn1:lw_obj:enc_mlp:sp_none:hd_sh:dec_leg:nz_glob:us_none:z16:w64:ep300:pat30:bs8:m128:lr0.001:hs_sh:cal1:id0:fit_path:vm256:wd0.0:pipe_flag:mask0.5:mr0.5:mg0.3:mo0.2,44,US,0.921871393914716,0.9658166356354629,0.660196108534371,1.0176334630375659,1.3876896223531385,1.132785013760175,1.0016529910486467
b1:v2:h12:tr_4rt:ed_logit:geo1:dyn1:lw_obj:enc_mlp:sp_none:hd_sh:dec_leg:nz_glob:us_none:z16:w64:ep300:pat30:bs8:m128:lr0.001:hs_sh:cal1:id0:fit_path:vm256:wd0.0:pipe_flag:mask0.5:mr0.5:mg0.3:mo0.2,44,all,0.9674365088382215,0.9886472936477215,0.9396427858592831,1.0441872525851075,1.1647772414760305,0.9480187226191017,1.0086250699577404
b1:v2:h12:tr_4rt:ed_logit:geo1:dyn1:lw_obj:enc_mlp:sp_none:hd_sh:dec_leg:nz_glob:us_none:z16:w64:ep300:pat30:bs8:m128:lr0.001:hs_sh:cal1:id0:fit_path:vm256:wd0.0:pipe_flag:mask0.5:mr0.5:mg0.3:mo0.2,44,states_dc,0.9788277875690975,0.9943549581507862,1.0095044551905106,1.050825699971993,1.1090491462567533,0.9018271498338336,1.0103680896850136
b1:v2:h12:tr_4rt:ed_logit:geo1:dyn1:lw_obj:enc_mlp:sp_none:hd_sh:dec_leg:nz_glob:us_none:z16:w64:ep300:pat30:bs8:m128:lr0.001:hs_sh:cal1:id0:fit_path:vm256:wd0.0:pipe_two:mask0.5:mr0.5:mg0.3:mo0.2,42,US,1.8059793486290328,0.8885579990206623,0.7937049896007584,1.3358100573707192,1.2264522898359336,0.8837939211299489,1.5797207320052429
b1:v2:h12:tr_4rt:ed_logit:geo1:dyn1:lw_obj:enc_mlp:sp_none:hd_sh:dec_leg:nz_glob:us_none:z16:w64:ep300:pat30:bs8:m128:lr0.001:hs_sh:cal1:id0:fit_path:vm256:wd0.0:pipe_two:mask0.5:mr0.5:mg0.3:mo0.2,42,all,1.7798994277076083,0.9760752340744283,0.9580457713931333,1.2777384413350557,1.0514473354897436,0.7902748093549512,1.6061959182746668
b1:v2:h12:tr_4rt:ed_logit:geo1:dyn1:lw_obj:enc_mlp:sp_none:hd_sh:dec_leg:nz_glob:us_none:z16:w64:ep300:pat30:bs8:m128:lr0.001:hs_sh:cal1:id0:fit_path:vm256:wd0.0:pipe_two:mask0.5:mr0.5:mg0.3:mo0.2,42,states_dc,1.773379447477252,0.9979545428378698,0.9991309668412267,1.2632205373261394,1.0076960969031956,0.766895031411202,1.612814714842023
b1:v2:h12:tr_4rt:ed_logit:geo1:dyn1:lw_obj:enc_mlp:sp_none:hd_sh:dec_leg:nz_glob:us_none:z16:w64:ep300:pat30:bs8:m128:lr0.001:hs_sh:cal1:id0:fit_path:vm256:wd0.0:pipe_two:mask0.5:mr0.5:mg0.3:mo0.2,43,US,1.0085886274472415,1.4447657491488968,0.6431426264928088,0.9496769959804872,2.893023540279673,0.8031859959872032,1.1644189179918332
b1:v2:h12:tr_4rt:ed_logit:geo1:dyn1:lw_obj:enc_mlp:sp_none:hd_sh:dec_leg:nz_glob:us_none:z16:w64:ep300:pat30:bs8:m128:lr0.001:hs_sh:cal1:id0:fit_path:vm256:wd0.0:pipe_two:mask0.5:mr0.5:mg0.3:mo0.2,43,all,1.0260365664640176,1.3290196963836416,0.8559887774921671,1.0224089498602442,2.061370922224208,0.780493982174516,1.130900163821343
b1:v2:h12:tr_4rt:ed_logit:geo1:dyn1:lw_obj:enc_mlp:sp_none:hd_sh:dec_leg:nz_glob:us_none:z16:w64:ep300:pat30:bs8:m128:lr0.001:hs_sh:cal1:id0:fit_path:vm256:wd0.0:pipe_two:mask0.5:mr0.5:mg0.3:mo0.2,43,states_dc,1.0303985512182117,1.3000831831923274,0.9092003152420064,1.0405919383301832,1.853457767710341,0.7748209787213443,1.1225204752787201
b1:v2:h12:tr_4rt:ed_logit:geo1:dyn1:lw_obj:enc_mlp:sp_none:hd_sh:dec_leg:nz_glob:us_none:z16:w64:ep300:pat30:bs8:m128:lr0.001:hs_sh:cal1:id0:fit_path:vm256:wd0.0:pipe_two:mask0.5:mr0.5:mg0.3:mo0.2,44,US,1.2004615657567077,1.0484938810927058,0.5753928662470226,1.135833776627695,1.995915846807146,1.0027715249672042,1.130557768574335
b1:v2:h12:tr_4rt:ed_logit:geo1:dyn1:lw_obj:enc_mlp:sp_none:hd_sh:dec_leg:nz_glob:us_none:z16:w64:ep300:pat30:bs8:m128:lr0.001:hs_sh:cal1:id0:fit_path:vm256:wd0.0:pipe_two:mask0.5:mr0.5:mg0.3:mo0.2,44,all,1.227303556072953,1.0458722959720073,0.8246343538627174,1.144573317579591,1.4423620376327688,0.859984583347043,1.139964144282036
b1:v2:h12:tr_4rt:ed_logit:geo1:dyn1:lw_obj:enc_mlp:sp_none:hd_sh:dec_leg:nz_glob:us_none:z16:w64:ep300:pat30:bs8:m128:lr0.001:hs_sh:cal1:id0:fit_path:vm256:wd0.0:pipe_two:mask0.5:mr0.5:mg0.3:mo0.2,44,states_dc,1.2340140536520139,1.0452168996918325,0.8869447257666411,1.1467582028175647,1.3039735853391743,0.8242878479420025,1.1423157382089613
b1:v2:h12:tr_4rt:ed_logit:geo1:dyn1:lw_obj:enc_mlp:sp_none:hd_sh:dec_leg:nz_glob:us_none:z16:w64:ep300:pat30:bs8:m128:lr0.001:hs_sh:cal1:id0:fit_targ:vm256:wd0.0:pipe_aux025:mask0.5:mr0.5:mg0.3:mo0.2,42,US,0.8229641057470857,0.8885172288614047,1.3572022908749184,0.8711497508557683,0.8310093998872367,1.4797427519218318,0.9339891070235096
b1:v2:h12:tr_4rt:ed_logit:geo1:dyn1:lw_obj:enc_mlp:sp_none:hd_sh:dec_leg:nz_glob:us_none:z16:w64:ep300:pat30:bs8:m128:lr0.001:hs_sh:cal1:id0:fit_targ:vm256:wd0.0:pipe_aux025:mask0.5:mr0.5:mg0.3:mo0.2,42,all,0.9137421669706333,0.9436223375036885,1.4078749337410619,0.9355109567601921,0.9310731715941026,1.1643073845212564,0.9856259690986026
b1:v2:h12:tr_4rt:ed_logit:geo1:dyn1:lw_obj:enc_mlp:sp_none:hd_sh:dec_leg:nz_glob:us_none:z16:w64:ep300:pat30:bs8:m128:lr0.001:hs_sh:cal1:id0:fit_targ:vm256:wd0.0:pipe_aux025:mask0.5:mr0.5:mg0.3:mo0.2,42,states_dc,0.9364366822765199,0.9573986146642594,1.4205430944575979,0.9516012582362982,0.9560891145208189,1.0854485426711127,0.9985351846173757
b1:v2:h12:tr_4rt:ed_logit:geo1:dyn1:lw_obj:enc_mlp:sp_none:hd_sh:dec_leg:nz_glob:us_none:z16:w64:ep300:pat30:bs8:m128:lr0.001:hs_sh:cal1:id0:fit_targ:vm256:wd0.0:pipe_aux025:mask0.5:mr0.5:mg0.3:mo0.2,43,US,0.8931956404749876,0.9151012449984548,1.013907197097002,0.7936262422769241,1.2311643921406197,1.469761781137619,0.9433844991887939
b1:v2:h12:tr_4rt:ed_logit:geo1:dyn1:lw_obj:enc_mlp:sp_none:hd_sh:dec_leg:nz_glob:us_none:z16:w64:ep300:pat30:bs8:m128:lr0.001:hs_sh:cal1:id0:fit_targ:vm256:wd0.0:pipe_aux025:mask0.5:mr0.5:mg0.3:mo0.2,43,all,0.9598135267141229,0.9642332601602794,1.2347935310911653,0.9177607506724603,1.092205129822315,1.1778696962840303,0.9938300431607235
b1:v2:h12:tr_4rt:ed_logit:geo1:dyn1:lw_obj:enc_mlp:sp_none:hd_sh:dec_leg:nz_glob:us_none:z16:w64:ep300:pat30:bs8:m128:lr0.001:hs_sh:cal1:id0:fit_targ:vm256:wd0.0:pipe_aux025:mask0.5:mr0.5:mg0.3:mo0.2,43,states_dc,0.9764679982739065,0.9765162639507355,1.290015114589706,0.9487943777713446,1.0574653142427384,1.104896675070633,1.0064414291537058
b1:v2:h12:tr_4rt:ed_logit:geo1:dyn1:lw_obj:enc_mlp:sp_none:hd_sh:dec_leg:nz_glob:us_none:z16:w64:ep300:pat30:bs8:m128:lr0.001:hs_sh:cal1:id0:fit_targ:vm256:wd0.0:pipe_aux025:mask0.5:mr0.5:mg0.3:mo0.2,44,US,0.903914197135668,0.9810419181238672,0.8445069588284134,0.9178525620051291,0.9316810116021211,1.2721013778909793,1.0052380717056855
b1:v2:h12:tr_4rt:ed_logit:geo1:dyn1:lw_obj:enc_mlp:sp_none:hd_sh:dec_leg:nz_glob:us_none:z16:w64:ep300:pat30:bs8:m128:lr0.001:hs_sh:cal1:id0:fit_targ:vm256:wd0.0:pipe_aux025:mask0.5:mr0.5:mg0.3:mo0.2,44,all,0.9547872421662023,1.0503079739895522,1.029538252569639,1.0137126013339413,0.9498497046045512,1.052234923508621,1.02898275838488
b1:v2:h12:tr_4rt:ed_logit:geo1:dyn1:lw_obj:enc_mlp:sp_none:hd_sh:dec_leg:nz_glob:us_none:z16:w64:ep300:pat30:bs8:m128:lr0.001:hs_sh:cal1:id0:fit_targ:vm256:wd0.0:pipe_aux025:mask0.5:mr0.5:mg0.3:mo0.2,44,states_dc,0.9675055034238357,1.0676244879559738,1.0757960760049454,1.037677611166144,0.9543918778551586,0.9972683099130315,1.0349189300546786
b1:v2:h12:tr_4rt:ed_logit:geo1:dyn1:lw_obj:enc_mlp:sp_none:hd_sh:dec_leg:nz_glob:us_none:z16:w64:ep300:pat30:bs8:m128:lr0.001:hs_sh:cal1:id0:fit_targ:vm256:wd0.0:pipe_direct:mask0.5:mr0.5:mg0.3:mo0.2,42,US,1.0325393636059779,0.8779741312973101,0.9221612664296551,0.9375853411135349,1.1266654456847849,1.1127007979761903,0.9986229338751166
b1:v2:h12:tr_4rt:ed_logit:geo1:dyn1:lw_obj:enc_mlp:sp_none:hd_sh:dec_leg:nz_glob:us_none:z16:w64:ep300:pat30:bs8:m128:lr0.001:hs_sh:cal1:id0:fit_targ:vm256:wd0.0:pipe_direct:mask0.5:mr0.5:mg0.3:mo0.2,42,all,1.0269003655109155,0.9359773520785184,1.016938447823912,1.0129110565067223,0.9929666653447414,0.9526435643776895,1.0065460962598554
b1:v2:h12:tr_4rt:ed_logit:geo1:dyn1:lw_obj:enc_mlp:sp_none:hd_sh:dec_leg:nz_glob:us_none:z16:w64:ep300:pat30:bs8:m128:lr0.001:hs_sh:cal1:id0:fit_targ:vm256:wd0.0:pipe_direct:mask0.5:mr0.5:mg0.3:mo0.2,42,states_dc,1.0254906159871495,0.9504781572738205,1.0406327431724762,1.0317424853550188,0.9595419702597306,0.9126292559780643,1.0085268868560402
b1:v2:h12:tr_4rt:ed_logit:geo1:dyn1:lw_obj:enc_mlp:sp_none:hd_sh:dec_leg:nz_glob:us_none:z16:w64:ep300:pat30:bs8:m128:lr0.001:hs_sh:cal1:id0:fit_targ:vm256:wd0.0:pipe_direct:mask0.5:mr0.5:mg0.3:mo0.2,43,US,0.9981660921261507,0.9087163326323395,0.677668550823251,1.220194154151079,1.1515777126320028,0.7691279903204542,1.0357847537053573
b1:v2:h12:tr_4rt:ed_logit:geo1:dyn1:lw_obj:enc_mlp:sp_none:hd_sh:dec_leg:nz_glob:us_none:z16:w64:ep300:pat30:bs8:m128:lr0.001:hs_sh:cal1:id0:fit_targ:vm256:wd0.0:pipe_direct:mask0.5:mr0.5:mg0.3:mo0.2,43,all,1.0127589489111868,0.9506197665280063,0.912924406391772,1.1884733807059875,1.0152248297852184,0.7684764849404981,1.0418100058634692
b1:v2:h12:tr_4rt:ed_logit:geo1:dyn1:lw_obj:enc_mlp:sp_none:hd_sh:dec_leg:nz_glob:us_none:z16:w64:ep300:pat30:bs8:m128:lr0.001:hs_sh:cal1:id0:fit_targ:vm256:wd0.0:pipe_direct:mask0.5:mr0.5:mg0.3:mo0.2,43,states_dc,1.0164071631074456,0.9610956250019228,0.9717383702839023,1.1805431873447145,0.9811366090735222,0.768313608595509,1.043316318902997
b1:v2:h12:tr_4rt:ed_logit:geo1:dyn1:lw_obj:enc_mlp:sp_none:hd_sh:dec_leg:nz_glob:us_none:z16:w64:ep300:pat30:bs8:m128:lr0.001:hs_sh:cal1:id0:fit_targ:vm256:wd0.0:pipe_direct:mask0.5:mr0.5:mg0.3:mo0.2,44,US,1.0635294702750893,0.8709375488536163,0.7436003410579033,0.7238307790879618,0.9604027837259269,0.8374751993876915,1.0775635432479596
b1:v2:h12:tr_4rt:ed_logit:geo1:dyn1:lw_obj:enc_mlp:sp_none:hd_sh:dec_leg:nz_glob:us_none:z16:w64:ep300:pat30:bs8:m128:lr0.001:hs_sh:cal1:id0:fit_targ:vm256:wd0.0:pipe_direct:mask0.5:mr0.5:mg0.3:mo0.2,44,all,1.0541107405463306,0.9337985196384486,1.002614271062462,0.8618318430353265,0.9502117113196351,0.8495481290661739,1.0647871293116034
b1:v2:h12:tr_4rt:ed_logit:geo1:dyn1:lw_obj:enc_mlp:sp_none:hd_sh:dec_leg:nz_glob:us_none:z16:w64:ep300:pat30:bs8:m128:lr0.001:hs_sh:cal1:id0:fit_targ:vm256:wd0.0:pipe_direct:mask0.5:mr0.5:mg0.3:mo0.2,44,states_dc,1.0517560581141407,0.9495137623346566,1.067367753563601,0.8963321090221674,0.9476639432180621,0.8525663614857946,1.061593025827514
b1:v2:h12:tr_4rt:ed_logit:geo1:dyn1:lw_obj:enc_mlp:sp_none:hd_sh:dec_leg:nz_glob:us_none:z16:w64:ep300:pat30:bs8:m128:lr0.001:hs_sh:cal1:id0:fit_targ:vm256:wd0.0:pipe_flag:mask0.5:mr0.5:mg0.3:mo0.2,42,US,0.9004767990458221,0.880257203205206,0.7142010041332488,0.8796653616707427,1.030567694010064,0.7653686443822977,0.8800087599606083
b1:v2:h12:tr_4rt:ed_logit:geo1:dyn1:lw_obj:enc_mlp:sp_none:hd_sh:dec_leg:nz_glob:us_none:z16:w64:ep300:pat30:bs8:m128:lr0.001:hs_sh:cal1:id0:fit_targ:vm256:wd0.0:pipe_flag:mask0.5:mr0.5:mg0.3:mo0.2,42,all,0.971954348992201,0.9431574423358458,0.9799643394166633,0.9291506486985613,0.9740322816151734,0.7420149965738284,0.9530029242017477
b1:v2:h12:tr_4rt:ed_logit:geo1:dyn1:lw_obj:enc_mlp:sp_none:hd_sh:dec_leg:nz_glob:us_none:z16:w64:ep300:pat30:bs8:m128:lr0.001:hs_sh:cal1:id0:fit_targ:vm256:wd0.0:pipe_flag:mask0.5:mr0.5:mg0.3:mo0.2,42,states_dc,0.9898237364787955,0.9588825021185057,1.0464051732375168,0.941521970455516,0.9598984285164507,0.7361765846217112,0.9712514652620324
b1:v2:h12:tr_4rt:ed_logit:geo1:dyn1:lw_obj:enc_mlp:sp_none:hd_sh:dec_leg:nz_glob:us_none:z16:w64:ep300:pat30:bs8:m128:lr0.001:hs_sh:cal1:id0:fit_targ:vm256:wd0.0:pipe_flag:mask0.5:mr0.5:mg0.3:mo0.2,43,US,0.9817976703886452,0.8974665918848395,0.6881249135168787,0.8303427901365477,1.3810838130010956,1.6288500461364763,1.0208707708020073
b1:v2:h12:tr_4rt:ed_logit:geo1:dyn1:lw_obj:enc_mlp:sp_none:hd_sh:dec_leg:nz_glob:us_none:z16:w64:ep300:pat30:bs8:m128:lr0.001:hs_sh:cal1:id0:fit_targ:vm256:wd0.0:pipe_flag:mask0.5:mr0.5:mg0.3:mo0.2,43,all,1.0119021191373585,0.9796276093392411,0.9171797773804684,0.9205001048630875,1.1724567190831314,1.2735233457067356,1.0399162976147016
b1:v2:h12:tr_4rt:ed_logit:geo1:dyn1:lw_obj:enc_mlp:sp_none:hd_sh:dec_leg:nz_glob:us_none:z16:w64:ep300:pat30:bs8:m128:lr0.001:hs_sh:cal1:id0:fit_targ:vm256:wd0.0:pipe_flag:mask0.5:mr0.5:mg0.3:mo0.2,43,states_dc,1.0194282313245366,1.0001678637028415,0.9744434933463658,0.9430394335447224,1.12029994560364,1.1846916705993003,1.044677679317875
b1:v2:h12:tr_4rt:ed_logit:geo1:dyn1:lw_obj:enc_mlp:sp_none:hd_sh:dec_leg:nz_glob:us_none:z16:w64:ep300:pat30:bs8:m128:lr0.001:hs_sh:cal1:id0:fit_targ:vm256:wd0.0:pipe_flag:mask0.5:mr0.5:mg0.3:mo0.2,44,US,1.0518560893843643,1.0003116727922,0.801986138621727,0.734242257675278,0.835127479549423,0.8827720356185812,1.0913635952779692
b1:v2:h12:tr_4rt:ed_logit:geo1:dyn1:lw_obj:enc_mlp:sp_none:hd_sh:dec_leg:nz_glob:us_none:z16:w64:ep300:pat30:bs8:m128:lr0.001:hs_sh:cal1:id0:fit_targ:vm256:wd0.0:pipe_flag:mask0.5:mr0.5:mg0.3:mo0.2,44,all,1.0741614325566602,1.0165953788354316,0.9947677438505624,0.8482196217984715,0.9100838410313326,0.8546204754659763,1.0929800540392374
b1:v2:h12:tr_4rt:ed_logit:geo1:dyn1:lw_obj:enc_mlp:sp_none:hd_sh:dec_leg:nz_glob:us_none:z16:w64:ep300:pat30:bs8:m128:lr0.001:hs_sh:cal1:id0:fit_targ:vm256:wd0.0:pipe_flag:mask0.5:mr0.5:mg0.3:mo0.2,44,states_dc,1.079737768349734,1.0206663053462393,1.0429631451577714,0.8767139628292699,0.9288229314018098,0.8475825854278249,1.0933841687295545
b1:v2:h12:tr_4rt:ed_logit:geo1:dyn1:lw_obj:enc_mlp:sp_none:hd_sh:dec_leg:nz_glob:us_none:z16:w64:ep300:pat30:bs8:m128:lr0.001:hs_sh:cal1:id0:fit_targ:vm256:wd0.0:pipe_two:mask0.5:mr0.5:mg0.3:mo0.2,42,US,1.3297174146795703,1.2340581823420371,0.7048630983472769,1.0221387948846963,1.1989456061177393,0.7463476752640378,1.273349786352175
b1:v2:h12:tr_4rt:ed_logit:geo1:dyn1:lw_obj:enc_mlp:sp_none:hd_sh:dec_leg:nz_glob:us_none:z16:w64:ep300:pat30:bs8:m128:lr0.001:hs_sh:cal1:id0:fit_targ:vm256:wd0.0:pipe_two:mask0.5:mr0.5:mg0.3:mo0.2,42,all,1.3034775736143123,1.1534117564679227,0.9608791823471077,1.0754649736401114,1.0370507202163484,0.7186157157934564,1.2499897581083477
b1:v2:h12:tr_4rt:ed_logit:geo1:dyn1:lw_obj:enc_mlp:sp_none:hd_sh:dec_leg:nz_glob:us_none:z16:w64:ep300:pat30:bs8:m128:lr0.001:hs_sh:cal1:id0:fit_targ:vm256:wd0.0:pipe_two:mask0.5:mr0.5:mg0.3:mo0.2,42,states_dc,1.2969176133479978,1.133250149999394,1.0248832033470652,1.0887965183289652,0.9965769987410005,0.7116827259258112,1.244149751047391
b1:v2:h12:tr_4rt:ed_logit:geo1:dyn1:lw_obj:enc_mlp:sp_none:hd_sh:dec_leg:nz_glob:us_none:z16:w64:ep300:pat30:bs8:m128:lr0.001:hs_sh:cal1:id0:fit_targ:vm256:wd0.0:pipe_two:mask0.5:mr0.5:mg0.3:mo0.2,43,US,1.1296675008159134,1.0507444218496045,1.1463086655648251,1.3463560677123407,1.7054813542058818,1.1269947289510733,1.1480298864897787
b1:v2:h12:tr_4rt:ed_logit:geo1:dyn1:lw_obj:enc_mlp:sp_none:hd_sh:dec_leg:nz_glob:us_none:z16:w64:ep300:pat30:bs8:m128:lr0.001:hs_sh:cal1:id0:fit_targ:vm256:wd0.0:pipe_two:mask0.5:mr0.5:mg0.3:mo0.2,43,all,1.1470625905033398,1.0585586970710703,1.2632698762057646,1.3351765129953432,1.3107594996374057,0.9233171503725667,1.1418698478700338
b1:v2:h12:tr_4rt:ed_logit:geo1:dyn1:lw_obj:enc_mlp:sp_none:hd_sh:dec_leg:nz_glob:us_none:z16:w64:ep300:pat30:bs8:m128:lr0.001:hs_sh:cal1:id0:fit_targ:vm256:wd0.0:pipe_two:mask0.5:mr0.5:mg0.3:mo0.2,43,states_dc,1.1514113629251965,1.060512265876437,1.2925101788659994,1.3323816243160937,1.2120790359952869,0.87239775572794,1.1403298382150977
b1:v2:h12:tr_4rt:ed_logit:geo1:dyn1:lw_obj:enc_mlp:sp_none:hd_sh:dec_leg:nz_glob:us_none:z16:w64:ep300:pat30:bs8:m128:lr0.001:hs_sh:cal1:id0:fit_targ:vm256:wd0.0:pipe_two:mask0.5:mr0.5:mg0.3:mo0.2,44,US,1.3523912717278204,0.9715794831702438,0.7751853659354522,1.1210691237519517,1.6619880542959211,0.8120270733000527,1.2545082834850376
b1:v2:h12:tr_4rt:ed_logit:geo1:dyn1:lw_obj:enc_mlp:sp_none:hd_sh:dec_leg:nz_glob:us_none:z16:w64:ep300:pat30:bs8:m128:lr0.001:hs_sh:cal1:id0:fit_targ:vm256:wd0.0:pipe_two:mask0.5:mr0.5:mg0.3:mo0.2,44,all,1.2957714335633697,1.003129496393021,1.001263009058928,1.1924620130135293,1.2309740118018,0.7996533278956885,1.2176884879912773
b1:v2:h12:tr_4rt:ed_logit:geo1:dyn1:lw_obj:enc_mlp:sp_none:hd_sh:dec_leg:nz_glob:us_none:z16:w64:ep300:pat30:bs8:m128:lr0.001:hs_sh:cal1:id0:fit_targ:vm256:wd0.0:pipe_two:mask0.5:mr0.5:mg0.3:mo0.2,44,states_dc,1.281616474022257,1.0110169996987153,1.0577824198397967,1.210310235328924,1.1232205011782697,0.7965598915445974,1.2084835391178368
b1:v2:h12:tr_4rt:ed_logit:geo1:dyn1:lw_obj:enc_msc:sp_none:hd_sh:dec_leg:nz_glob:us_none:z16:w64:ep300:pat30:bs8:m128:lr0.001:hs_sh:cal1:id0:fit_targ:vm256:wd0.0:pipe_aux025:mask0.5:mr0.5:mg0.3:mo0.2,42,US,0.7200732773856856,1.0400646722212101,0.9711823778133521,0.7654957770060627,1.0109523079986473,1.0481677050371603,0.8608536503837985
b1:v2:h12:tr_4rt:ed_logit:geo1:dyn1:lw_obj:enc_msc:sp_none:hd_sh:dec_leg:nz_glob:us_none:z16:w64:ep300:pat30:bs8:m128:lr0.001:hs_sh:cal1:id0:fit_targ:vm256:wd0.0:pipe_aux025:mask0.5:mr0.5:mg0.3:mo0.2,42,all,0.8524640786842553,1.0069599457571652,1.0543687336665808,0.8592605821767523,0.9399694257391937,0.9407784645225167,0.9351776065280556
b1:v2:h12:tr_4rt:ed_logit:geo1:dyn1:lw_obj:enc_msc:sp_none:hd_sh:dec_leg:nz_glob:us_none:z16:w64:ep300:pat30:bs8:m128:lr0.001:hs_sh:cal1:id0:fit_targ:vm256:wd0.0:pipe_aux025:mask0.5:mr0.5:mg0.3:mo0.2,42,states_dc,0.8855617790088978,0.9986837641411537,1.075165322629888,0.8827017834694246,0.92222370517433,0.9139311543938559,0.9537585955641198
b1:v2:h12:tr_4rt:ed_logit:geo1:dyn1:lw_obj:enc_msc:sp_none:hd_sh:dec_leg:nz_glob:us_none:z16:w64:ep300:pat30:bs8:m128:lr0.001:hs_sh:cal1:id0:fit_targ:vm256:wd0.0:pipe_aux025:mask0.5:mr0.5:mg0.3:mo0.2,43,US,0.8147848043329039,0.9930642853778578,0.7100855437787238,0.7635261948598344,1.0866697684759141,1.7145613144458005,0.8980060095715955
b1:v2:h12:tr_4rt:ed_logit:geo1:dyn1:lw_obj:enc_msc:sp_none:hd_sh:dec_leg:nz_glob:us_none:z16:w64:ep300:pat30:bs8:m128:lr0.001:hs_sh:cal1:id0:fit_targ:vm256:wd0.0:pipe_aux025:mask0.5:mr0.5:mg0.3:mo0.2,43,all,0.9255965939058615,1.037880072748548,0.9840048949057654,0.8753815807959139,1.013882353652691,1.279736986585879,0.992022992148776
b1:v2:h12:tr_4rt:ed_logit:geo1:dyn1:lw_obj:enc_msc:sp_none:hd_sh:dec_leg:nz_glob:us_none:z16:w64:ep300:pat30:bs8:m128:lr0.001:hs_sh:cal1:id0:fit_targ:vm256:wd0.0:pipe_aux025:mask0.5:mr0.5:mg0.3:mo0.2,43,states_dc,0.9532995412991007,1.0490840195912206,1.0524847326875257,0.9033454272799335,0.9956854999468852,1.1710309046208982,1.0155272377930709
b1:v2:h12:tr_4rt:ed_logit:geo1:dyn1:lw_obj:enc_msc:sp_none:hd_sh:dec_leg:nz_glob:us_none:z16:w64:ep300:pat30:bs8:m128:lr0.001:hs_sh:cal1:id0:fit_targ:vm256:wd0.0:pipe_aux025:mask0.5:mr0.5:mg0.3:mo0.2,44,US,1.1583673156434156,1.1022517223945423,0.9525114114866874,0.7821735482609581,0.9270459329979757,1.6818111659673154,1.0735673703121766
b1:v2:h12:tr_4rt:ed_logit:geo1:dyn1:lw_obj:enc_msc:sp_none:hd_sh:dec_leg:nz_glob:us_none:z16:w64:ep300:pat30:bs8:m128:lr0.001:hs_sh:cal1:id0:fit_targ:vm256:wd0.0:pipe_aux025:mask0.5:mr0.5:mg0.3:mo0.2,44,all,1.135051417073056,1.0632147905079585,1.08111851504338,0.8753717471884201,0.9303571852468978,1.2394791626385442,1.1025407346751657
b1:v2:h12:tr_4rt:ed_logit:geo1:dyn1:lw_obj:enc_msc:sp_none:hd_sh:dec_leg:nz_glob:us_none:z16:w64:ep300:pat30:bs8:m128:lr0.001:hs_sh:cal1:id0:fit_targ:vm256:wd0.0:pipe_aux025:mask0.5:mr0.5:mg0.3:mo0.2,44,states_dc,1.1292224424304658,1.0534555575363127,1.113270290932553,0.8986712969202856,0.9311849983091285,1.1288961618063513,1.109784075765913
b1:v2:h12:tr_4rt:ed_logit:geo1:dyn1:lw_obj:enc_msc:sp_none:hd_sh:dec_leg:nz_glob:us_none:z16:w64:ep300:pat30:bs8:m128:lr0.001:hs_sh:cal1:id0:fit_targ:vm256:wd0.0:pipe_direct:mask0.5:mr0.5:mg0.3:mo0.2,42,US,1.0082900278921918,0.8602822408443882,1.0463645853666212,0.9938492529916506,1.3868410342111068,0.8480963243800091,0.9737030116609199
b1:v2:h12:tr_4rt:ed_logit:geo1:dyn1:lw_obj:enc_msc:sp_none:hd_sh:dec_leg:nz_glob:us_none:z16:w64:ep300:pat30:bs8:m128:lr0.001:hs_sh:cal1:id0:fit_targ:vm256:wd0.0:pipe_direct:mask0.5:mr0.5:mg0.3:mo0.2,42,all,1.0316695007515742,0.9542903977198369,1.0894031428405835,1.0840639567580361,1.1207563460984564,0.7933037677523531,1.0304001066165467
b1:v2:h12:tr_4rt:ed_logit:geo1:dyn1:lw_obj:enc_msc:sp_none:hd_sh:dec_leg:nz_glob:us_none:z16:w64:ep300:pat30:bs8:m128:lr0.001:hs_sh:cal1:id0:fit_targ:vm256:wd0.0:pipe_direct:mask0.5:mr0.5:mg0.3:mo0.2,42,states_dc,1.03751436896642,0.977792436938699,1.1001627822090738,1.1066176326996326,1.0542351740702935,0.7796056285954391,1.0445743803554532
b1:v2:h12:tr_4rt:ed_logit:geo1:dyn1:lw_obj:enc_msc:sp_none:hd_sh:dec_leg:nz_glob:us_none:z16:w64:ep300:pat30:bs8:m128:lr0.001:hs_sh:cal1:id0:fit_targ:vm256:wd0.0:pipe_direct:mask0.5:mr0.5:mg0.3:mo0.2,43,US,1.0181164368154396,0.9518941725090537,0.6875803002740645,1.1479805686185351,0.9181351557783597,1.000969558378438,1.0239005287397875
b1:v2:h12:tr_4rt:ed_logit:geo1:dyn1:lw_obj:enc_msc:sp_none:hd_sh:dec_leg:nz_glob:us_none:z16:w64:ep300:pat30:bs8:m128:lr0.001:hs_sh:cal1:id0:fit_targ:vm256:wd0.0:pipe_direct:mask0.5:mr0.5:mg0.3:mo0.2,43,all,1.0384263149976305,1.0015440069204296,0.9073544025324838,1.1576230511954089,1.01008116967698,0.8768824596426917,1.0646139738756146
b1:v2:h12:tr_4rt:ed_logit:geo1:dyn1:lw_obj:enc_msc:sp_none:hd_sh:dec_leg:nz_glob:us_none:z16:w64:ep300:pat30:bs8:m128:lr0.001:hs_sh:cal1:id0:fit_targ:vm256:wd0.0:pipe_direct:mask0.5:mr0.5:mg0.3:mo0.2,43,states_dc,1.0435037845431783,1.0139564655232733,0.9622979280970883,1.1600336718396274,1.0330676731516348,0.8458606849587551,1.0747923351595714
b1:v2:h12:tr_4rt:ed_logit:geo1:dyn1:lw_obj:enc_msc:sp_none:hd_sh:dec_leg:nz_glob:us_none:z16:w64:ep300:pat30:bs8:m128:lr0.001:hs_sh:cal1:id0:fit_targ:vm256:wd0.0:pipe_direct:mask0.5:mr0.5:mg0.3:mo0.2,44,US,1.0688262545404192,1.060616070483381,1.3263262393874442,0.8666358598361623,0.9614749686424463,0.9999837917898878,1.0971067933208112
b1:v2:h12:tr_4rt:ed_logit:geo1:dyn1:lw_obj:enc_msc:sp_none:hd_sh:dec_leg:nz_glob:us_none:z16:w64:ep300:pat30:bs8:m128:lr0.001:hs_sh:cal1:id0:fit_targ:vm256:wd0.0:pipe_direct:mask0.5:mr0.5:mg0.3:mo0.2,44,all,1.0846473831922323,1.0797181894245227,1.3494737404848656,0.9184771334758348,0.9490908068540319,0.8239218094941337,1.1140587257684764
b1:v2:h12:tr_4rt:ed_logit:geo1:dyn1:lw_obj:enc_msc:sp_none:hd_sh:dec_leg:nz_glob:us_none:z16:w64:ep300:pat30:bs8:m128:lr0.001:hs_sh:cal1:id0:fit_targ:vm256:wd0.0:pipe_direct:mask0.5:mr0.5:mg0.3:mo0.2,44,states_dc,1.0886026653551855,1.0844937191598079,1.3552606157592202,0.9314374518857527,0.9459947664069279,0.7799063139201952,1.1182967088803923
b1:v2:h12:tr_4rt:ed_logit:geo1:dyn1:lw_obj:enc_msc:sp_none:hd_sh:dec_leg:nz_glob:us_none:z16:w64:ep300:pat30:bs8:m128:lr0.001:hs_sh:cal1:id0:fit_targ:vm256:wd0.0:pipe_flag:mask0.5:mr0.5:mg0.3:mo0.2,42,US,0.8281748582950135,1.1986074964584996,1.0568763614423413,0.8078066181293635,1.0063151253120743,1.2998364558469884,0.9390522458127203
b1:v2:h12:tr_4rt:ed_logit:geo1:dyn1:lw_obj:enc_msc:sp_none:hd_sh:dec_leg:nz_glob:us_none:z16:w64:ep300:pat30:bs8:m128:lr0.001:hs_sh:cal1:id0:fit_targ:vm256:wd0.0:pipe_flag:mask0.5:mr0.5:mg0.3:mo0.2,42,all,0.9169060456271572,1.1485700165491424,1.1110835212410703,0.8766384083412645,0.9374965757114564,1.0644164372582947,0.9975263172351582
b1:v2:h12:tr_4rt:ed_logit:geo1:dyn1:lw_obj:enc_msc:sp_none:hd_sh:dec_leg:nz_glob:us_none:z16:w64:ep300:pat30:bs8:m128:lr0.001:hs_sh:cal1:id0:fit_targ:vm256:wd0.0:pipe_flag:mask0.5:mr0.5:mg0.3:mo0.2,42,states_dc,0.9390888424601931,1.1360606465718028,1.1246353111907523,0.8938463558942397,0.920291938311302,1.0055614326111213,1.0121448350907676
b1:v2:h12:tr_4rt:ed_logit:geo1:dyn1:lw_obj:enc_msc:sp_none:hd_sh:dec_leg:nz_glob:us_none:z16:w64:ep300:pat30:bs8:m128:lr0.001:hs_sh:cal1:id0:fit_targ:vm256:wd0.0:pipe_flag:mask0.5:mr0.5:mg0.3:mo0.2,43,US,0.9158943599674276,1.1253936247432101,0.6075114874635275,0.8866049023833324,0.9343160101862388,1.6758148856016732,0.9797694101583669
b1:v2:h12:tr_4rt:ed_logit:geo1:dyn1:lw_obj:enc_msc:sp_none:hd_sh:dec_leg:nz_glob:us_none:z16:w64:ep300:pat30:bs8:m128:lr0.001:hs_sh:cal1:id0:fit_targ:vm256:wd0.0:pipe_flag:mask0.5:mr0.5:mg0.3:mo0.2,43,all,0.9895592312383528,1.1452935329580702,0.8691913420640613,0.9558089901463349,1.0513543195092963,1.2451852493042814,1.0439067532919752
b1:v2:h12:tr_4rt:ed_logit:geo1:dyn1:lw_obj:enc_msc:sp_none:hd_sh:dec_leg:nz_glob:us_none:z16:w64:ep300:pat30:bs8:m128:lr0.001:hs_sh:cal1:id0:fit_targ:vm256:wd0.0:pipe_flag:mask0.5:mr0.5:mg0.3:mo0.2,43,states_dc,1.007975449056084,1.1502685100117853,0.9346113057141947,0.9731100120870855,1.0806138968400607,1.1375278402299336,1.0599410890753773
b1:v2:h12:tr_4rt:ed_logit:geo1:dyn1:lw_obj:enc_msc:sp_none:hd_sh:dec_leg:nz_glob:us_none:z16:w64:ep300:pat30:bs8:m128:lr0.001:hs_sh:cal1:id0:fit_targ:vm256:wd0.0:pipe_flag:mask0.5:mr0.5:mg0.3:mo0.2,44,US,1.0156300950432946,1.1708910420312864,0.9819909580486852,0.7185438565453168,0.9595329635134948,1.3891267969163428,1.0274296870440702
b1:v2:h12:tr_4rt:ed_logit:geo1:dyn1:lw_obj:enc_msc:sp_none:hd_sh:dec_leg:nz_glob:us_none:z16:w64:ep300:pat30:bs8:m128:lr0.001:hs_sh:cal1:id0:fit_targ:vm256:wd0.0:pipe_flag:mask0.5:mr0.5:mg0.3:mo0.2,44,all,1.0279897536506553,1.1129766493666504,1.0971094291395982,0.8313183381596854,0.9665555001888433,1.0606011934119204,1.0549303915053325
b1:v2:h12:tr_4rt:ed_logit:geo1:dyn1:lw_obj:enc_msc:sp_none:hd_sh:dec_leg:nz_glob:us_none:z16:w64:ep300:pat30:bs8:m128:lr0.001:hs_sh:cal1:id0:fit_targ:vm256:wd0.0:pipe_flag:mask0.5:mr0.5:mg0.3:mo0.2,44,states_dc,1.0310796683024954,1.0984980512004916,1.1258890469123264,0.8595119585632774,0.9683111343576801,0.9784697925358147,1.0618055676206481
b1:v2:h12:tr_4rt:ed_logit:geo1:dyn1:lw_obj:enc_msc:sp_none:hd_sh:dec_leg:nz_glob:us_none:z16:w64:ep300:pat30:bs8:m128:lr0.001:hs_sh:cal1:id0:fit_targ:vm256:wd0.0:pipe_two:mask0.5:mr0.5:mg0.3:mo0.2,42,US,1.2564076546064498,1.4762989418828378,1.0068101459989158,0.9560686771289905,1.2019821870231495,0.8750097784518263,1.267687584576761
b1:v2:h12:tr_4rt:ed_logit:geo1:dyn1:lw_obj:enc_msc:sp_none:hd_sh:dec_leg:nz_glob:us_none:z16:w64:ep300:pat30:bs8:m128:lr0.001:hs_sh:cal1:id0:fit_targ:vm256:wd0.0:pipe_two:mask0.5:mr0.5:mg0.3:mo0.2,42,all,1.2573522001632622,1.347533359430877,1.1704001957765444,0.9938100335619143,1.116410542674264,0.8165321226841928,1.2649687518633665
b1:v2:h12:tr_4rt:ed_logit:geo1:dyn1:lw_obj:enc_msc:sp_none:hd_sh:dec_leg:nz_glob:us_none:z16:w64:ep300:pat30:bs8:m128:lr0.001:hs_sh:cal1:id0:fit_targ:vm256:wd0.0:pipe_two:mask0.5:mr0.5:mg0.3:mo0.2,42,states_dc,1.2575883365524654,1.3153419638178863,1.211297708220951,1.0032453726701451,1.0950176315870428,0.8019127087422844,1.2642890436850178
b1:v2:h12:tr_4rt:ed_logit:geo1:dyn1:lw_obj:enc_msc:sp_none:hd_sh:dec_leg:nz_glob:us_none:z16:w64:ep300:pat30:bs8:m128:lr0.001:hs_sh:cal1:id0:fit_targ:vm256:wd0.0:pipe_two:mask0.5:mr0.5:mg0.3:mo0.2,43,US,1.348824971772171,1.1481831348167786,1.026219513455364,0.82205114845628,1.3678860508216761,0.7402026462397276,1.1385861789303127
b1:v2:h12:tr_4rt:ed_logit:geo1:dyn1:lw_obj:enc_msc:sp_none:hd_sh:dec_leg:nz_glob:us_none:z16:w64:ep300:pat30:bs8:m128:lr0.001:hs_sh:cal1:id0:fit_targ:vm256:wd0.0:pipe_two:mask0.5:mr0.5:mg0.3:mo0.2,43,all,1.3739710173642585,1.112549719758515,1.1703563444376253,0.9263908634838859,1.2914339902432501,0.7758664500218885,1.1886911904594994
b1:v2:h12:tr_4rt:ed_logit:geo1:dyn1:lw_obj:enc_msc:sp_none:hd_sh:dec_leg:nz_glob:us_none:z16:w64:ep300:pat30:bs8:m128:lr0.001:hs_sh:cal1:id0:fit_targ:vm256:wd0.0:pipe_two:mask0.5:mr0.5:mg0.3:mo0.2,43,states_dc,1.3802575287622798,1.103641365993949,1.2063905521831904,0.9524757922407873,1.2723209750986435,0.7847824009674287,1.201217443341796
b1:v2:h12:tr_4rt:ed_logit:geo1:dyn1:lw_obj:enc_msc:sp_none:hd_sh:dec_leg:nz_glob:us_none:z16:w64:ep300:pat30:bs8:m128:lr0.001:hs_sh:cal1:id0:fit_targ:vm256:wd0.0:pipe_two:mask0.5:mr0.5:mg0.3:mo0.2,44,US,1.1265093741752308,1.436226182621252,0.9695997146179067,0.9222111767197421,1.6326041509343447,0.9276381784528998,1.20354425182251
b1:v2:h12:tr_4rt:ed_logit:geo1:dyn1:lw_obj:enc_msc:sp_none:hd_sh:dec_leg:nz_glob:us_none:z16:w64:ep300:pat30:bs8:m128:lr0.001:hs_sh:cal1:id0:fit_targ:vm256:wd0.0:pipe_two:mask0.5:mr0.5:mg0.3:mo0.2,44,all,1.1425172464701918,1.270625003424398,1.1300910303321692,1.0030659792017846,1.3785030371408484,0.8909395827222988,1.1913462112821314
b1:v2:h12:tr_4rt:ed_logit:geo1:dyn1:lw_obj:enc_msc:sp_none:hd_sh:dec_leg:nz_glob:us_none:z16:w64:ep300:pat30:bs8:m128:lr0.001:hs_sh:cal1:id0:fit_targ:vm256:wd0.0:pipe_two:mask0.5:mr0.5:mg0.3:mo0.2,44,states_dc,1.1465192145439318,1.2292247086251846,1.1702138592607345,1.0232796798222954,1.3149777586924738,0.8817649337896485,1.188296701147037
