config_id,rank,wk inc flu hosp_mean,wk inc covid hosp_mean,wk inc rsv hosp_mean,wk inc flu prop ed visits_mean,wk inc covid prop ed visits_mean,wk inc rsv prop ed visits_mean,combined_mean,wk inc flu hosp_sd,wk inc covid hosp_sd,wk inc rsv hosp_sd,wk inc flu prop ed visits_sd,wk inc covid prop ed visits_sd,wk inc rsv prop ed visits_sd,combined_sd,seeds,states_dc_combined_mean,US_combined_mean
b1:v2:h12:tr_4rt:ed_logit:geo1:dyn1:lw_obj:enc_mlp:sp_none:hd_sh:dec_leg:nz_glob:us_none:z16:w64:ep100:pat30:bs8:m128:lr0.001:hs_sh:cal1:id0:fit_targ:vm256:wd0.0:pipe_flag:mask0.5:mr0.0:mg1.0:mo0.0,1.0,0.9197966573738111,0.941066184036639,1.044417280200033,0.9152790808415481,1.0323895114189428,0.7872052265092755,0.9388746483062809,0.040312437583502364,0.014668514511197975,0.19180461466047888,0.08655005412327516,0.15051473267762785,0.06952931871906265,0.018524000150339018,3,0.9577934465473837,0.8631994553418684
b1:v2:h12:tr_4rt:ed_logit:geo1:dyn1:lw_obj:enc_mlp:sp_none:hd_sh:dec_leg:nz_glob:us_none:z16:w64:ep100:pat30:bs8:m128:lr0.001:hs_sh:cal1:id0:fit_path:vm256:wd0.0:pipe_flag:mask0.5:mr0.5:mg0.3:mo0.2,2.0,0.9479622375166782,0.9604134653095823,0.8950960723459964,0.9775561049737517,0.9638145066455747,0.841800484265895,0.9517933980478431,0.028277345115438356,0.048670414201870016,0.044557625135232946,0.0659711467587887,0.0434262668952536,0.09263961404101258,0.05539411705907024,3,0.9710440406892226,0.8747908274823253
b1:v2:h12:tr_4rt:ed_logit:geo1:dyn1:lw_obj:enc_mlp:sp_none:hd_sh:dec_leg:nz_glob:us_none:z16:w64:ep100:pat30:bs8:m128:lr0.001:hs_sh:cal1:id0:fit_targ:vm256:wd0.0:pipe_flag:mask0.0:mr0.5:mg0.3:mo0.2,3.0,0.9391640715694027,0.9716080175300613,0.9427883359457678,0.9374450232747756,1.0437461725742256,0.8109007455004141,0.9530385319526081,0.034487724111704136,0.056586443386178915,0.07989649628932928,0.07590931257714549,0.08560701145909576,0.011635191682441487,0.035131459069447736,3,0.9701411347836353,0.8846281206284988
b1:v2:h12:tr_4rt:ed_logit:geo1:dyn1:lw_obj:enc_mlp:sp_none:hd_sh:dec_leg:nz_glob:us_none:z16:w64:ep100:pat30:bs8:m128:lr0.001:hs_sh:cal1:id0:fit_path:vm256:wd0.0:pipe_flag:mask0.0:mr0.5:mg0.3:mo0.2,4.0,0.9675473345508361,0.9768700672255411,0.8957329012529316,1.001213346480607,1.064974618723924,0.8901311448131425,0.9564131033693913,0.0820961320464895,0.0183010792896925,0.06221645482520628,0.12594753996379518,0.04514124522726686,0.06545934921300352,0.03889075854332637,3,0.9720052687854285,0.8940444417052422
b1:v2:h12:tr_4rt:ed_logit:geo1:dyn1:lw_obj:enc_mlp:sp_none:hd_sh:dec_leg:nz_glob:us_none:z16:w64:ep100:pat30:bs8:m128:lr0.001:hs_sh:cal1:id0:fit_path:vm256:wd0.0:pipe_aux025:mask0.5:mr0.5:mg0.3:mo0.2,5.0,0.9363714630877057,0.9612968433987626,0.9065626053893742,0.9531385614180129,0.9924026287453285,0.9110047013194821,0.956693358438638,0.05066603323662489,0.030335639318288827,0.07116331012165826,0.08891610979798863,0.049459896089453,0.09688973020910573,0.038762245203181264,3,0.974728564764532,0.884552533135062
b1:v2:h12:tr_4rt:ed_logit:geo1:dyn1:lw_obj:enc_mlp:sp_none:hd_sh:dec_leg:nz_glob:us_none:z16:w64:ep100:pat30:bs8:m128:lr0.001:hs_sh:cal1:id0:fit_path:vm256:wd0.0:pipe_flag:mask0.5:mr0.0:mg0.0:mo1.0,6.0,0.945609650548763,0.9547272199635293,0.9212598788077418,0.9654789721752352,1.0408554264513923,0.9251389225808072,0.9642405636203769,0.02028171291116623,0.02865374796624775,0.01853144850983291,0.06060454536313979,0.06741314615068056,0.12652976460821924,0.034314283153320135,3,0.9774762583583808,0.9112977846683609
b1:v2:h12:tr_4rt:ed_logit:geo1:dyn1:lw_obj:enc_mlp:sp_joint:hd_sh:dec_leg:nz_glob:us_none:z16:w64:ep300:pat30:bs8:m128:lr0.001:hs_path:cal1:id0:fit_all:vm256:wd0.0:pipe_aux025:mask0.5:mr0.5:mg0.3:mo0.2,7.0,0.9411314322708432,1.0295926475151258,0.8381357716214869,0.9657991446525918,1.1079345832351088,0.8741688790887051,0.9719374463204605,0.046950540161415595,0.02709601867181843,0.010314792431458266,0.05704162625943469,0.09280324909785904,0.0774355789301011,0.05350876511050858,3,0.9797952363545175,0.9405062861842324
b1:v2:h12:tr_4rt:ed_logit:geo1:dyn1:lw_obj:enc_mlp:sp_none:hd_sh:dec_leg:nz_glob:us_none:z16:w64:ep100:pat30:bs8:m128:lr0.001:hs_sh:cal1:id0:fit_path:vm256:wd0.0:pipe_flag:mask0.5:mr0.0:mg1.0:mo0.0,8.0,1.0250135100753452,0.9724559951028896,0.9065762618113157,1.0783561006430564,1.0739128711354875,0.8988843204270475,0.9750058413786574,0.02049796740952229,0.053167765879065215,0.06580342783220686,0.08242661401074068,0.031706837486626865,0.07138925710791318,0.02829497301175207,3,0.9885208671821072,0.9209457381648591
b1:v2:h12:tr_4rt:ed_logit:geo1:dyn1:lw_obj:enc_msc:sp_none:hd_sh:dec_leg:nz_glob:us_none:z16:w64:ep100:pat30:bs8:m128:lr0.001:hs_sh:cal1:id0:fit_targ:vm256:wd0.0:pipe_flag:mask0.5:mr0.0:mg1.0:mo0.0,9.0,0.9326717652065949,1.0428208330964497,1.039909611478056,0.8942038888141449,0.9805079096369332,1.0838083658142794,0.977800828359063,0.03491658247653934,0.075745460040957,0.11966521784148518,0.0739459540168995,0.08058283122056753,0.1883775222038305,0.050001236001022686,3,0.9840186273672272,0.9529296323264065
b1:v2:h12:tr_4rt:ed_logit:geo1:dyn1:lw_obj:enc_msc:sp_none:hd_sh:dec_leg:nz_glob:us_none:z16:w64:ep100:pat30:bs8:m128:lr0.001:hs_sh:cal1:id0:fit_targ:vm256:wd0.0:pipe_flag:mask0.0:mr0.5:mg0.3:mo0.2,10.0,0.9323085814943992,1.0432172795444072,0.9583789939442208,0.9078951660742667,0.9511202770013191,1.1242734520691642,0.9803395484656617,0.04923451613221418,0.1160523099221353,0.157942038155319,0.0692520364859448,0.06399459661783029,0.18165826340025598,0.061741798584471645,3,0.9824241119848097,0.9720012943890693
b1:v2:h12:tr_4rt:ed_logit:geo1:dyn1:lw_obj:enc_mlp:sp_none:hd_sh:dec_leg:nz_glob:us_none:z16:w64:ep100:pat30:bs8:m128:lr0.001:hs_sh:cal1:id0:fit_targ:vm256:wd0.0:pipe_flag:mask0.5:mr0.5:mg0.3:mo0.2,11.0,0.9596234144781123,0.9592182569596946,0.9742385021426272,0.9411866093767799,1.0253223705266665,0.9436757916614541,0.9804964770479604,0.011223247668937272,0.04299436161960186,0.0334329195274633,0.101443197791463,0.12196279330872763,0.08996348121765683,0.04211565078378122,3,0.9925354557614945,0.932340562193823
b1:v2:h12:tr_4rt:ed_logit:geo1:dyn1:lw_obj:enc_mlp:sp_joint:hd_sh:dec_leg:nz_glob:us_none:z16:w64:ep300:pat30:bs8:m128:lr0.001:hs_path:cal1:id0:fit_all:vm256:wd0.0:pipe_flag:mask0.5:mr0.0:mg0.0:mo1.0,12.0,0.9565116904906197,1.0327165289392288,0.8760103973951923,0.9247799659442749,1.1944152312841643,0.9317440325854864,0.98145868902808,0.047673725861179315,0.05878595883024591,0.05329698339729202,0.09314707631785371,0.09804101085786575,0.07799404859223763,0.04378031226932261,3,0.984983053240232,0.9673612321794711
b1:v2:h12:tr_4rt:ed_logit:geo1:dyn1:lw_obj:enc_mlp:sp_none:hd_sh:dec_leg:nz_glob:us_none:z16:w64:ep100:pat30:bs8:m128:lr0.001:hs_sh:cal1:id0:fit_targ:vm256:wd0.0:pipe_flag:mask0.25:mr0.5:mg0.3:mo0.2,13.0,0.9172450768824012,0.9973757467447273,1.1433811529566809,0.8955976295499103,0.9939440985289981,0.9220602273956623,0.9821686055297706,0.043985790547478594,0.04790444979819001,0.12136335938566581,0.062272153760780914,0.047922531338305756,0.08293570589773895,0.05246359949176882,3,0.9943531176826893,0.933430556918096
b1:v2:h12:tr_4rt:ed_logit:geo1:dyn1:lw_obj:enc_mlp:sp_none:hd_sh:dec_leg:nz_glob:us_none:z16:w64:ep100:pat30:bs8:m128:lr0.001:hs_sh:cal1:id0:fit_targ:vm256:wd0.0:pipe_aux025:mask0.5:mr0.5:mg0.3:mo0.2,14.0,0.9576402208070908,0.9696224826778533,1.039856163509248,0.9082648646298517,0.9667422844720613,1.131012983239831,0.984840416981957,0.04285275358111846,0.005691466209402429,0.17066055863962967,0.05302663713147677,0.062168346767663966,0.06974335036988963,0.02889301638971262,3,0.9981795798022924,0.9314837657006145
b1:v2:h12:tr_4rt:ed_logit:geo1:dyn1:lw_obj:enc_mlp:sp_joint:hd_sh:dec_leg:nz_glob:us_none:z16:w64:ep300:pat30:bs8:m128:lr0.001:hs_path:cal1:id0:fit_all:vm256:wd0.0:pipe_flag:mask0.5:mr0.5:mg0.3:mo0.2,15.0,0.9429348276154655,1.030158910338205,0.8505423207666549,0.9392076024643203,1.0920247543635637,0.9069342984151726,0.9904319691785025,0.06055032254611362,0.028549509558060043,0.0330649212217178,0.05810066500549287,0.04896986107836549,0.08921221555813383,0.05421193001338367,3,0.996883252968905,0.9646268340168919
b1:v2:h12:tr_4rt:ed_logit:geo1:dyn1:lw_obj:enc_msc:sp_none:hd_sh:dec_leg:nz_glob:us_none:z16:w64:ep100:pat30:bs8:m128:lr0.001:hs_sh:cal1:id0:fit_targ:vm256:wd0.0:pipe_aux025:mask0.5:mr0.5:mg0.3:mo0.2,16.0,0.9508890112788345,1.0447171430934847,1.0014243531709044,0.8706833880633346,0.9467878590856933,1.15215618169081,1.0048160890187188,0.11261899082863179,0.01935449428103113,0.11515216906369742,0.009905568284603131,0.05535604399550135,0.1845326164962647,0.07811952358883567,3,1.0229301099372077,0.932360005344763
b1:v2:h12:tr_4rt:ed_logit:geo1:dyn1:lw_obj:enc_mlp:sp_none:hd_sh:dec_leg:nz_glob:us_none:z16:w64:ep100:pat30:bs8:m128:lr0.001:hs_sh:cal1:id0:fit_targ:vm256:wd0.0:pipe_flag:mask0.5:mr1.0:mg0.0:mo0.0,17.0,1.0134524352212935,1.034229684984331,1.0076183872159408,0.9104123500894695,0.9736269740768294,0.7814449357213462,1.0064656345728784,0.06522870121797958,0.016709726498706872,0.13307073283514717,0.015713267151597585,0.030553357129953163,0.05071882399419245,0.04579029511491646,3,1.0158667478358847,0.968861181520853
b1:v2:h12:tr_4rt:ed_logit:geo1:dyn1:lw_obj:enc_mlp:sp_joint:hd_sh:dec_leg:nz_glob:us_none:z16:w64:ep300:pat30:bs8:m128:lr0.001:hs_path:cal1:id0:fit_all:vm256:wd0.0:pipe_direct:mask0.5:mr0.5:mg0.3:mo0.2,18.0,0.9913285198918992,1.0219612969333216,0.9261680147924772,0.9541741209716174,1.1124061875744913,0.8137506058469532,1.0119889111476905,0.11389465236905993,0.03233182873741269,0.12418103289028097,0.020004889681256553,0.03415966635636551,0.09467893344222565,0.11718171597054176,3,1.0141167962773723,1.0034773706289626
b1:v2:h12:tr_4rt:ed_logit:geo1:dyn1:lw_obj:enc_mlp:sp_none:hd_sh:dec_leg:nz_glob:us_none:z16:w64:ep100:pat30:bs8:m128:lr0.001:hs_sh:cal1:id0:fit_path:vm256:wd0.0:pipe_flag:mask0.5:mr1.0:mg0.0:mo0.0,19.0,0.9885022371929466,1.0391897255985503,1.056199820828296,1.0506707244354143,1.0277159731636203,1.047034113221572,1.0213379053019824,0.05717667012499566,0.02730194795689148,0.15591184890249046,0.10562923698321562,0.09139421366969837,0.20009703073989513,0.045705543411067154,3,1.0290393776284121,0.9905320159962628
b1:v2:h12:tr_4rt:ed_logit:geo1:dyn1:lw_obj:enc_mlp:sp_none:hd_sh:dec_leg:nz_glob:us_none:z16:w64:ep100:pat30:bs8:m128:lr0.001:hs_sh:cal1:id0:fit_targ:vm256:wd0.0:pipe_aux025:mask0.5:mr0.0:mg0.0:mo1.0,20.0,1.0412779495813098,0.9742602230748348,0.978022882206684,1.0351813012538373,1.0115301941871844,0.9425331777831553,1.0246832151738101,0.09904974440455512,0.08828671058142532,0.051851540531470564,0.1278276070444441,0.04240672722736399,0.021437488660152628,0.08772588287918792,3,1.035492584032177,0.9814457397403431
b1:v2:h12:tr_4rt:ed_logit:geo1:dyn1:lw_obj:enc_mlp:sp_none:hd_sh:dec_leg:nz_glob:us_none:z16:w64:ep100:pat30:bs8:m128:lr0.001:hs_sh:cal1:id0:fit_targ:vm256:wd0.0:pipe_direct:mask0.5:mr0.5:mg0.3:mo0.2,21.0,1.004615656930471,0.9432154748332153,0.965304659054504,1.035589913721097,1.007128263790419,0.8302752202725129,1.0286152011660772,0.05322649973921493,0.028261871294817404,0.07735949790656396,0.16444974864549414,0.06860103216334924,0.10597672539189232,0.030719749338150932,3,1.031624875165172,1.016576505169698
b1:v2:h12:tr_4rt:ed_logit:geo1:dyn1:lw_obj:enc_msc:sp_none:hd_sh:dec_leg:nz_glob:us_none:z16:w64:ep100:pat30:bs8:m128:lr0.001:hs_sh:cal1:id0:fit_targ:vm256:wd0.0:pipe_flag:mask0.5:mr0.5:mg0.3:mo0.2,22.0,1.009624863423401,1.1201063552293127,1.025133880454571,0.8874564065949803,0.9789412360710203,1.066672395410343,1.0308833361939589,0.05350987907908833,0.08178618795835946,0.1380402341482367,0.06262969328589262,0.06712853250029595,0.1748617140072538,0.04092872879807001,3,1.0435652649812306,0.9801556210448709
b1:v2:h12:tr_4rt:ed_logit:geo1:dyn1:lw_obj:enc_msc:sp_none:hd_sh:dec_leg:nz_glob:us_none:z16:w64:ep100:pat30:bs8:m128:lr0.001:hs_sh:cal1:id0:fit_targ:vm256:wd0.0:pipe_flag:mask0.25:mr0.5:mg0.3:mo0.2,23.0,0.9799619016285606,1.0511749529212635,1.2164963985083688,0.9842668099673738,0.9873002515598693,1.0390588334856425,1.0374228185470176,0.02873891549934824,0.060801270279694876,0.1727875423711764,0.060861195733752524,0.1021894796286883,0.13541541677439659,0.0713487022990926,3,1.0433157597904192,1.0138510535734102
b1:v2:h12:tr_4rt:ed_logit:geo1:dyn1:lw_obj:enc_mlp:sp_none:hd_sh:dec_leg:nz_glob:us_none:z16:w64:ep100:pat30:bs8:m128:lr0.001:hs_sh:cal1:id0:fit_path:vm256:wd0.0:pipe_direct:mask0.5:mr0.5:mg0.3:mo0.2,24.0,1.0400326580596564,0.9470873033612479,0.9384341089290044,0.988740892654053,1.0185660629507052,0.8999880336720382,1.044824366254282,0.0984202556014627,0.03290880411514243,0.1180791702141574,0.12480268788168056,0.06761011846113775,0.17446226174290078,0.1520278864453635,3,1.0486655282722708,1.0294597181823257
b1:v2:h12:tr_4rt:ed_logit:geo1:dyn1:lw_obj:enc_msc:sp_none:hd_sh:dec_leg:nz_glob:us_none:z16:w64:ep100:pat30:bs8:m128:lr0.001:hs_sh:cal1:id0:fit_targ:vm256:wd0.0:pipe_aux025:mask0.5:mr0.0:mg0.0:mo1.0,25.0,1.0458891926985123,1.0320230438186178,0.9421507385472324,0.9338836649397276,0.9674946117720532,1.2119085042699522,1.046800569671796,0.07580921820700476,0.09021562280893872,0.05117229684011898,0.1466967190543807,0.05308939161831599,0.09231849791268647,0.04360245650281271,3,1.0610130603418992,0.9899506069913823
b1:v2:h12:tr_4rt:ed_logit:geo1:dyn1:lw_obj:enc_mlp:sp_none:hd_sh:dec_leg:nz_glob:us_none:z16:w64:ep100:pat30:bs8:m128:lr0.001:hs_sh:cal1:id0:fit_path:vm256:wd0.0:pipe_flag:mask0.25:mr0.5:mg0.3:mo0.2,26.0,1.0066108174107706,1.0947329354476079,1.0102928239473765,1.062585464092218,1.0040707403033946,1.044544092633582,1.0531967187348183,0.037542481637650935,0.08290782312497713,0.14220019779872797,0.09982801746841868,0.054868841477107425,0.22014862747496752,0.014126175697507714,3,1.0536507132941786,1.051380740497377
b1:v2:h12:tr_4rt:ed_logit:geo1:dyn1:lw_obj:enc_mlp:sp_joint:hd_sh:dec_leg:nz_glob:us_none:z16:w64:ep300:pat30:bs8:m128:lr0.001:hs_path:cal1:id0:fit_all:vm256:wd0.0:pipe_flag:mask0.5:mr1.0:mg0.0:mo0.0,27.0,0.9448674383040409,1.1070729446082728,1.1214300610514567,0.9522985171315917,1.4373764464951542,1.1215137654820986,1.0553081669621702,0.02619725320310042,0.05574254207655951,0.12631071757290271,0.16074165488837458,0.044595260471528224,0.1204562211226005,0.017728805903810225,3,1.0476089246963722,1.0861051360253609
b1:v2:h12:tr_4rt:ed_logit:geo1:dyn1:lw_obj:enc_mlp:sp_joint:hd_sh:dec_leg:nz_glob:us_none:z16:w64:ep300:pat30:bs8:m128:lr0.001:hs_path:cal1:id0:fit_all:vm256:wd0.0:pipe_flag:mask0.5:mr0.0:mg1.0:mo0.0,28.0,1.042248465145187,1.030872604982926,0.9494906453468047,1.0186568844840196,1.1289638404228264,0.9537935087254129,1.0554540575613836,0.17431333643032287,0.03199668893472319,0.127963042425038,0.11181884906046115,0.14006770034931418,0.06969077345709382,0.12161285709899256,3,1.0466586413109389,1.0906357225631615
b1:v2:h12:tr_4rt:ed_logit:geo1:dyn1:lw_obj:enc_mlp:sp_joint:hd_sh:dec_leg:nz_glob:us_none:z16:w64:ep300:pat30:bs8:m128:lr0.001:hs_path:cal1:id0:fit_all:vm256:wd0.0:pipe_flag:mask0.25:mr0.5:mg0.3:mo0.2,29.0,1.0273281489473867,1.064041628774582,0.9331855990672864,0.8679845091975075,1.0531965012243079,1.0019889689348291,1.0581021969919766,0.09284578861757777,0.024834114431279804,0.11042059582873165,0.0399808327105823,0.10178400499512057,0.10521665576219415,0.07373538568436744,3,1.0522115571195723,1.0816647564815933
b1:v2:h12:tr_4rt:ed_logit:geo1:dyn1:lw_obj:enc_mlp:sp_joint:hd_sh:dec_leg:nz_glob:us_none:z16:w64:ep300:pat30:bs8:m128:lr0.001:hs_path:cal1:id0:fit_all:vm256:wd0.0:pipe_flag:mask0.0:mr0.5:mg0.3:mo0.2,30.0,1.016300022851345,1.0382792313106728,0.9607526872079335,0.9824925548811437,1.295543159729305,0.9801862284286398,1.0633689294597513,0.09965965792336072,0.07151050324172294,0.1505125731814423,0.053933676209475305,0.13003841075259773,0.2539554560374218,0.09919190772231122,3,1.0559840605348263,1.0929084051594495
b1:v2:h12:tr_4rt:ed_logit:geo1:dyn1:lw_obj:enc_mlp:sp_none:hd_sh:dec_leg:nz_glob:us_none:z16:w64:ep100:pat30:bs8:m128:lr0.001:hs_sh:cal1:id0:fit_path:vm256:wd0.0:pipe_aux025:mask0.5:mr0.0:mg0.0:mo1.0,31.0,1.0459581038113683,1.0607161148267645,0.8891839133969025,1.0042907999824795,1.0401027301169659,1.0267387466778124,1.066588744156384,0.12300116993876743,0.09597055550867517,0.05054911174689427,0.06730647564873785,0.15097144154752531,0.10279451141258635,0.06892832532994983,3,1.0654009254474468,1.0713400189921332
b1:v2:h12:tr_4rt:ed_logit:geo1:dyn1:lw_obj:enc_msc:sp_none:hd_sh:dec_leg:nz_glob:us_none:z16:w64:ep100:pat30:bs8:m128:lr0.001:hs_sh:cal1:id0:fit_targ:vm256:wd0.0:pipe_flag:mask0.5:mr1.0:mg0.0:mo0.0,32.0,0.9918676952520689,1.1538023425699497,1.1233936354758656,0.8637495883217149,1.0293449648670971,1.0562933362949862,1.0706560701112358,0.1048923039736217,0.025540701427013084,0.021170136929601763,0.05928987816985053,0.07685980191138529,0.314398849091721,0.0594502751512598,3,1.0641801164043385,1.0965598849388243
b1:v2:h12:tr_4rt:ed_logit:geo1:dyn1:lw_obj:enc_msc:sp_none:hd_sh:dec_leg:nz_glob:us_none:z16:w64:ep100:pat30:bs8:m128:lr0.001:hs_sh:cal1:id0:fit_targ:vm256:wd0.0:pipe_flag:mask0.5:mr0.0:mg0.0:mo1.0,33.0,1.1197775465418565,1.0257146378113302,0.9174742814882331,0.9871154320492718,1.0502261184038038,1.1905353067577638,1.0729572446360225,0.1610117549333982,0.06104886985067956,0.1071026946030226,0.02903866366502437,0.15519591164341864,0.11332923110955674,0.04162438968924522,3,1.0843182322148597,1.0275132943206735
b1:v2:h12:tr_4rt:ed_logit:geo1:dyn1:lw_obj:enc_mlp:sp_none:hd_sh:dec_leg:nz_glob:us_none:z16:w64:ep100:pat30:bs8:m128:lr0.001:hs_sh:cal1:id0:fit_targ:vm256:wd0.0:pipe_flag:mask0.5:mr0.0:mg0.0:mo1.0,34.0,1.1080095628989934,0.9552848506986424,0.9826715701645631,1.004101238382905,0.9595014856046146,0.9287575409416847,1.0919976542749519,0.20780471745242787,0.03513312145739313,0.10413639001623422,0.04327023057773833,0.05126907011103604,0.21885774044448278,0.2215588805948138,3,1.0929961856141397,1.0880035289182002
b1:v2:h12:tr_4rt:ed_logit:geo1:dyn1:lw_obj:enc_msc:sp_none:hd_sh:dec_leg:nz_glob:us_none:z16:w64:ep100:pat30:bs8:m128:lr0.001:hs_sh:cal1:id0:fit_targ:vm256:wd0.0:pipe_direct:mask0.5:mr0.5:mg0.3:mo0.2,35.0,1.0552997881180202,1.0209070114164127,1.153824644454668,1.0338624037373394,1.0010925759277212,0.914330916741512,1.1000612547685946,0.12234096491573887,0.06009329004339881,0.17180925523814852,0.12265615799339039,0.02896762222038871,0.14332035423130032,0.09292598722056612,3,1.105360622139541,1.0788637852848093
b1:v2:h12:tr_4rt:ed_logit:geo1:dyn1:lw_obj:enc_mlp:sp_none:hd_sh:dec_leg:nz_glob:us_none:z16:w64:ep100:pat30:bs8:m128:lr0.001:hs_sh:cal1:id0:fit_path:vm256:wd0.0:pipe_two:mask0.5:mr0.5:mg0.3:mo0.2,36.0,1.064711711357922,1.1874471740705663,0.8795563009160059,1.0488323549624254,1.5320091905086626,0.8102511249588368,1.1035598795742299,0.11740870766973514,0.17211006971163356,0.06975831636528097,0.09445083955703101,0.5214536533002074,0.043347189153645986,0.025240694592167722,3,1.104633481439733,1.0992654721122161
b1:v2:h12:tr_4rt:ed_logit:geo1:dyn1:lw_obj:enc_mlp:sp_joint:hd_sh:dec_leg:nz_glob:us_none:z16:w64:ep300:pat30:bs8:m128:lr0.001:hs_path:cal1:id0:fit_all:vm256:wd0.0:pipe_aux025:mask0.5:mr0.0:mg0.0:mo1.0,37.0,1.0826584473992666,1.039389593375412,0.9047840301569755,0.9622818703997309,1.217839083710375,0.9742748352338214,1.1116240383792506,0.11306744908106561,0.03270116393949874,0.11028442362662348,0.07268828352069044,0.03203115479251085,0.04798207049611434,0.1086825355860261,3,1.107332390336617,1.1287906305497841
b1:v2:h12:tr_4rt:ed_logit:geo1:dyn1:lw_obj:enc_mlp:sp_none:hd_sh:dec_leg:nz_glob:us_none:z16:w64:ep100:pat30:bs8:m128:lr0.001:hs_sh:cal1:id0:fit_targ:vm256:wd0.0:pipe_two:mask0.5:mr0.5:mg0.3:mo0.2,38.0,1.2422187911296172,1.1001501914550955,1.0204738098983042,1.224187878536297,1.04889926834196,0.8013768098419565,1.179180975963455,0.0641387226718757,0.09380993516959911,0.21262576535963928,0.09655274782060225,0.0359769853347136,0.10792288129591031,0.015799424832016497,3,1.176200856680697,1.191101453094486
b1:v2:h12:tr_4rt:ed_logit:geo1:dyn1:lw_obj:enc_msc:sp_none:hd_sh:dec_leg:nz_glob:us_none:z16:w64:ep100:pat30:bs8:m128:lr0.001:hs_sh:cal1:id0:fit_targ:vm256:wd0.0:pipe_two:mask0.5:mr0.5:mg0.3:mo0.2,39.0,1.268747243675259,1.2300077608197093,1.0537288619544267,0.9468593775243281,1.261824953178148,0.878902681412706,1.2063802637303047,0.12702889616364144,0.11749183440322362,0.20204270278292963,0.0492999182133997,0.13310321253713295,0.10623781250581499,0.06189701970037078,3,1.2102714930146135,1.1908153465930689
b1:v2:h12:tr_4rt:ed_logit:geo1:dyn1:lw_obj:enc_mlp:sp_joint:hd_sh:dec_leg:nz_glob:us_none:z16:w64:ep300:pat30:bs8:m128:lr0.001:hs_path:cal1:id0:fit_all:vm256:wd0.0:pipe_two:mask0.5:mr0.5:mg0.3:mo0.2,40.0,1.2302426218235096,1.0561493511675943,0.9777262180025744,0.9890746001964366,1.4377262913055964,0.7820315039506259,1.2111943028153904,0.01723145204970611,0.0825424378969551,0.01787719428697084,0.06126885462925919,0.24719878060896888,0.0305553283668245,0.08115227844519,3,1.1959337551638152,1.2722364934216903
