issuance,us_median_peak,us_peak_week,cover50,cover95,median_ratio,p_week,p_week_pm1,us_true_peak,us_true_week
2025-10-08,54918.664,2026-02-21,0.577,0.923,0.892,0.049,0.162,42510.0,2026-01-03
2025-10-22,55010.72,2026-02-07,0.635,0.923,0.913,0.017,0.126,42510.0,2026-01-03
2025-11-05,52556.656,2026-02-21,0.538,0.942,0.893,0.041,0.139,42510.0,2026-01-03
2025-11-19,48814.695,2026-02-07,0.558,0.962,0.887,0.023,0.223,42510.0,2026-01-03
2025-12-03,47357.79,2026-01-24,0.558,0.962,0.895,0.085,0.268,42510.0,2026-01-03
2025-12-17,46763.86,2026-02-07,0.596,0.981,0.942,0.032,0.334,42510.0,2026-01-03
2025-12-31,48783.375,2026-01-24,0.538,0.865,1.007,0.191,0.507,42510.0,2026-01-03
2026-01-14,42743.734,2026-01-03,0.192,0.365,1.022,0.735,0.788,42510.0,2026-01-03
2026-01-28,41792.0,2026-01-03,0.5,0.712,0.999,0.805,0.856,42510.0,2026-01-03
2026-02-11,42266.0,2026-01-03,0.558,0.712,1.0,0.903,0.94,42510.0,2026-01-03
2026-02-25,42346.0,2026-01-03,0.635,0.654,1.0,0.977,0.977,42510.0,2026-01-03
