stage,season,delta,improved_seeds
01,2023-2024,0.04879749332888528,1
01,2024-2025,0.10097993050431593,1
01,2025-2026,-0.08138564569434632,3
02,2023-2024,0.1510013404821239,1
02,2024-2025,0.004714427949244371,2
02,2025-2026,0.0655098484922519,0
03,2023-2024,0.1460295354233181,1
03,2024-2025,0.09659129584224553,1
03,2025-2026,-0.014589425266662811,1
03b,2023-2024,-0.35417075455212954,3
03b,2024-2025,-0.2587724578215656,3
03b,2025-2026,0.011183322939176676,0
04,2023-2024,0.12458923216607076,0
04,2024-2025,-0.10336605695130525,2
04,2025-2026,-0.43184416707059486,3
05,2023-2024,0.0,0
05,2024-2025,-0.03505059728728166,2
05,2025-2026,-0.020840535470101562,1
06,2023-2024,0.0,0
06,2024-2025,0.001919373921756969,1
06,2025-2026,0.0,0
07,2023-2024,-0.08131494009351241,2
07,2024-2025,-0.01278142263774488,2
07,2025-2026,0.014575469956811915,0
09,2023-2024,0.0,0
09,2024-2025,0.0,0
09,2025-2026,0.0,0
