name,rule,flu_admissions_log,flu_admissions_native,flu_ed_native,flu_native
broad,mixture,0.7898641110145044,0.7520321815867668,0.7946524075451489,0.7572928065708089
broad,vincent,0.7864536947573234,0.7552843985023792,0.7981568636560036,0.7599972903935452
broad_without_A_blocks3,mixture,0.7897847185413646,0.7540651635028988,0.7926458625310885,0.7589124342794016
broad_without_A_blocks3,vincent,0.7866285254123633,0.7580038084651362,0.7961796560753932,0.7621317501101808
broad_without_A_width192_half_lr,mixture,0.7880503349953922,0.7522471855837571,0.7962978380436792,0.7576051676932416
broad_without_A_width192_half_lr,vincent,0.7852346789158887,0.7563789470888784,0.8007409729643552,0.7610956088653618
broad_without_A_width256_half_lr,mixture,0.7880338442198447,0.7519755204394728,0.7993891566109772,0.7571315922303612
broad_without_A_width256_half_lr,vincent,0.7841625214444041,0.754754073657827,0.8025009083697374,0.7593264252990293
broad_without_B5_confirmed_candidate_1,mixture,0.7926230134021172,0.7566003717043979,0.8014590481677983,0.7622942686917251
broad_without_B5_confirmed_candidate_1,vincent,0.7878156858723627,0.7592777499417753,0.8043054148660661,0.7644797088417474
broad_without_B5_confirmed_candidate_2,mixture,0.7880442255289046,0.7530518696508175,0.79114548746934,0.7573270508886081
broad_without_B5_confirmed_candidate_2,vincent,0.7845846632840685,0.7559948451828256,0.7944228353916188,0.7597107683484419
broad_without_B_blocks3,mixture,0.7930580138139915,0.7496629859926355,0.79116050835743,0.7548903158253019
broad_without_B_blocks3,vincent,0.7890258179613183,0.7528955385587535,0.7943684378560157,0.7574966317729324
broad_without_X_A_ED_errors_only,mixture,0.7892738289547692,0.75325733680854,0.7974346792578758,0.7584968540531738
broad_without_X_A_ED_errors_only,vincent,0.7857622325462639,0.7566008799905665,0.8014130381414513,0.7613934313660948
broad_without_X_B_ED_corrected,mixture,0.7910214543948535,0.751461897756081,0.791548341338591,0.7570266003972221
broad_without_X_B_ED_corrected,vincent,0.7878494203451296,0.7549901999833457,0.7950570615011227,0.760031021741094
broad_without_X_B_width256_half_lr_flusurv,mixture,0.7925145304608834,0.7490635545941543,0.793585509437903,0.7549479226132456
broad_without_X_B_width256_half_lr_flusurv,vincent,0.7883718136758104,0.7517644299583386,0.796968627354319,0.7572485938606215
reference,mixture,0.7980772195546572,0.7545245292470635,0.8245927711635798,0.7602940669925731
reference,vincent,0.7894422776056262,0.7536100767707024,0.8250824426165582,0.7590419838200824
