date,season,signal,age0_locations,age1_locations,age3_locations
2024-08-03,2024-2025,nhsn_flu_admissions,0,0,0
2024-08-03,2024-2025,nhsn_covid_admissions,0,0,0
2024-08-03,2024-2025,nhsn_rsv_admissions,0,0,0
2024-08-03,2024-2025,nssp_flu_proportion,0,48,48
2024-08-03,2024-2025,nssp_covid_proportion,0,48,48
2024-08-03,2024-2025,nssp_rsv_proportion,0,48,48
2024-08-10,2024-2025,nhsn_flu_admissions,0,0,0
2024-08-10,2024-2025,nhsn_covid_admissions,0,0,0
2024-08-10,2024-2025,nhsn_rsv_admissions,0,0,0
2024-08-10,2024-2025,nssp_flu_proportion,0,48,48
2024-08-10,2024-2025,nssp_covid_proportion,0,48,48
2024-08-10,2024-2025,nssp_rsv_proportion,0,48,48
2024-08-17,2024-2025,nhsn_flu_admissions,0,0,0
2024-08-17,2024-2025,nhsn_covid_admissions,0,0,0
2024-08-17,2024-2025,nhsn_rsv_admissions,0,0,0
2024-08-17,2024-2025,nssp_flu_proportion,0,0,48
2024-08-17,2024-2025,nssp_covid_proportion,0,0,48
2024-08-17,2024-2025,nssp_rsv_proportion,0,0,48
2024-08-24,2024-2025,nhsn_flu_admissions,0,0,0
2024-08-24,2024-2025,nhsn_covid_admissions,0,0,0
2024-08-24,2024-2025,nhsn_rsv_admissions,0,0,0
2024-08-24,2024-2025,nssp_flu_proportion,0,0,48
2024-08-24,2024-2025,nssp_covid_proportion,0,0,48
2024-08-24,2024-2025,nssp_rsv_proportion,0,0,48
2024-08-31,2024-2025,nhsn_flu_admissions,0,0,0
2024-08-31,2024-2025,nhsn_covid_admissions,0,0,0
2024-08-31,2024-2025,nhsn_rsv_admissions,0,0,0
2024-08-31,2024-2025,nssp_flu_proportion,0,48,48
2024-08-31,2024-2025,nssp_covid_proportion,0,48,48
2024-08-31,2024-2025,nssp_rsv_proportion,0,48,48
2024-09-07,2024-2025,nhsn_flu_admissions,0,0,0
2024-09-07,2024-2025,nhsn_covid_admissions,0,0,0
2024-09-07,2024-2025,nhsn_rsv_admissions,0,0,0
2024-09-07,2024-2025,nssp_flu_proportion,0,48,48
2024-09-07,2024-2025,nssp_covid_proportion,0,48,48
2024-09-07,2024-2025,nssp_rsv_proportion,0,48,48
2024-09-14,2024-2025,nhsn_flu_admissions,0,0,0
2024-09-14,2024-2025,nhsn_covid_admissions,0,0,0
2024-09-14,2024-2025,nhsn_rsv_admissions,0,0,0
2024-09-14,2024-2025,nssp_flu_proportion,0,0,48
2024-09-14,2024-2025,nssp_covid_proportion,0,0,48
2024-09-14,2024-2025,nssp_rsv_proportion,0,0,48
2024-09-21,2024-2025,nhsn_flu_admissions,0,0,0
2024-09-21,2024-2025,nhsn_covid_admissions,0,0,0
2024-09-21,2024-2025,nhsn_rsv_admissions,0,0,0
2024-09-21,2024-2025,nssp_flu_proportion,0,0,48
2024-09-21,2024-2025,nssp_covid_proportion,0,0,48
2024-09-21,2024-2025,nssp_rsv_proportion,0,0,48
2024-09-28,2024-2025,nhsn_flu_admissions,0,0,0
2024-09-28,2024-2025,nhsn_covid_admissions,0,0,0
2024-09-28,2024-2025,nhsn_rsv_admissions,0,0,0
2024-09-28,2024-2025,nssp_flu_proportion,0,48,48
2024-09-28,2024-2025,nssp_covid_proportion,0,48,48
2024-09-28,2024-2025,nssp_rsv_proportion,0,48,48
2024-10-05,2024-2025,nhsn_flu_admissions,0,0,0
2024-10-05,2024-2025,nhsn_covid_admissions,0,0,0
2024-10-05,2024-2025,nhsn_rsv_admissions,0,0,0
2024-10-05,2024-2025,nssp_flu_proportion,0,48,48
2024-10-05,2024-2025,nssp_covid_proportion,0,48,48
2024-10-05,2024-2025,nssp_rsv_proportion,0,48,48
2024-10-12,2024-2025,nhsn_flu_admissions,0,0,0
2024-10-12,2024-2025,nhsn_covid_admissions,0,0,0
2024-10-12,2024-2025,nhsn_rsv_admissions,0,0,0
2024-10-12,2024-2025,nssp_flu_proportion,0,0,48
2024-10-12,2024-2025,nssp_covid_proportion,0,0,48
2024-10-12,2024-2025,nssp_rsv_proportion,0,0,48
2024-10-19,2024-2025,nhsn_flu_admissions,0,0,0
2024-10-19,2024-2025,nhsn_covid_admissions,0,0,0
2024-10-19,2024-2025,nhsn_rsv_admissions,0,0,0
2024-10-19,2024-2025,nssp_flu_proportion,0,0,48
2024-10-19,2024-2025,nssp_covid_proportion,0,0,48
2024-10-19,2024-2025,nssp_rsv_proportion,0,0,48
2024-10-26,2024-2025,nhsn_flu_admissions,0,0,0
2024-10-26,2024-2025,nhsn_covid_admissions,0,0,0
2024-10-26,2024-2025,nhsn_rsv_admissions,0,0,0
2024-10-26,2024-2025,nssp_flu_proportion,0,0,0
2024-10-26,2024-2025,nssp_covid_proportion,0,0,0
2024-10-26,2024-2025,nssp_rsv_proportion,0,0,0
2024-11-02,2024-2025,nhsn_flu_admissions,0,0,0
2024-11-02,2024-2025,nhsn_covid_admissions,0,0,0
2024-11-02,2024-2025,nhsn_rsv_admissions,0,0,0
2024-11-02,2024-2025,nssp_flu_proportion,0,0,0
2024-11-02,2024-2025,nssp_covid_proportion,0,0,0
2024-11-02,2024-2025,nssp_rsv_proportion,0,0,0
2024-11-09,2024-2025,nhsn_flu_admissions,0,0,0
2024-11-09,2024-2025,nhsn_covid_admissions,0,0,0
2024-11-09,2024-2025,nhsn_rsv_admissions,0,0,0
2024-11-09,2024-2025,nssp_flu_proportion,0,49,49
2024-11-09,2024-2025,nssp_covid_proportion,0,49,49
2024-11-09,2024-2025,nssp_rsv_proportion,0,49,49
2024-11-16,2024-2025,nhsn_flu_admissions,52,52,52
2024-11-16,2024-2025,nhsn_covid_admissions,52,52,52
2024-11-16,2024-2025,nhsn_rsv_admissions,0,0,0
2024-11-16,2024-2025,nssp_flu_proportion,0,0,49
2024-11-16,2024-2025,nssp_covid_proportion,0,0,49
2024-11-16,2024-2025,nssp_rsv_proportion,0,0,49
2024-11-23,2024-2025,nhsn_flu_admissions,52,52,52
2024-11-23,2024-2025,nhsn_covid_admissions,52,52,52
2024-11-23,2024-2025,nhsn_rsv_admissions,52,52,0
2024-11-23,2024-2025,nssp_flu_proportion,0,49,49
2024-11-23,2024-2025,nssp_covid_proportion,0,49,49
2024-11-23,2024-2025,nssp_rsv_proportion,0,49,49
2024-11-30,2024-2025,nhsn_flu_admissions,52,52,52
2024-11-30,2024-2025,nhsn_covid_admissions,52,52,52
2024-11-30,2024-2025,nhsn_rsv_admissions,52,52,52
2024-11-30,2024-2025,nssp_flu_proportion,0,49,49
2024-11-30,2024-2025,nssp_covid_proportion,0,49,49
2024-11-30,2024-2025,nssp_rsv_proportion,0,49,49
2024-12-07,2024-2025,nhsn_flu_admissions,52,52,52
2024-12-07,2024-2025,nhsn_covid_admissions,52,52,52
2024-12-07,2024-2025,nhsn_rsv_admissions,52,52,52
2024-12-07,2024-2025,nssp_flu_proportion,0,49,49
2024-12-07,2024-2025,nssp_covid_proportion,0,49,49
2024-12-07,2024-2025,nssp_rsv_proportion,0,49,49
2024-12-14,2024-2025,nhsn_flu_admissions,52,52,52
2024-12-14,2024-2025,nhsn_covid_admissions,52,52,52
2024-12-14,2024-2025,nhsn_rsv_admissions,52,52,52
2024-12-14,2024-2025,nssp_flu_proportion,0,49,49
2024-12-14,2024-2025,nssp_covid_proportion,0,49,49
2024-12-14,2024-2025,nssp_rsv_proportion,0,49,49
2024-12-21,2024-2025,nhsn_flu_admissions,0,52,52
2024-12-21,2024-2025,nhsn_covid_admissions,0,52,52
2024-12-21,2024-2025,nhsn_rsv_admissions,0,52,52
2024-12-21,2024-2025,nssp_flu_proportion,0,50,50
2024-12-21,2024-2025,nssp_covid_proportion,0,50,50
2024-12-21,2024-2025,nssp_rsv_proportion,0,50,50
2024-12-28,2024-2025,nhsn_flu_admissions,0,52,52
2024-12-28,2024-2025,nhsn_covid_admissions,0,52,52
2024-12-28,2024-2025,nhsn_rsv_admissions,0,52,52
2024-12-28,2024-2025,nssp_flu_proportion,0,50,50
2024-12-28,2024-2025,nssp_covid_proportion,0,50,50
2024-12-28,2024-2025,nssp_rsv_proportion,0,50,50
2025-01-04,2024-2025,nhsn_flu_admissions,52,52,52
2025-01-04,2024-2025,nhsn_covid_admissions,52,52,52
2025-01-04,2024-2025,nhsn_rsv_admissions,52,52,52
2025-01-04,2024-2025,nssp_flu_proportion,0,50,50
2025-01-04,2024-2025,nssp_covid_proportion,0,50,50
2025-01-04,2024-2025,nssp_rsv_proportion,0,50,50
2025-01-11,2024-2025,nhsn_flu_admissions,52,52,52
2025-01-11,2024-2025,nhsn_covid_admissions,52,52,52
2025-01-11,2024-2025,nhsn_rsv_admissions,52,52,52
2025-01-11,2024-2025,nssp_flu_proportion,0,50,50
2025-01-11,2024-2025,nssp_covid_proportion,0,50,50
2025-01-11,2024-2025,nssp_rsv_proportion,0,50,50
2025-01-18,2024-2025,nhsn_flu_admissions,0,52,52
2025-01-18,2024-2025,nhsn_covid_admissions,0,52,52
2025-01-18,2024-2025,nhsn_rsv_admissions,0,52,52
2025-01-18,2024-2025,nssp_flu_proportion,0,50,50
2025-01-18,2024-2025,nssp_covid_proportion,0,50,50
2025-01-18,2024-2025,nssp_rsv_proportion,0,50,50
2025-01-25,2024-2025,nhsn_flu_admissions,52,52,52
2025-01-25,2024-2025,nhsn_covid_admissions,52,52,52
2025-01-25,2024-2025,nhsn_rsv_admissions,52,52,52
2025-01-25,2024-2025,nssp_flu_proportion,0,50,50
2025-01-25,2024-2025,nssp_covid_proportion,0,50,50
2025-01-25,2024-2025,nssp_rsv_proportion,0,50,50
2025-02-01,2024-2025,nhsn_flu_admissions,52,52,52
2025-02-01,2024-2025,nhsn_covid_admissions,52,52,52
2025-02-01,2024-2025,nhsn_rsv_admissions,52,52,52
2025-02-01,2024-2025,nssp_flu_proportion,0,50,50
2025-02-01,2024-2025,nssp_covid_proportion,0,50,50
2025-02-01,2024-2025,nssp_rsv_proportion,0,50,50
2025-02-08,2024-2025,nhsn_flu_admissions,52,52,52
2025-02-08,2024-2025,nhsn_covid_admissions,52,52,52
2025-02-08,2024-2025,nhsn_rsv_admissions,52,52,52
2025-02-08,2024-2025,nssp_flu_proportion,0,50,50
2025-02-08,2024-2025,nssp_covid_proportion,0,50,50
2025-02-08,2024-2025,nssp_rsv_proportion,0,50,50
2025-02-15,2024-2025,nhsn_flu_admissions,52,52,52
2025-02-15,2024-2025,nhsn_covid_admissions,52,52,52
2025-02-15,2024-2025,nhsn_rsv_admissions,52,52,52
2025-02-15,2024-2025,nssp_flu_proportion,0,50,50
2025-02-15,2024-2025,nssp_covid_proportion,0,50,50
2025-02-15,2024-2025,nssp_rsv_proportion,0,50,50
2025-02-22,2024-2025,nhsn_flu_admissions,52,52,52
2025-02-22,2024-2025,nhsn_covid_admissions,52,52,52
2025-02-22,2024-2025,nhsn_rsv_admissions,52,52,52
2025-02-22,2024-2025,nssp_flu_proportion,0,50,50
2025-02-22,2024-2025,nssp_covid_proportion,0,50,50
2025-02-22,2024-2025,nssp_rsv_proportion,0,50,50
2025-03-01,2024-2025,nhsn_flu_admissions,52,52,52
2025-03-01,2024-2025,nhsn_covid_admissions,52,52,52
2025-03-01,2024-2025,nhsn_rsv_admissions,52,52,52
2025-03-01,2024-2025,nssp_flu_proportion,0,50,50
2025-03-01,2024-2025,nssp_covid_proportion,0,50,50
2025-03-01,2024-2025,nssp_rsv_proportion,0,50,50
2025-03-08,2024-2025,nhsn_flu_admissions,52,52,52
2025-03-08,2024-2025,nhsn_covid_admissions,52,52,52
2025-03-08,2024-2025,nhsn_rsv_admissions,52,52,52
2025-03-08,2024-2025,nssp_flu_proportion,0,50,50
2025-03-08,2024-2025,nssp_covid_proportion,0,50,50
2025-03-08,2024-2025,nssp_rsv_proportion,0,50,50
2025-03-15,2024-2025,nhsn_flu_admissions,52,52,52
2025-03-15,2024-2025,nhsn_covid_admissions,52,52,52
2025-03-15,2024-2025,nhsn_rsv_admissions,52,52,52
2025-03-15,2024-2025,nssp_flu_proportion,0,50,50
2025-03-15,2024-2025,nssp_covid_proportion,0,50,50
2025-03-15,2024-2025,nssp_rsv_proportion,0,50,50
2025-03-22,2024-2025,nhsn_flu_admissions,52,52,52
2025-03-22,2024-2025,nhsn_covid_admissions,52,52,52
2025-03-22,2024-2025,nhsn_rsv_admissions,52,52,52
2025-03-22,2024-2025,nssp_flu_proportion,0,50,50
2025-03-22,2024-2025,nssp_covid_proportion,0,50,50
2025-03-22,2024-2025,nssp_rsv_proportion,0,50,50
2025-03-29,2024-2025,nhsn_flu_admissions,52,52,52
2025-03-29,2024-2025,nhsn_covid_admissions,52,52,52
2025-03-29,2024-2025,nhsn_rsv_admissions,52,52,52
2025-03-29,2024-2025,nssp_flu_proportion,0,50,50
2025-03-29,2024-2025,nssp_covid_proportion,0,50,50
2025-03-29,2024-2025,nssp_rsv_proportion,0,50,50
2025-04-05,2024-2025,nhsn_flu_admissions,52,52,52
2025-04-05,2024-2025,nhsn_covid_admissions,52,52,52
2025-04-05,2024-2025,nhsn_rsv_admissions,52,52,52
2025-04-05,2024-2025,nssp_flu_proportion,0,50,50
2025-04-05,2024-2025,nssp_covid_proportion,0,50,50
2025-04-05,2024-2025,nssp_rsv_proportion,0,50,50
2025-04-12,2024-2025,nhsn_flu_admissions,52,52,52
2025-04-12,2024-2025,nhsn_covid_admissions,52,52,52
2025-04-12,2024-2025,nhsn_rsv_admissions,52,52,52
2025-04-12,2024-2025,nssp_flu_proportion,0,50,50
2025-04-12,2024-2025,nssp_covid_proportion,0,50,50
2025-04-12,2024-2025,nssp_rsv_proportion,0,50,50
2025-04-19,2024-2025,nhsn_flu_admissions,52,52,52
2025-04-19,2024-2025,nhsn_covid_admissions,52,52,52
2025-04-19,2024-2025,nhsn_rsv_admissions,52,52,52
2025-04-19,2024-2025,nssp_flu_proportion,0,50,50
2025-04-19,2024-2025,nssp_covid_proportion,0,50,50
2025-04-19,2024-2025,nssp_rsv_proportion,0,50,50
2025-04-26,2024-2025,nhsn_flu_admissions,52,52,52
2025-04-26,2024-2025,nhsn_covid_admissions,52,52,52
2025-04-26,2024-2025,nhsn_rsv_admissions,52,52,52
2025-04-26,2024-2025,nssp_flu_proportion,0,50,50
2025-04-26,2024-2025,nssp_covid_proportion,0,50,50
2025-04-26,2024-2025,nssp_rsv_proportion,0,50,50
2025-05-03,2024-2025,nhsn_flu_admissions,52,52,52
2025-05-03,2024-2025,nhsn_covid_admissions,52,52,52
2025-05-03,2024-2025,nhsn_rsv_admissions,52,52,52
2025-05-03,2024-2025,nssp_flu_proportion,0,50,50
2025-05-03,2024-2025,nssp_covid_proportion,0,50,50
2025-05-03,2024-2025,nssp_rsv_proportion,0,50,50
2025-05-10,2024-2025,nhsn_flu_admissions,52,52,52
2025-05-10,2024-2025,nhsn_covid_admissions,52,52,52
2025-05-10,2024-2025,nhsn_rsv_admissions,52,52,52
2025-05-10,2024-2025,nssp_flu_proportion,0,50,50
2025-05-10,2024-2025,nssp_covid_proportion,0,50,50
2025-05-10,2024-2025,nssp_rsv_proportion,0,50,50
2025-05-17,2024-2025,nhsn_flu_admissions,52,52,52
2025-05-17,2024-2025,nhsn_covid_admissions,52,52,52
2025-05-17,2024-2025,nhsn_rsv_admissions,52,52,52
2025-05-17,2024-2025,nssp_flu_proportion,0,50,50
2025-05-17,2024-2025,nssp_covid_proportion,0,50,50
2025-05-17,2024-2025,nssp_rsv_proportion,0,50,50
2025-05-24,2024-2025,nhsn_flu_admissions,52,52,52
2025-05-24,2024-2025,nhsn_covid_admissions,52,52,52
2025-05-24,2024-2025,nhsn_rsv_admissions,52,52,52
2025-05-24,2024-2025,nssp_flu_proportion,0,50,50
2025-05-24,2024-2025,nssp_covid_proportion,0,50,50
2025-05-24,2024-2025,nssp_rsv_proportion,0,50,50
2025-05-31,2024-2025,nhsn_flu_admissions,52,52,52
2025-05-31,2024-2025,nhsn_covid_admissions,52,52,52
2025-05-31,2024-2025,nhsn_rsv_admissions,52,52,52
2025-05-31,2024-2025,nssp_flu_proportion,0,50,50
2025-05-31,2024-2025,nssp_covid_proportion,0,50,50
2025-05-31,2024-2025,nssp_rsv_proportion,0,50,50
2025-06-07,2024-2025,nhsn_flu_admissions,52,52,52
2025-06-07,2024-2025,nhsn_covid_admissions,0,0,0
2025-06-07,2024-2025,nhsn_rsv_admissions,52,52,52
2025-06-07,2024-2025,nssp_flu_proportion,0,50,50
2025-06-07,2024-2025,nssp_covid_proportion,0,50,50
2025-06-07,2024-2025,nssp_rsv_proportion,0,50,50
2025-06-14,2024-2025,nhsn_flu_admissions,52,52,52
2025-06-14,2024-2025,nhsn_covid_admissions,52,52,52
2025-06-14,2024-2025,nhsn_rsv_admissions,52,52,52
2025-06-14,2024-2025,nssp_flu_proportion,50,50,50
2025-06-14,2024-2025,nssp_covid_proportion,51,51,51
2025-06-14,2024-2025,nssp_rsv_proportion,51,51,51
2025-06-21,2024-2025,nhsn_flu_admissions,52,52,52
2025-06-21,2024-2025,nhsn_covid_admissions,52,52,52
2025-06-21,2024-2025,nhsn_rsv_admissions,52,52,52
2025-06-21,2024-2025,nssp_flu_proportion,50,50,50
2025-06-21,2024-2025,nssp_covid_proportion,51,51,51
2025-06-21,2024-2025,nssp_rsv_proportion,51,51,51
2025-06-28,2024-2025,nhsn_flu_admissions,52,52,52
2025-06-28,2024-2025,nhsn_covid_admissions,52,52,52
2025-06-28,2024-2025,nhsn_rsv_admissions,52,52,52
2025-06-28,2024-2025,nssp_flu_proportion,50,50,50
2025-06-28,2024-2025,nssp_covid_proportion,51,51,51
2025-06-28,2024-2025,nssp_rsv_proportion,51,51,51
2025-07-05,2024-2025,nhsn_flu_admissions,52,52,52
2025-07-05,2024-2025,nhsn_covid_admissions,52,52,52
2025-07-05,2024-2025,nhsn_rsv_admissions,52,52,52
2025-07-05,2024-2025,nssp_flu_proportion,50,50,50
2025-07-05,2024-2025,nssp_covid_proportion,51,51,51
2025-07-05,2024-2025,nssp_rsv_proportion,51,51,51
2025-07-12,2024-2025,nhsn_flu_admissions,52,52,52
2025-07-12,2024-2025,nhsn_covid_admissions,52,52,52
2025-07-12,2024-2025,nhsn_rsv_admissions,52,52,52
2025-07-12,2024-2025,nssp_flu_proportion,50,50,50
2025-07-12,2024-2025,nssp_covid_proportion,51,51,51
2025-07-12,2024-2025,nssp_rsv_proportion,51,51,51
2025-07-19,2024-2025,nhsn_flu_admissions,52,52,52
2025-07-19,2024-2025,nhsn_covid_admissions,52,52,52
2025-07-19,2024-2025,nhsn_rsv_admissions,52,52,52
2025-07-19,2024-2025,nssp_flu_proportion,50,50,50
2025-07-19,2024-2025,nssp_covid_proportion,51,51,51
2025-07-19,2024-2025,nssp_rsv_proportion,51,51,51
2025-07-26,2024-2025,nhsn_flu_admissions,52,52,52
2025-07-26,2024-2025,nhsn_covid_admissions,52,52,52
2025-07-26,2024-2025,nhsn_rsv_admissions,52,52,52
2025-07-26,2024-2025,nssp_flu_proportion,50,50,50
2025-07-26,2024-2025,nssp_covid_proportion,51,51,51
2025-07-26,2024-2025,nssp_rsv_proportion,51,51,51
2025-08-02,2025-2026,nhsn_flu_admissions,52,52,52
2025-08-02,2025-2026,nhsn_covid_admissions,52,52,52
2025-08-02,2025-2026,nhsn_rsv_admissions,52,52,52
2025-08-02,2025-2026,nssp_flu_proportion,50,50,50
2025-08-02,2025-2026,nssp_covid_proportion,51,51,51
2025-08-02,2025-2026,nssp_rsv_proportion,51,51,51
2025-08-09,2025-2026,nhsn_flu_admissions,52,52,52
2025-08-09,2025-2026,nhsn_covid_admissions,52,52,52
2025-08-09,2025-2026,nhsn_rsv_admissions,52,52,52
2025-08-09,2025-2026,nssp_flu_proportion,50,50,50
2025-08-09,2025-2026,nssp_covid_proportion,51,51,51
2025-08-09,2025-2026,nssp_rsv_proportion,51,51,51
2025-08-16,2025-2026,nhsn_flu_admissions,52,52,52
2025-08-16,2025-2026,nhsn_covid_admissions,52,52,52
2025-08-16,2025-2026,nhsn_rsv_admissions,52,52,52
2025-08-16,2025-2026,nssp_flu_proportion,50,50,50
2025-08-16,2025-2026,nssp_covid_proportion,51,51,51
2025-08-16,2025-2026,nssp_rsv_proportion,51,51,51
2025-08-23,2025-2026,nhsn_flu_admissions,52,52,52
2025-08-23,2025-2026,nhsn_covid_admissions,52,52,52
2025-08-23,2025-2026,nhsn_rsv_admissions,52,52,52
2025-08-23,2025-2026,nssp_flu_proportion,0,50,50
2025-08-23,2025-2026,nssp_covid_proportion,0,51,51
2025-08-23,2025-2026,nssp_rsv_proportion,0,51,51
2025-08-30,2025-2026,nhsn_flu_admissions,52,52,52
2025-08-30,2025-2026,nhsn_covid_admissions,52,52,52
2025-08-30,2025-2026,nhsn_rsv_admissions,52,52,52
2025-08-30,2025-2026,nssp_flu_proportion,50,50,50
2025-08-30,2025-2026,nssp_covid_proportion,51,51,51
2025-08-30,2025-2026,nssp_rsv_proportion,51,51,51
2025-09-06,2025-2026,nhsn_flu_admissions,52,52,52
2025-09-06,2025-2026,nhsn_covid_admissions,52,52,52
2025-09-06,2025-2026,nhsn_rsv_admissions,52,52,52
2025-09-06,2025-2026,nssp_flu_proportion,0,51,51
2025-09-06,2025-2026,nssp_covid_proportion,0,51,51
2025-09-06,2025-2026,nssp_rsv_proportion,0,51,51
2025-09-13,2025-2026,nhsn_flu_admissions,52,52,52
2025-09-13,2025-2026,nhsn_covid_admissions,52,52,52
2025-09-13,2025-2026,nhsn_rsv_admissions,52,52,52
2025-09-13,2025-2026,nssp_flu_proportion,50,50,50
2025-09-13,2025-2026,nssp_covid_proportion,51,51,51
2025-09-13,2025-2026,nssp_rsv_proportion,51,51,51
2025-09-20,2025-2026,nhsn_flu_admissions,52,52,52
2025-09-20,2025-2026,nhsn_covid_admissions,52,52,52
2025-09-20,2025-2026,nhsn_rsv_admissions,52,52,52
2025-09-20,2025-2026,nssp_flu_proportion,0,51,51
2025-09-20,2025-2026,nssp_covid_proportion,51,51,51
2025-09-20,2025-2026,nssp_rsv_proportion,51,51,51
2025-09-27,2025-2026,nhsn_flu_admissions,0,52,52
2025-09-27,2025-2026,nhsn_covid_admissions,0,52,52
2025-09-27,2025-2026,nhsn_rsv_admissions,0,52,52
2025-09-27,2025-2026,nssp_flu_proportion,0,0,51
2025-09-27,2025-2026,nssp_covid_proportion,0,51,51
2025-09-27,2025-2026,nssp_rsv_proportion,0,51,51
2025-10-04,2025-2026,nhsn_flu_admissions,0,0,52
2025-10-04,2025-2026,nhsn_covid_admissions,0,0,52
2025-10-04,2025-2026,nhsn_rsv_admissions,0,0,52
2025-10-04,2025-2026,nssp_flu_proportion,0,0,50
2025-10-04,2025-2026,nssp_covid_proportion,0,0,50
2025-10-04,2025-2026,nssp_rsv_proportion,0,0,50
2025-10-11,2025-2026,nhsn_flu_admissions,0,0,52
2025-10-11,2025-2026,nhsn_covid_admissions,0,0,52
2025-10-11,2025-2026,nhsn_rsv_admissions,0,0,52
2025-10-11,2025-2026,nssp_flu_proportion,0,0,50
2025-10-11,2025-2026,nssp_covid_proportion,0,0,50
2025-10-11,2025-2026,nssp_rsv_proportion,0,0,50
2025-10-18,2025-2026,nhsn_flu_admissions,0,0,0
2025-10-18,2025-2026,nhsn_covid_admissions,0,0,0
2025-10-18,2025-2026,nhsn_rsv_admissions,0,0,0
2025-10-18,2025-2026,nssp_flu_proportion,0,0,0
2025-10-18,2025-2026,nssp_covid_proportion,0,0,0
2025-10-18,2025-2026,nssp_rsv_proportion,0,0,0
2025-10-25,2025-2026,nhsn_flu_admissions,0,0,0
2025-10-25,2025-2026,nhsn_covid_admissions,0,0,0
2025-10-25,2025-2026,nhsn_rsv_admissions,0,0,0
2025-10-25,2025-2026,nssp_flu_proportion,0,0,0
2025-10-25,2025-2026,nssp_covid_proportion,0,0,0
2025-10-25,2025-2026,nssp_rsv_proportion,0,0,0
2025-11-01,2025-2026,nhsn_flu_admissions,0,0,0
2025-11-01,2025-2026,nhsn_covid_admissions,0,0,0
2025-11-01,2025-2026,nhsn_rsv_admissions,0,0,0
2025-11-01,2025-2026,nssp_flu_proportion,0,0,0
2025-11-01,2025-2026,nssp_covid_proportion,0,0,0
2025-11-01,2025-2026,nssp_rsv_proportion,0,0,0
2025-11-08,2025-2026,nhsn_flu_admissions,52,52,52
2025-11-08,2025-2026,nhsn_covid_admissions,0,0,0
2025-11-08,2025-2026,nhsn_rsv_admissions,0,0,0
2025-11-08,2025-2026,nssp_flu_proportion,0,0,0
2025-11-08,2025-2026,nssp_covid_proportion,0,0,0
2025-11-08,2025-2026,nssp_rsv_proportion,0,0,0
2025-11-15,2025-2026,nhsn_flu_admissions,52,52,52
2025-11-15,2025-2026,nhsn_covid_admissions,52,52,52
2025-11-15,2025-2026,nhsn_rsv_admissions,52,52,52
2025-11-15,2025-2026,nssp_flu_proportion,51,51,51
2025-11-15,2025-2026,nssp_covid_proportion,51,51,51
2025-11-15,2025-2026,nssp_rsv_proportion,51,51,51
2025-11-22,2025-2026,nhsn_flu_admissions,52,52,52
2025-11-22,2025-2026,nhsn_covid_admissions,52,52,52
2025-11-22,2025-2026,nhsn_rsv_admissions,52,52,52
2025-11-22,2025-2026,nssp_flu_proportion,51,51,51
2025-11-22,2025-2026,nssp_covid_proportion,51,51,51
2025-11-22,2025-2026,nssp_rsv_proportion,51,51,51
2025-11-29,2025-2026,nhsn_flu_admissions,52,52,52
2025-11-29,2025-2026,nhsn_covid_admissions,52,52,52
2025-11-29,2025-2026,nhsn_rsv_admissions,52,52,52
2025-11-29,2025-2026,nssp_flu_proportion,51,51,51
2025-11-29,2025-2026,nssp_covid_proportion,51,51,51
2025-11-29,2025-2026,nssp_rsv_proportion,51,51,51
2025-12-06,2025-2026,nhsn_flu_admissions,52,52,52
2025-12-06,2025-2026,nhsn_covid_admissions,52,52,52
2025-12-06,2025-2026,nhsn_rsv_admissions,52,52,52
2025-12-06,2025-2026,nssp_flu_proportion,51,51,51
2025-12-06,2025-2026,nssp_covid_proportion,51,51,51
2025-12-06,2025-2026,nssp_rsv_proportion,51,51,51
2025-12-13,2025-2026,nhsn_flu_admissions,52,52,52
2025-12-13,2025-2026,nhsn_covid_admissions,52,52,52
2025-12-13,2025-2026,nhsn_rsv_admissions,52,52,52
2025-12-13,2025-2026,nssp_flu_proportion,51,51,51
2025-12-13,2025-2026,nssp_covid_proportion,51,51,51
2025-12-13,2025-2026,nssp_rsv_proportion,51,51,51
2025-12-20,2025-2026,nhsn_flu_admissions,52,52,52
2025-12-20,2025-2026,nhsn_covid_admissions,52,52,52
2025-12-20,2025-2026,nhsn_rsv_admissions,52,52,52
2025-12-20,2025-2026,nssp_flu_proportion,0,51,51
2025-12-20,2025-2026,nssp_covid_proportion,0,50,50
2025-12-20,2025-2026,nssp_rsv_proportion,0,50,50
2025-12-27,2025-2026,nhsn_flu_admissions,52,52,52
2025-12-27,2025-2026,nhsn_covid_admissions,52,52,52
2025-12-27,2025-2026,nhsn_rsv_admissions,52,52,52
2025-12-27,2025-2026,nssp_flu_proportion,51,51,51
2025-12-27,2025-2026,nssp_covid_proportion,51,51,51
2025-12-27,2025-2026,nssp_rsv_proportion,51,51,51
2026-01-03,2025-2026,nhsn_flu_admissions,52,52,52
2026-01-03,2025-2026,nhsn_covid_admissions,52,52,52
2026-01-03,2025-2026,nhsn_rsv_admissions,52,52,52
2026-01-03,2025-2026,nssp_flu_proportion,51,51,51
2026-01-03,2025-2026,nssp_covid_proportion,51,51,51
2026-01-03,2025-2026,nssp_rsv_proportion,51,51,51
2026-01-10,2025-2026,nhsn_flu_admissions,52,52,52
2026-01-10,2025-2026,nhsn_covid_admissions,52,52,52
2026-01-10,2025-2026,nhsn_rsv_admissions,52,52,52
2026-01-10,2025-2026,nssp_flu_proportion,51,51,51
2026-01-10,2025-2026,nssp_covid_proportion,51,51,51
2026-01-10,2025-2026,nssp_rsv_proportion,51,51,51
2026-01-17,2025-2026,nhsn_flu_admissions,52,52,52
2026-01-17,2025-2026,nhsn_covid_admissions,52,52,52
2026-01-17,2025-2026,nhsn_rsv_admissions,52,52,52
2026-01-17,2025-2026,nssp_flu_proportion,51,51,51
2026-01-17,2025-2026,nssp_covid_proportion,51,51,51
2026-01-17,2025-2026,nssp_rsv_proportion,51,51,51
2026-01-24,2025-2026,nhsn_flu_admissions,52,52,52
2026-01-24,2025-2026,nhsn_covid_admissions,52,52,52
2026-01-24,2025-2026,nhsn_rsv_admissions,52,52,52
2026-01-24,2025-2026,nssp_flu_proportion,51,51,51
2026-01-24,2025-2026,nssp_covid_proportion,51,51,51
2026-01-24,2025-2026,nssp_rsv_proportion,51,51,51
2026-01-31,2025-2026,nhsn_flu_admissions,52,52,52
2026-01-31,2025-2026,nhsn_covid_admissions,52,52,52
2026-01-31,2025-2026,nhsn_rsv_admissions,52,52,52
2026-01-31,2025-2026,nssp_flu_proportion,51,51,51
2026-01-31,2025-2026,nssp_covid_proportion,51,51,51
2026-01-31,2025-2026,nssp_rsv_proportion,51,51,51
2026-02-07,2025-2026,nhsn_flu_admissions,52,52,52
2026-02-07,2025-2026,nhsn_covid_admissions,52,52,52
2026-02-07,2025-2026,nhsn_rsv_admissions,52,52,52
2026-02-07,2025-2026,nssp_flu_proportion,51,51,51
2026-02-07,2025-2026,nssp_covid_proportion,51,51,51
2026-02-07,2025-2026,nssp_rsv_proportion,51,51,51
2026-02-14,2025-2026,nhsn_flu_admissions,52,52,52
2026-02-14,2025-2026,nhsn_covid_admissions,52,52,52
2026-02-14,2025-2026,nhsn_rsv_admissions,52,52,52
2026-02-14,2025-2026,nssp_flu_proportion,51,51,51
2026-02-14,2025-2026,nssp_covid_proportion,51,51,51
2026-02-14,2025-2026,nssp_rsv_proportion,51,51,51
2026-02-21,2025-2026,nhsn_flu_admissions,52,52,52
2026-02-21,2025-2026,nhsn_covid_admissions,52,52,52
2026-02-21,2025-2026,nhsn_rsv_admissions,52,52,52
2026-02-21,2025-2026,nssp_flu_proportion,51,51,51
2026-02-21,2025-2026,nssp_covid_proportion,51,51,51
2026-02-21,2025-2026,nssp_rsv_proportion,51,51,51
2026-02-28,2025-2026,nhsn_flu_admissions,52,52,52
2026-02-28,2025-2026,nhsn_covid_admissions,52,52,52
2026-02-28,2025-2026,nhsn_rsv_admissions,52,52,52
2026-02-28,2025-2026,nssp_flu_proportion,51,51,51
2026-02-28,2025-2026,nssp_covid_proportion,51,51,51
2026-02-28,2025-2026,nssp_rsv_proportion,51,51,51
2026-03-07,2025-2026,nhsn_flu_admissions,52,52,52
2026-03-07,2025-2026,nhsn_covid_admissions,52,52,52
2026-03-07,2025-2026,nhsn_rsv_admissions,52,52,52
2026-03-07,2025-2026,nssp_flu_proportion,51,51,51
2026-03-07,2025-2026,nssp_covid_proportion,51,51,51
2026-03-07,2025-2026,nssp_rsv_proportion,51,51,51
2026-03-14,2025-2026,nhsn_flu_admissions,52,52,52
2026-03-14,2025-2026,nhsn_covid_admissions,52,52,52
2026-03-14,2025-2026,nhsn_rsv_admissions,52,52,52
2026-03-14,2025-2026,nssp_flu_proportion,51,51,51
2026-03-14,2025-2026,nssp_covid_proportion,51,51,51
2026-03-14,2025-2026,nssp_rsv_proportion,51,51,51
2026-03-21,2025-2026,nhsn_flu_admissions,52,52,52
2026-03-21,2025-2026,nhsn_covid_admissions,52,52,52
2026-03-21,2025-2026,nhsn_rsv_admissions,52,52,52
2026-03-21,2025-2026,nssp_flu_proportion,51,51,51
2026-03-21,2025-2026,nssp_covid_proportion,51,51,51
2026-03-21,2025-2026,nssp_rsv_proportion,51,51,51
2026-03-28,2025-2026,nhsn_flu_admissions,52,52,52
2026-03-28,2025-2026,nhsn_covid_admissions,52,52,52
2026-03-28,2025-2026,nhsn_rsv_admissions,52,52,52
2026-03-28,2025-2026,nssp_flu_proportion,51,51,51
2026-03-28,2025-2026,nssp_covid_proportion,51,51,51
2026-03-28,2025-2026,nssp_rsv_proportion,51,51,51
2026-04-04,2025-2026,nhsn_flu_admissions,52,52,52
2026-04-04,2025-2026,nhsn_covid_admissions,52,52,52
2026-04-04,2025-2026,nhsn_rsv_admissions,52,52,52
2026-04-04,2025-2026,nssp_flu_proportion,51,51,51
2026-04-04,2025-2026,nssp_covid_proportion,51,51,51
2026-04-04,2025-2026,nssp_rsv_proportion,51,51,51
2026-04-11,2025-2026,nhsn_flu_admissions,52,52,52
2026-04-11,2025-2026,nhsn_covid_admissions,52,52,52
2026-04-11,2025-2026,nhsn_rsv_admissions,52,52,52
2026-04-11,2025-2026,nssp_flu_proportion,51,51,51
2026-04-11,2025-2026,nssp_covid_proportion,51,51,51
2026-04-11,2025-2026,nssp_rsv_proportion,51,51,51
2026-04-18,2025-2026,nhsn_flu_admissions,52,52,52
2026-04-18,2025-2026,nhsn_covid_admissions,52,52,52
2026-04-18,2025-2026,nhsn_rsv_admissions,52,52,52
2026-04-18,2025-2026,nssp_flu_proportion,51,51,51
2026-04-18,2025-2026,nssp_covid_proportion,51,51,51
2026-04-18,2025-2026,nssp_rsv_proportion,51,51,51
2026-04-25,2025-2026,nhsn_flu_admissions,52,52,52
2026-04-25,2025-2026,nhsn_covid_admissions,52,52,52
2026-04-25,2025-2026,nhsn_rsv_admissions,52,52,52
2026-04-25,2025-2026,nssp_flu_proportion,51,51,51
2026-04-25,2025-2026,nssp_covid_proportion,51,51,51
2026-04-25,2025-2026,nssp_rsv_proportion,51,51,51
2026-05-02,2025-2026,nhsn_flu_admissions,52,52,52
2026-05-02,2025-2026,nhsn_covid_admissions,52,52,52
2026-05-02,2025-2026,nhsn_rsv_admissions,52,52,52
2026-05-02,2025-2026,nssp_flu_proportion,51,51,51
2026-05-02,2025-2026,nssp_covid_proportion,51,51,51
2026-05-02,2025-2026,nssp_rsv_proportion,51,51,51
2026-05-09,2025-2026,nhsn_flu_admissions,52,52,52
2026-05-09,2025-2026,nhsn_covid_admissions,52,52,52
2026-05-09,2025-2026,nhsn_rsv_admissions,52,52,52
2026-05-09,2025-2026,nssp_flu_proportion,51,51,51
2026-05-09,2025-2026,nssp_covid_proportion,51,51,51
2026-05-09,2025-2026,nssp_rsv_proportion,51,51,51
2026-05-16,2025-2026,nhsn_flu_admissions,52,52,52
2026-05-16,2025-2026,nhsn_covid_admissions,52,52,52
2026-05-16,2025-2026,nhsn_rsv_admissions,52,52,52
2026-05-16,2025-2026,nssp_flu_proportion,51,51,51
2026-05-16,2025-2026,nssp_covid_proportion,51,51,51
2026-05-16,2025-2026,nssp_rsv_proportion,51,51,51
2026-05-23,2025-2026,nhsn_flu_admissions,52,52,52
2026-05-23,2025-2026,nhsn_covid_admissions,52,52,52
2026-05-23,2025-2026,nhsn_rsv_admissions,52,52,52
2026-05-23,2025-2026,nssp_flu_proportion,51,51,51
2026-05-23,2025-2026,nssp_covid_proportion,51,51,51
2026-05-23,2025-2026,nssp_rsv_proportion,51,51,51
2026-05-30,2025-2026,nhsn_flu_admissions,52,52,52
2026-05-30,2025-2026,nhsn_covid_admissions,52,52,52
2026-05-30,2025-2026,nhsn_rsv_admissions,52,52,52
2026-05-30,2025-2026,nssp_flu_proportion,51,51,51
2026-05-30,2025-2026,nssp_covid_proportion,51,51,51
2026-05-30,2025-2026,nssp_rsv_proportion,51,51,51
2026-06-06,2025-2026,nhsn_flu_admissions,52,52,52
2026-06-06,2025-2026,nhsn_covid_admissions,52,52,52
2026-06-06,2025-2026,nhsn_rsv_admissions,52,52,52
2026-06-06,2025-2026,nssp_flu_proportion,52,52,52
2026-06-06,2025-2026,nssp_covid_proportion,52,52,52
2026-06-06,2025-2026,nssp_rsv_proportion,52,52,52
2026-06-13,2025-2026,nhsn_flu_admissions,52,52,52
2026-06-13,2025-2026,nhsn_covid_admissions,52,52,52
2026-06-13,2025-2026,nhsn_rsv_admissions,52,52,52
2026-06-13,2025-2026,nssp_flu_proportion,52,52,52
2026-06-13,2025-2026,nssp_covid_proportion,52,52,52
2026-06-13,2025-2026,nssp_rsv_proportion,52,52,52
2026-06-20,2025-2026,nhsn_flu_admissions,52,52,52
2026-06-20,2025-2026,nhsn_covid_admissions,52,52,52
2026-06-20,2025-2026,nhsn_rsv_admissions,52,52,52
2026-06-20,2025-2026,nssp_flu_proportion,52,52,52
2026-06-20,2025-2026,nssp_covid_proportion,52,52,52
2026-06-20,2025-2026,nssp_rsv_proportion,52,52,52
2026-06-27,2025-2026,nhsn_flu_admissions,52,52,52
2026-06-27,2025-2026,nhsn_covid_admissions,52,52,52
2026-06-27,2025-2026,nhsn_rsv_admissions,52,52,52
2026-06-27,2025-2026,nssp_flu_proportion,52,52,52
2026-06-27,2025-2026,nssp_covid_proportion,52,52,52
2026-06-27,2025-2026,nssp_rsv_proportion,52,52,52
2026-07-04,2025-2026,nhsn_flu_admissions,52,52,52
2026-07-04,2025-2026,nhsn_covid_admissions,52,52,52
2026-07-04,2025-2026,nhsn_rsv_admissions,52,52,52
2026-07-04,2025-2026,nssp_flu_proportion,52,52,52
2026-07-04,2025-2026,nssp_covid_proportion,52,52,52
2026-07-04,2025-2026,nssp_rsv_proportion,52,52,52
2026-07-11,2025-2026,nhsn_flu_admissions,52,52,52
2026-07-11,2025-2026,nhsn_covid_admissions,52,52,52
2026-07-11,2025-2026,nhsn_rsv_admissions,52,52,52
2026-07-11,2025-2026,nssp_flu_proportion,52,52,52
2026-07-11,2025-2026,nssp_covid_proportion,52,52,52
2026-07-11,2025-2026,nssp_rsv_proportion,52,52,52
2026-07-18,2025-2026,nhsn_flu_admissions,52,52,52
2026-07-18,2025-2026,nhsn_covid_admissions,52,52,52
2026-07-18,2025-2026,nhsn_rsv_admissions,52,52,52
2026-07-18,2025-2026,nssp_flu_proportion,52,52,52
2026-07-18,2025-2026,nssp_covid_proportion,52,52,52
2026-07-18,2025-2026,nssp_rsv_proportion,52,52,52
2026-07-25,2025-2026,nhsn_flu_admissions,52,52,52
2026-07-25,2025-2026,nhsn_covid_admissions,52,52,52
2026-07-25,2025-2026,nhsn_rsv_admissions,52,52,52
2026-07-25,2025-2026,nssp_flu_proportion,52,52,52
2026-07-25,2025-2026,nssp_covid_proportion,52,52,52
2026-07-25,2025-2026,nssp_rsv_proportion,52,52,52
2026-08-01,2025-2026,nhsn_flu_admissions,52,52,52
2026-08-01,2025-2026,nhsn_covid_admissions,52,52,52
2026-08-01,2025-2026,nhsn_rsv_admissions,52,52,52
2026-08-01,2025-2026,nssp_flu_proportion,52,52,52
2026-08-01,2025-2026,nssp_covid_proportion,52,52,52
2026-08-01,2025-2026,nssp_rsv_proportion,52,52,52
