season,target,lag_days,geography,n,weeks,locations,final_total,net_revision_pct,absolute_revision_pct,median_reported_pct,p10_reported_pct,p90_reported_pct,downward_pct
2023-2024,nhsn_flu_admissions,4,US,26,26,1,225916.0,3.4486269232812194,3.5203349917668514,97.29064157910345,94.69949244629197,100.3616255066524,11.538461538461538
2023-2024,nhsn_flu_admissions,4,states,1326,26,51,223850.0,3.4621398257761893,5.481349117712754,100.0,89.60170697012802,105.96011367096317,27.677224736048267
2023-2024,nhsn_flu_admissions,11,US,26,26,1,225916.0,2.9966890348625155,3.117973051930806,97.3716304644875,95.73516104291713,101.17687266294078,23.076923076923077
2023-2024,nhsn_flu_admissions,11,states,1326,26,51,223850.0,3.0046906410542773,4.560196560196561,100.0,95.97664717768181,103.09677934947655,25.188536953242835
2024-2025,nhsn_covid_admissions,4,US,17,17,1,188653.0,5.584326779855078,15.902742071422136,88.16590206909466,84.87143088236463,93.8445838553408,5.88235294117647
2024-2025,nhsn_covid_admissions,4,states,867,17,51,187180.0,5.441286462228871,17.09530932791965,91.92825112107623,69.39153439153439,100.0,7.151095732410612
2024-2025,nhsn_covid_admissions,11,US,21,21,1,237008.0,6.3533720380746646,6.3533720380746646,94.09277879341865,91.27126963350786,97.29695750565753,0.0
2024-2025,nhsn_covid_admissions,11,states,1071,21,51,235136.0,6.17472441480675,7.5637078116494285,97.05882352941177,83.33333333333334,100.0,7.376283846872083
2024-2025,nhsn_flu_admissions,4,US,16,16,1,430268.0,11.353621463831844,11.48005429174375,89.4620142100646,86.52426601901988,93.06494369253089,6.25
2024-2025,nhsn_flu_admissions,4,states,816,16,51,423534.0,10.88271543724943,11.804011012102924,91.68975069252078,71.33625593495442,100.0,4.901960784313726
2024-2025,nhsn_flu_admissions,11,US,21,21,1,515654.0,5.497872604498365,5.734853215528242,94.70326916505297,91.21683440073193,96.66719652413501,9.523809523809524
2024-2025,nhsn_flu_admissions,11,states,1071,21,51,506500.0,5.052517275419546,6.537216189536031,97.22991689750693,84.13461538461539,100.0,8.776844070961717
2024-2025,nhsn_rsv_admissions,4,US,16,16,1,126689.0,10.370276819613384,10.370276819613384,88.75433727884432,86.76238702561466,91.64270292661723,0.0
2024-2025,nhsn_rsv_admissions,4,states,816,16,51,123873.0,9.722861317639842,12.114020004359304,93.33333333333333,68.58552631578947,100.0,5.514705882352941
2024-2025,nhsn_rsv_admissions,11,US,20,20,1,163692.0,6.691224983505608,6.691224983505608,94.28495452365415,91.14035042112282,95.70128317620426,0.0
2024-2025,nhsn_rsv_admissions,11,states,1020,20,51,159798.0,5.583298914880036,8.520757456288564,98.82629107981221,81.81818181818183,100.0,9.705882352941178
2024-2025,nssp_covid_proportion,11,US,21,21,1,0.1780000003054738,5.786517478557148,5.786517478557148,94.11763900240017,93.38235057460206,95.09803858907557,0.0
2024-2025,nssp_covid_proportion,11,states,1024,21,49,9.425900029833429,6.8821017434362854,6.930903521935976,94.73684398639713,85.96983030639878,98.9591966431285,1.5625
2024-2025,nssp_flu_proportion,11,US,21,21,1,0.7743000139016658,4.28774603019798,4.28774603019798,95.83333387229317,94.3925211952774,96.77419161015078,0.0
2024-2025,nssp_flu_proportion,11,states,1024,21,49,36.930900088103954,4.9871519927888786,5.016395841105326,96.55172192313297,88.21752536199156,99.99999033390955,1.7578125
2024-2025,nssp_rsv_proportion,11,US,21,21,1,0.11680000019259751,9.84589200859071,9.84589200859071,88.88888560380045,87.2340442396063,94.44444731889689,0.0
2024-2025,nssp_rsv_proportion,11,states,1024,21,49,6.194800015102373,10.713824706121711,10.800994637221505,91.44599013755665,77.23776388103491,100.0,1.953125
2025-2026,nhsn_covid_admissions,4,US,19,19,1,107819.0,10.513916842115027,10.513916842115027,90.05690799873538,86.44023506957333,92.22524685047564,0.0
2025-2026,nhsn_covid_admissions,4,states,969,19,51,107474.0,10.532780021214434,10.882632078456185,92.07329842931938,67.72704714640199,100.0,2.476780185758514
2025-2026,nhsn_covid_admissions,11,US,21,21,1,117034.0,3.8390553172582327,3.8390553172582327,96.17461051982107,94.98901098901099,97.58141005374644,0.0
2025-2026,nhsn_covid_admissions,11,states,1071,21,51,116643.0,3.844208396560445,4.1134058623320735,99.61074760693081,85.51390433815351,100.0,3.081232492997199
2025-2026,nhsn_flu_admissions,4,US,20,20,1,295354.0,11.271558875112577,11.271558875112577,89.10377493915256,85.63798122285937,91.42644669681549,0.0
2025-2026,nhsn_flu_admissions,4,states,1018,20,51,291066.0,11.375083314437276,11.731016333065353,91.19496855345912,70.0,100.0,2.5540275049115913
2025-2026,nhsn_flu_admissions,11,US,21,21,1,285115.0,3.6290619574557637,3.6290619574557637,96.22962782777913,93.56463346390599,97.55285073670724,0.0
2025-2026,nhsn_flu_admissions,11,states,1083,22,51,285300.0,3.612688398177357,3.833508587451805,98.63945578231292,83.78378378378379,100.0,2.21606648199446
2025-2026,nhsn_rsv_admissions,4,US,19,19,1,105179.0,10.865286796794036,10.865286796794036,89.32909196067091,84.19485644411873,92.18797629815634,0.0
2025-2026,nhsn_rsv_admissions,4,states,969,19,51,104017.0,10.962631108376515,11.585606198986705,93.33333333333333,66.66666666666666,100.0,3.0959752321981426
2025-2026,nhsn_rsv_admissions,11,US,21,21,1,110737.0,4.088967553753488,4.088967553753488,95.90892262125139,92.88461538461539,97.5637902295166,0.0
2025-2026,nhsn_rsv_admissions,11,states,1071,21,51,109381.0,4.096689553030234,4.202740878214681,100.0,83.39113680154144,100.0,1.4939309056956116
2025-2026,nssp_covid_proportion,4,US,19,19,1,0.10660000122152269,4.315197699675203,4.315197699675203,95.77464853394743,94.11764343343293,97.21428289062031,0.0
2025-2026,nssp_covid_proportion,4,states,950,19,50,6.07050001405878,6.607363422872556,6.966477277956863,95.83333090801425,86.8392109007598,100.0,4.105263157894737
2025-2026,nssp_covid_proportion,11,US,21,21,1,0.11630000127479434,1.1177992875030034,1.1177992875030034,100.0,97.14285543226471,100.0,0.0
2025-2026,nssp_covid_proportion,11,states,1050,21,50,6.597800015297253,2.725150837448187,3.2980690858698383,98.8888907285385,93.75000318323153,100.0,6.190476190476191
2025-2026,nssp_flu_proportion,4,US,20,20,1,0.628700003027916,3.435661552655482,3.435661552655482,96.63003090125795,95.91597076108253,97.18381343975634,0.0
2025-2026,nssp_flu_proportion,4,states,1000,20,50,30.26520005390921,4.701769705074321,4.8345955851357525,97.33494974075104,90.60608082409728,100.0,4.7
2025-2026,nssp_flu_proportion,11,US,21,21,1,0.6329000028781593,1.1692206731358357,1.1692206731358357,99.22958245410173,97.73370444117904,99.49495035015848,0.0
2025-2026,nssp_flu_proportion,11,states,1050,21,50,30.429500054146047,1.5419247458638654,1.7975976992313996,99.42196809776974,96.8749957556916,100.0,7.904761904761905
2025-2026,nssp_rsv_proportion,4,US,19,19,1,0.08659999980591238,8.083140338641202,8.083140338641202,91.6666653731631,90.59523928631184,92.88220750482508,0.0
2025-2026,nssp_rsv_proportion,4,states,950,19,50,4.5125000043117325,7.765096733685836,8.571744926495018,94.33962330460848,79.99999476131077,100.0,2.631578947368421
2025-2026,nssp_rsv_proportion,11,US,21,21,1,0.09199999982956797,2.608694515529039,2.608694515529039,97.91666060336894,96.2264213937805,100.0,0.0
2025-2026,nssp_rsv_proportion,11,states,1050,21,50,4.7288000044136425,2.3092538276163554,3.2650988760325648,98.73417930436095,92.12596324979637,100.0,4.285714285714286
