config_id,seed,target,season,geography,locations,us_weight_used,n,model_wis,model_dispersion,model_underprediction,model_overprediction,model_ae_median,model_covered_50,model_covered_80,model_covered_90,model_covered_95,ensemble_wis,ensemble_dispersion,ensemble_underprediction,ensemble_overprediction,ensemble_ae_median,ensemble_covered_50,ensemble_covered_80,ensemble_covered_90,ensemble_covered_95,wis_ratio,pooled_wis_ratio,model_coverage_50,model_coverage_80,model_coverage_90,model_coverage_95,ensemble_coverage_50,ensemble_coverage_80,ensemble_coverage_90,ensemble_coverage_95,candidate
forward:direct:100:64:128:8,42,wk inc covid hosp,2025-2026,all,52,0.2,9048.0,288060.86956373067,52941.673297833455,115204.76548052502,119914.43078537224,396156.3718805756,2407.0,4297.0,5236.0,5910.0,251503.70978939495,102039.96804152089,70756.4623304223,78707.27941745178,396424.6389596296,4576.0,7150.0,7993.0,8484.0,1.1739343219895784,1.1453543560249988,0.2646608068514763,0.4678837052062205,0.5652467883705208,0.6450755014649541,0.5195176921343251,0.7918187964841109,0.8741717376605818,0.9417399143565476,direct
forward:direct:100:64:128:8,42,wk inc covid hosp,2025-2026,states_dc,51,0.0,8874.0,162279.32075059912,34984.15775151573,68025.469667006,59269.69333207741,227601.1071100678,2362.0,4221.0,5148.0,5804.0,137533.1523161514,55676.68777243521,42712.03193647525,39144.43260724092,215812.05818140364,4475.0,7011.0,7848.0,8317.0,1.1915099144904655,1.1799287518515027,0.2661708361505522,0.475659229208925,0.5801217038539555,0.6540455262564797,0.5042821726391706,0.7900608519269777,0.8843813387423937,0.937232364210052,direct
forward:direct:100:64:128:8,42,wk inc covid hosp,2025-2026,US,1,1.0,174.0,125781.54881313158,17957.51554631772,47179.29581351903,60644.73745329484,168555.2647705078,45.0,76.0,88.0,106.0,113970.5574732436,46363.28026908566,28044.430393947056,39562.84681021086,180612.58077822597,101.0,139.0,145.0,167.0,1.1036319519860276,1.1036319519860276,0.2586206896551724,0.4367816091954023,0.5057471264367817,0.6091954022988506,0.5804597701149425,0.7988505747126436,0.8333333333333334,0.9597701149425288,direct
forward:direct:100:64:128:8,42,wk inc covid prop ed visits,2025-2026,all,52,0.2,5586.0,3.294623433054636,0.6999314945307583,0.4834127130882675,2.1112792254355885,4.590470775408893,1305.0,2295.0,2753.0,3094.0,2.497840456056041,1.156219767170679,0.658108762307743,0.6835119265775996,3.786811212239031,2935.0,4515.0,4987.0,5231.0,1.4804730383616749,1.3189887388791328,0.2196346393578227,0.3974317570165321,0.4835841692589098,0.5394424056015752,0.5674912912283155,0.8383349061549755,0.9090629478172731,0.9467491524238932,direct
forward:direct:100:64:128:8,42,wk inc covid prop ed visits,2025-2026,states_dc,51,0.0,5476.0,3.243339926010664,0.6901450335742101,0.4807967898339624,2.072398102602471,4.516664746362939,1288.0,2257.0,2705.0,3042.0,2.471367192877446,1.136099226909532,0.6552800492656397,0.6799879167022549,3.7540446929893,2849.0,4405.0,4877.0,5121.0,1.3662960044516288,1.3123666670651235,0.2359069355609148,0.4104260599070288,0.4953893024827281,0.5561211888201509,0.5139095685808489,0.7979186326937193,0.8863286847715913,0.9334364405298664,direct
forward:direct:100:64:128:8,42,wk inc covid prop ed visits,2025-2026,US,1,1.0,110.0,0.0512835070439714,0.0097864609565481,0.002615923254305,0.0388811228331176,0.073806029045954,17.0,38.0,48.0,52.0,0.0264732631785953,0.020120540261147,0.0028287130421033,0.0035240098753447,0.0327665192497309,86.0,110.0,110.0,110.0,1.9371811740018576,1.9371811740018576,0.1545454545454545,0.3454545454545454,0.4363636363636363,0.4727272727272727,0.7818181818181819,1.0,1.0,1.0,direct
forward:direct:100:64:128:8,42,wk inc flu hosp,2025-2026,all,52,0.2,5824.0,685284.9126031131,133264.53097258878,336121.03921610094,215899.3424144233,949259.5999224444,1988.0,3408.0,4021.0,4376.0,681987.2230434783,182493.3534782609,344539.7391304348,154954.13043478262,1021199.0,3056.0,4510.0,4990.0,5252.0,1.0121009599718265,1.0048354125241794,0.3656512605042017,0.6023809523809526,0.7096288515406163,0.7626400560224091,0.5267507002801122,0.7781162464985995,0.8568627450980393,0.8984943977591039,direct
forward:direct:100:64:128:8,42,wk inc flu hosp,2025-2026,states_dc,51,0.0,5712.0,370076.2247191621,81370.40192652846,192385.8132294544,96320.00956317924,526344.1135943193,1935.0,3332.0,3932.0,4285.0,369731.63260869565,98349.24130434784,189960.8260869565,81421.56521739133,551635.0,2996.0,4421.0,4894.0,5153.0,1.0127618728401215,1.0009320060283593,0.3387605042016807,0.5833333333333333,0.688375350140056,0.7501750700280112,0.5245098039215685,0.7739845938375353,0.8567927170868349,0.9021358543417368,direct
forward:direct:100:64:128:8,42,wk inc flu hosp,2025-2026,US,1,1.0,112.0,315208.68788395094,51894.12904606031,143735.22598664655,119579.33285124403,422915.486328125,53.0,76.0,89.0,91.0,312255.5904347826,84144.11217391305,154578.91304347827,73532.5652173913,469564.0,60.0,89.0,96.0,99.0,1.0094573084986451,1.0094573084986451,0.4732142857142857,0.6785714285714286,0.7946428571428571,0.8125,0.5357142857142857,0.7946428571428571,0.8571428571428571,0.8839285714285714,direct
forward:direct:100:64:128:8,42,wk inc flu prop ed visits,2025-2026,all,52,0.2,5768.0,43.23321893498782,7.695475937986945,31.26143305567276,4.276309941328088,60.47514193579264,1795.0,3223.0,3940.0,4359.0,37.45877201101338,10.32540181251476,18.668498595924568,8.464871602574023,55.69990955372134,3123.0,4503.0,4944.0,5204.0,1.1754985406347531,1.1541547310273992,0.2965336134453782,0.5567577030812326,0.6984593837535015,0.767436974789916,0.5629201680672271,0.7807773109243697,0.8550420168067228,0.8987394957983195,direct
forward:direct:100:64:128:8,42,wk inc flu prop ed visits,2025-2026,states_dc,51,0.0,5656.0,42.54299627369952,7.566957315781352,30.79648102428947,4.179557933628678,59.48363568230707,1768.0,3160.0,3852.0,4265.0,36.85597064220919,10.13762192450928,18.375323476701357,8.34302524099853,54.80314232063013,3048.0,4414.0,4848.0,5104.0,1.1831169158509982,1.154304052569905,0.3103991596638655,0.5553221288515406,0.6766456582633052,0.7494747899159665,0.5362394957983193,0.7773109243697479,0.8545168067226891,0.9002100840336137,direct
forward:direct:100:64:128:8,42,wk inc flu prop ed visits,2025-2026,US,1,1.0,112.0,0.6902226612882929,0.1285186222055925,0.4649520313832906,0.0967520076994094,0.991506253485568,27.0,63.0,88.0,94.0,0.6028013688041913,0.1877798880054818,0.2931751192232158,0.1218463615754933,0.8967672330912095,75.0,89.0,96.0,100.0,1.1450250397697732,1.1450250397697732,0.2410714285714285,0.5625,0.7857142857142857,0.8392857142857143,0.6696428571428571,0.7946428571428571,0.8571428571428571,0.8928571428571429,direct
forward:direct:100:64:128:8,42,wk inc rsv hosp,2025-2026,all,52,0.2,6032.0,248462.9236488193,27191.481377583943,209362.30428415863,11909.137987076749,331395.8412531752,1172.0,2213.0,2835.0,3302.0,174064.93092191094,53052.087440608055,105063.50795633462,15949.335524968266,270304.41698893777,2589.0,4305.0,4948.0,5364.0,1.4640904952657787,1.4274151739403775,0.1918526031102096,0.3644016227180529,0.459634888438134,0.5339080459770116,0.4406693711967547,0.7187964841108859,0.8279918864097365,0.8953684922244761,direct
forward:direct:100:64:128:8,42,wk inc rsv hosp,2025-2026,states_dc,51,0.0,5916.0,135709.36364337258,16631.318989643165,112415.5170341374,6662.527619592033,184266.14197339004,1151.0,2172.0,2787.0,3247.0,94740.19007535864,28170.04025877443,55907.86834298157,10662.281473602628,146919.94591427944,2532.0,4219.0,4848.0,5257.0,1.4747587907789017,1.4324371054715646,0.1945571331981068,0.3671399594320486,0.4710953346855985,0.5488505747126436,0.4279918864097364,0.7131507775524004,0.8194726166328601,0.8886071670047331,direct
forward:direct:100:64:128:8,42,wk inc rsv hosp,2025-2026,US,1,1.0,116.0,112753.56000544672,10560.16238794078,96946.78725002124,5246.6103674847145,147129.69927978516,21.0,41.0,48.0,55.0,79324.7408465523,24882.04718183363,49155.63961335304,5287.05405136564,123384.47107465832,57.0,86.0,100.0,107.0,1.421417313213288,1.421417313213288,0.1810344827586207,0.3534482758620689,0.4137931034482758,0.4741379310344827,0.4913793103448275,0.7413793103448276,0.8620689655172413,0.9224137931034484,direct
forward:direct:100:64:128:8,42,wk inc rsv prop ed visits,2025-2026,all,51,0.2,5586.0,5.440804802723456,1.4183915947179382,3.240916135399966,0.7814970726055293,8.19260494568879,1753.0,3223.0,3927.0,4318.0,4.530466183071346,1.2624880197885668,3.007839152268794,0.2601390110139662,6.751646229391804,2706.0,4144.0,4680.0,5001.0,1.3415020904181527,1.200937074214063,0.3032264411579014,0.5633353585737517,0.6914332272768352,0.7707066930927594,0.5147666229916434,0.7725612543865138,0.86154240300846,0.908627902093687,direct
forward:direct:100:64:128:8,42,wk inc rsv prop ed visits,2025-2026,states_dc,50,0.0,5475.0,5.363705794847203,1.3988978846348132,3.1958457761962547,0.7689621340161128,8.069779956778794,1724.0,3166.0,3855.0,4233.0,4.481922045837196,1.2402717937371133,2.983166568524047,0.2584836835760167,6.672332616026163,2633.0,4042.0,4572.0,4893.0,1.2798213861071217,1.1967423217074928,0.3137177361320614,0.5757908198388113,0.7021293719338819,0.7719419249245076,0.47904386432514,0.7359718382534125,0.8336847605173314,0.8925416343738655,direct
forward:direct:100:64:128:8,42,wk inc rsv prop ed visits,2025-2026,US,1,1.0,111.0,0.0770990078762531,0.019493710083125,0.0450703592037111,0.0125349385894165,0.1228249889099968,29.0,57.0,72.0,85.0,0.0485441372341502,0.0222162260514535,0.0246725837447468,0.0016553274379494,0.0793136133656412,73.0,102.0,108.0,108.0,1.5882249076622768,1.5882249076622768,0.2612612612612612,0.5135135135135135,0.6486486486486487,0.7657657657657657,0.6576576576576577,0.918918918918919,0.972972972972973,0.972972972972973,direct
forward:direct:100:64:128:8,43,wk inc covid hosp,2025-2026,all,52,0.2,9048.0,294741.8215404451,47909.1176101779,187318.67414816632,59514.02978210087,395126.20708422735,2848.0,4857.0,5721.0,6315.0,251503.70978939495,102039.96804152089,70756.4623304223,78707.27941745178,396424.6389596296,4576.0,7150.0,7993.0,8484.0,1.169167343801048,1.1719183855667854,0.3118323191345504,0.5279017354068066,0.6174442190669371,0.6805273833671401,0.5195176921343251,0.7918187964841109,0.8741717376605818,0.9417399143565476,direct
forward:direct:100:64:128:8,43,wk inc covid hosp,2025-2026,states_dc,51,0.0,8874.0,158578.62132798968,33213.91078469598,98104.045690392,27260.66485290165,222408.2736125477,2796.0,4772.0,5625.0,6210.0,137533.1523161514,55676.68777243521,42712.03193647525,39144.43260724092,215812.05818140364,4475.0,7011.0,7848.0,8317.0,1.1627785309257967,1.1530210618852137,0.315077755240027,0.5377507324768989,0.6338742393509129,0.6997971602434079,0.5042821726391706,0.7900608519269777,0.8843813387423937,0.937232364210052,direct
forward:direct:100:64:128:8,43,wk inc covid hosp,2025-2026,US,1,1.0,174.0,136163.2002124554,14695.206825481911,89214.62845777429,32253.36492919922,172717.9334716797,52.0,85.0,96.0,105.0,113970.5574732436,46363.28026908566,28044.430393947056,39562.84681021086,180612.58077822597,101.0,139.0,145.0,167.0,1.1947225953020533,1.1947225953020533,0.2988505747126437,0.4885057471264368,0.5517241379310345,0.603448275862069,0.5804597701149425,0.7988505747126436,0.8333333333333334,0.9597701149425288,direct
forward:direct:100:64:128:8,43,wk inc covid prop ed visits,2025-2026,all,52,0.2,5586.0,2.838565566227185,0.6638233973316138,0.6475276814845706,1.5272144874109808,4.082082373264701,1531.0,2684.0,3268.0,3581.0,2.497840456056041,1.156219767170679,0.658108762307743,0.6835119265775996,3.786811212239031,2935.0,4515.0,4987.0,5231.0,1.2143539592241113,1.1364078755891125,0.275585147903487,0.4691535889459766,0.5828163992869877,0.6452879428657977,0.5674912912283155,0.8383349061549755,0.9090629478172731,0.9467491524238932,direct
forward:direct:100:64:128:8,43,wk inc covid prop ed visits,2025-2026,states_dc,51,0.0,5476.0,2.801136275351084,0.6549944922401094,0.6441991094445316,1.5019426736664234,4.027137700351876,1500.0,2637.0,3204.0,3507.0,2.471367192877446,1.136099226909532,0.6552800492656397,0.6799879167022549,3.7540446929893,2849.0,4405.0,4877.0,5121.0,1.164479309412691,1.133435890637394,0.2740268894248133,0.4796238043642888,0.5830659536541891,0.6384281104004289,0.5139095685808489,0.7979186326937193,0.8863286847715913,0.9334364405298664,direct
forward:direct:100:64:128:8,43,wk inc covid prop ed visits,2025-2026,US,1,1.0,110.0,0.0374292908761011,0.0088289050915044,0.003328572040039,0.0252718137445573,0.0549446729128247,31.0,47.0,64.0,74.0,0.0264732631785953,0.020120540261147,0.0028287130421033,0.0035240098753447,0.0327665192497309,86.0,110.0,110.0,110.0,1.4138525584697916,1.4138525584697916,0.2818181818181818,0.4272727272727272,0.5818181818181818,0.6727272727272727,0.7818181818181819,1.0,1.0,1.0,direct
forward:direct:100:64:128:8,43,wk inc flu hosp,2025-2026,all,52,0.2,5824.0,594323.5934790503,185402.92343997807,307627.6634966851,101293.00654238708,897164.7792258735,2707.0,4257.0,4754.0,4993.0,681987.2230434783,182493.3534782609,344539.7391304348,154954.13043478262,1021199.0,3056.0,4510.0,4990.0,5252.0,0.9091272999998672,0.8714585455527819,0.4778711484593838,0.7558473389355742,0.8369747899159664,0.8720938375350141,0.5267507002801122,0.7781162464985995,0.8568627450980393,0.8984943977591039,direct
forward:direct:100:64:128:8,43,wk inc flu hosp,2025-2026,states_dc,51,0.0,5712.0,329651.51148005604,108523.1686743398,167326.66562495448,53801.67718076172,496029.4962668892,2647.0,4160.0,4650.0,4888.0,369731.63260869565,98349.24130434784,189960.8260869565,81421.56521739133,551635.0,2996.0,4421.0,4894.0,5153.0,0.9245057275054396,0.891596721530564,0.4634103641456583,0.7282913165266105,0.8140756302521011,0.8557422969187678,0.5245098039215685,0.7739845938375353,0.8567927170868349,0.9021358543417368,direct
forward:direct:100:64:128:8,43,wk inc flu hosp,2025-2026,US,1,1.0,112.0,264672.0819989942,76879.75476563827,140300.99787173065,47491.32936162534,401135.2829589844,60.0,97.0,104.0,105.0,312255.5904347826,84144.11217391305,154578.91304347827,73532.5652173913,469564.0,60.0,89.0,96.0,99.0,0.8476135899775775,0.8476135899775775,0.5357142857142857,0.8660714285714286,0.9285714285714286,0.9375,0.5357142857142857,0.7946428571428571,0.8571428571428571,0.8839285714285714,direct
forward:direct:100:64:128:8,43,wk inc flu prop ed visits,2025-2026,all,52,0.2,5768.0,47.58169561749528,5.785014940816087,38.546031409886886,3.25064926679228,62.63222382481763,1639.0,2769.0,3305.0,3683.0,37.45877201101338,10.32540181251476,18.668498595924568,8.464871602574023,55.69990955372134,3123.0,4503.0,4944.0,5204.0,1.311088128262517,1.2702417367954728,0.2878501400560224,0.4832983193277311,0.5700280112044819,0.638060224089636,0.5629201680672271,0.7807773109243697,0.8550420168067228,0.8987394957983195,direct
forward:direct:100:64:128:8,43,wk inc flu prop ed visits,2025-2026,states_dc,51,0.0,5656.0,46.77890404502571,5.689896572224869,37.89705105970895,3.19195641309187,61.56134444250347,1604.0,2712.0,3241.0,3610.0,36.85597064220919,10.13762192450928,18.375323476701357,8.34302524099853,54.80314232063013,3048.0,4414.0,4848.0,5104.0,1.3059181606848376,1.269235438109784,0.281687675070028,0.476890756302521,0.5696778711484595,0.6346288515406163,0.5362394957983193,0.7773109243697479,0.8545168067226891,0.9002100840336137,direct
forward:direct:100:64:128:8,43,wk inc flu prop ed visits,2025-2026,US,1,1.0,112.0,0.8027915724695648,0.0951183685912172,0.6489803501779374,0.05869285370041,1.0708793823141605,35.0,57.0,64.0,73.0,0.6028013688041913,0.1877798880054818,0.2931751192232158,0.1218463615754933,0.8967672330912095,75.0,89.0,96.0,100.0,1.3317679985732356,1.3317679985732356,0.3125,0.5089285714285714,0.5714285714285714,0.6517857142857143,0.6696428571428571,0.7946428571428571,0.8571428571428571,0.8928571428571429,direct
forward:direct:100:64:128:8,43,wk inc rsv hosp,2025-2026,all,52,0.2,6032.0,213390.5363839832,34190.53894108161,170471.90743528306,8728.090007618504,310821.5604636752,1551.0,2997.0,3793.0,4297.0,174064.93092191094,53052.087440608055,105063.50795633462,15949.335524968266,270304.41698893777,2589.0,4305.0,4948.0,5364.0,1.2600113488478966,1.225924919245879,0.247870182555781,0.4783637592968223,0.619371196754564,0.7034144692359705,0.4406693711967547,0.7187964841108859,0.8279918864097365,0.8953684922244761,direct
forward:direct:100:64:128:8,43,wk inc rsv hosp,2025-2026,states_dc,51,0.0,5916.0,114126.79249990488,21400.375519915156,87558.61196409166,5167.805015898056,170542.6537253939,1527.0,2951.0,3726.0,4220.0,94740.19007535864,28170.04025877443,55907.86834298157,10662.281473602628,146919.94591427944,2532.0,4219.0,4848.0,5257.0,1.2621743872003428,1.2046291273969965,0.2581135902636918,0.498816768086545,0.629817444219067,0.7133198106828939,0.4279918864097364,0.7131507775524004,0.8194726166328601,0.8886071670047331,direct
forward:direct:100:64:128:8,43,wk inc rsv hosp,2025-2026,US,1,1.0,116.0,99263.74388407831,12790.16342116646,82913.2954711914,3560.2849917204485,140278.90673828125,24.0,46.0,67.0,77.0,79324.7408465523,24882.04718183363,49155.63961335304,5287.05405136564,123384.47107465832,57.0,86.0,100.0,107.0,1.2513591954381105,1.2513591954381105,0.2068965517241379,0.396551724137931,0.5775862068965517,0.6637931034482759,0.4913793103448275,0.7413793103448276,0.8620689655172413,0.9224137931034484,direct
forward:direct:100:64:128:8,43,wk inc rsv prop ed visits,2025-2026,all,51,0.2,5586.0,4.301173682894291,1.5438400351999757,1.745704974667393,1.0116286730269026,6.371347293774297,2393.0,3831.0,4427.0,4750.0,4.530466183071346,1.2624880197885668,3.007839152268794,0.2601390110139662,6.751646229391804,2706.0,4144.0,4680.0,5001.0,1.0209098771713965,0.9493887624558736,0.4554028858011213,0.6991156920386935,0.8032948518475931,0.8573371875602389,0.5147666229916434,0.7725612543865138,0.86154240300846,0.908627902093687,direct
forward:direct:100:64:128:8,43,wk inc rsv prop ed visits,2025-2026,states_dc,50,0.0,5475.0,4.249406998983843,1.5230134067355687,1.7331832820689017,0.9932103101793532,6.290906139613062,2328.0,3746.0,4332.0,4651.0,4.481922045837196,1.2402717937371133,2.983166568524047,0.2584836835760167,6.672332616026163,2633.0,4042.0,4572.0,4893.0,1.0095413842126453,0.9481215771993818,0.4228572108550052,0.6824531736069254,0.7901546008455275,0.8486985114773258,0.47904386432514,0.7359718382534125,0.8336847605173314,0.8925416343738655,direct
forward:direct:100:64:128:8,43,wk inc rsv prop ed visits,2025-2026,US,1,1.0,111.0,0.0517666839104479,0.0208266284644068,0.0125216925984915,0.0184183628475494,0.0804411541612351,65.0,85.0,95.0,99.0,0.0485441372341502,0.0222162260514535,0.0246725837447468,0.0016553274379494,0.0793136133656412,73.0,102.0,108.0,108.0,1.0663838490063982,1.0663838490063982,0.5855855855855856,0.7657657657657657,0.8558558558558559,0.8918918918918919,0.6576576576576577,0.918918918918919,0.972972972972973,0.972972972972973,direct
forward:direct:100:64:128:8,44,wk inc covid hosp,2025-2026,all,52,0.2,9048.0,272597.86326867493,55310.77015722675,73572.7124846252,143714.38062682303,376612.82278127794,2595.0,4523.0,5444.0,6060.0,251503.70978939495,102039.96804152089,70756.4623304223,78707.27941745178,396424.6389596296,4576.0,7150.0,7993.0,8484.0,1.1430909356335808,1.0838721365062325,0.2837277439711517,0.4893171061528061,0.5956502141086321,0.6691908947487043,0.5195176921343251,0.7918187964841109,0.8741717376605818,0.9417399143565476,direct
forward:direct:100:64:128:8,44,wk inc covid hosp,2025-2026,states_dc,51,0.0,8874.0,158198.81544720544,36124.30836348311,48920.09753685006,73154.40954687232,223482.12832327012,2548.0,4446.0,5345.0,5944.0,137533.1523161514,55676.68777243521,42712.03193647525,39144.43260724092,215812.05818140364,4475.0,7011.0,7848.0,8317.0,1.177923754976044,1.15025950313092,0.2871309443317557,0.5010141987829616,0.6023213883254452,0.6698219517692137,0.5042821726391706,0.7900608519269777,0.8843813387423937,0.937232364210052,direct
forward:direct:100:64:128:8,44,wk inc covid hosp,2025-2026,US,1,1.0,174.0,114399.04782146952,19186.461793743634,24652.61494777514,70559.97107995074,153130.6944580078,47.0,77.0,99.0,116.0,113970.5574732436,46363.28026908566,28044.430393947056,39562.84681021086,180612.58077822597,101.0,139.0,145.0,167.0,1.0037596582637276,1.0037596582637276,0.2701149425287356,0.4425287356321839,0.5689655172413793,0.6666666666666666,0.5804597701149425,0.7988505747126436,0.8333333333333334,0.9597701149425288,direct
forward:direct:100:64:128:8,44,wk inc covid prop ed visits,2025-2026,all,52,0.2,5586.0,3.017623426157967,0.7037936590910149,0.8117325385809648,1.502097228485967,4.408633476130481,1456.0,2595.0,3112.0,3532.0,2.497840456056041,1.156219767170679,0.658108762307743,0.6835119265775996,3.786811212239031,2935.0,4515.0,4987.0,5231.0,1.253363494754422,1.2080929423821714,0.2744613377139329,0.4734645183088091,0.5688185196835717,0.6473190963848405,0.5674912912283155,0.8383349061549755,0.9090629478172731,0.9467491524238932,direct
forward:direct:100:64:128:8,44,wk inc covid prop ed visits,2025-2026,states_dc,51,0.0,5476.0,2.981966487005901,0.6934131617391949,0.8096571918829927,1.4788961333836934,4.356635260519388,1420.0,2539.0,3044.0,3453.0,2.471367192877446,1.136099226909532,0.6552800492656397,0.6799879167022549,3.7540446929893,2849.0,4405.0,4877.0,5121.0,1.2299784148694597,1.2066060015686937,0.2612584903242343,0.464557920613284,0.55647769505901,0.629603415935596,0.5139095685808489,0.7979186326937193,0.8863286847715913,0.9334364405298664,direct
forward:direct:100:64:128:8,44,wk inc covid prop ed visits,2025-2026,US,1,1.0,110.0,0.0356569391520661,0.01038049735182,0.0020753466979721,0.0232010951022736,0.0519982156110925,36.0,56.0,68.0,79.0,0.0264732631785953,0.020120540261147,0.0028287130421033,0.0035240098753447,0.0327665192497309,86.0,110.0,110.0,110.0,1.3469038142942715,1.3469038142942715,0.3272727272727272,0.509090909090909,0.6181818181818182,0.7181818181818181,0.7818181818181819,1.0,1.0,1.0,direct
forward:direct:100:64:128:8,44,wk inc flu hosp,2025-2026,all,52,0.2,5824.0,775680.584156065,125401.22903159556,378631.6474803607,271647.70764410886,1077310.4881366906,1701.0,3064.0,3718.0,4179.0,681987.2230434783,182493.3534782609,344539.7391304348,154954.13043478262,1021199.0,3056.0,4510.0,4990.0,5252.0,1.093950047951221,1.1373828686913885,0.3073529411764706,0.5377450980392159,0.6490896358543419,0.7301120448179271,0.5267507002801122,0.7781162464985995,0.8568627450980393,0.8984943977591039,direct
forward:direct:100:64:128:8,44,wk inc flu hosp,2025-2026,states_dc,51,0.0,5712.0,398971.5323578367,76099.91249735747,202230.845634976,120640.7742255032,567914.6683735069,1659.0,2998.0,3640.0,4091.0,369731.63260869565,98349.24130434784,189960.8260869565,81421.56521739133,551635.0,2996.0,4421.0,4894.0,5153.0,1.0658344314940704,1.079084117155015,0.2904411764705882,0.5248599439775911,0.6372549019607843,0.7162114845938374,0.5245098039215685,0.7739845938375353,0.8567927170868349,0.9021358543417368,direct
forward:direct:100:64:128:8,44,wk inc flu hosp,2025-2026,US,1,1.0,112.0,376709.0517982284,49301.31653423808,176400.8018453847,151006.93341860565,509395.8197631836,42.0,66.0,78.0,88.0,312255.5904347826,84144.11217391305,154578.91304347827,73532.5652173913,469564.0,60.0,89.0,96.0,99.0,1.2064125137798212,1.2064125137798212,0.375,0.5892857142857143,0.6964285714285714,0.7857142857142857,0.5357142857142857,0.7946428571428571,0.8571428571428571,0.8839285714285714,direct
forward:direct:100:64:128:8,44,wk inc flu prop ed visits,2025-2026,all,52,0.2,5768.0,43.47590140107796,9.028264572560246,25.796921886029168,8.650714942488527,62.562846908425854,1944.0,3173.0,3722.0,4143.0,37.45877201101338,10.32540181251476,18.668498595924568,8.464871602574023,55.69990955372134,3123.0,4503.0,4944.0,5204.0,1.2168118612064365,1.1606333861744176,0.3237044817927171,0.5297268907563026,0.6233543417366948,0.6938375350140056,0.5629201680672271,0.7807773109243697,0.8550420168067228,0.8987394957983195,direct
forward:direct:100:64:128:8,44,wk inc flu prop ed visits,2025-2026,states_dc,51,0.0,5656.0,42.665407972671744,8.89446275376597,25.34659340129481,8.424351817610948,61.43704070356762,1913.0,3122.0,3661.0,4075.0,36.85597064220919,10.13762192450928,18.375323476701357,8.34302524099853,54.80314232063013,3048.0,4414.0,4848.0,5104.0,1.1848786337460608,1.157625405849692,0.3354341736694678,0.5483193277310925,0.643032212885154,0.7155112044817927,0.5362394957983193,0.7773109243697479,0.8545168067226891,0.9002100840336137,direct
forward:direct:100:64:128:8,44,wk inc flu prop ed visits,2025-2026,US,1,1.0,112.0,0.8104934284062145,0.1338018187942771,0.4503284847343582,0.2263631248775787,1.1258062048582358,31.0,51.0,61.0,68.0,0.6028013688041913,0.1877798880054818,0.2931751192232158,0.1218463615754933,0.8967672330912095,75.0,89.0,96.0,100.0,1.344544771047937,1.344544771047937,0.2767857142857143,0.4553571428571428,0.5446428571428571,0.6071428571428571,0.6696428571428571,0.7946428571428571,0.8571428571428571,0.8928571428571429,direct
forward:direct:100:64:128:8,44,wk inc rsv hosp,2025-2026,all,52,0.2,6032.0,305967.27605562296,22531.813273658638,278954.8025861256,4480.660195838757,381621.0187429504,1012.0,1909.0,2533.0,2995.0,174064.93092191094,53052.087440608055,105063.50795633462,15949.335524968266,270304.41698893777,2589.0,4305.0,4948.0,5364.0,1.6814087161433129,1.757776678134472,0.1432048681541582,0.2899256254225829,0.3917849898580122,0.4685598377281949,0.4406693711967547,0.7187964841108859,0.8279918864097365,0.8953684922244761,direct
forward:direct:100:64:128:8,44,wk inc rsv hosp,2025-2026,states_dc,51,0.0,5916.0,155295.42024191652,15037.064613803248,136833.78552016514,3424.5701079481323,203842.44821682735,1008.0,1889.0,2502.0,2955.0,94740.19007535864,28170.04025877443,55907.86834298157,10662.281473602628,146919.94591427944,2532.0,4219.0,4848.0,5257.0,1.6269031956589817,1.63917150808322,0.1703853955375254,0.3193035835023665,0.4229208924949291,0.4994929006085193,0.4279918864097364,0.7131507775524004,0.8194726166328601,0.8886071670047331,direct
forward:direct:100:64:128:8,44,wk inc rsv hosp,2025-2026,US,1,1.0,116.0,150671.85581370644,7494.748659855386,142121.01706596045,1056.090087890625,177778.57052612305,4.0,20.0,31.0,40.0,79324.7408465523,24882.04718183363,49155.63961335304,5287.05405136564,123384.47107465832,57.0,86.0,100.0,107.0,1.8994307980806355,1.8994307980806355,0.0344827586206896,0.1724137931034483,0.2672413793103448,0.3448275862068966,0.4913793103448275,0.7413793103448276,0.8620689655172413,0.9224137931034484,direct
forward:direct:100:64:128:8,44,wk inc rsv prop ed visits,2025-2026,all,51,0.2,5586.0,6.445836611052308,1.0393326645726504,4.941254973614803,0.4652489728648364,9.00957300648587,1207.0,2280.0,2921.0,3386.0,4.530466183071346,1.2624880197885668,3.007839152268794,0.2601390110139662,6.751646229391804,2706.0,4144.0,4680.0,5001.0,1.657802917938895,1.422775571118483,0.202441942704027,0.3953457154967383,0.5155506847219218,0.5982577319667262,0.5147666229916434,0.7725612543865138,0.86154240300846,0.908627902093687,direct
forward:direct:100:64:128:8,44,wk inc rsv prop ed visits,2025-2026,states_dc,50,0.0,5475.0,6.347723885622572,1.0250422581144454,4.865973698221544,0.4567079292865642,8.873151470128494,1191.0,2242.0,2867.0,3323.0,4.481922045837196,1.2402717937371133,2.983166568524047,0.2584836835760167,6.672332616026163,2633.0,4042.0,4572.0,4893.0,1.5669777736528334,1.4162950226941875,0.2170163923439977,0.4085965587853373,0.5228167342807806,0.6059302730665159,0.47904386432514,0.7359718382534125,0.8336847605173314,0.8925416343738655,direct
forward:direct:100:64:128:8,44,wk inc rsv prop ed visits,2025-2026,US,1,1.0,111.0,0.0981127254297365,0.0142904064582049,0.0752812753932589,0.0085410435782723,0.1364215363573748,16.0,38.0,54.0,63.0,0.0485441372341502,0.0222162260514535,0.0246725837447468,0.0016553274379494,0.0793136133656412,73.0,102.0,108.0,108.0,2.021103495083139,2.021103495083139,0.1441441441441441,0.3423423423423423,0.4864864864864865,0.5675675675675675,0.6576576576576577,0.918918918918919,0.972972972972973,0.972972972972973,direct
forward:joint:100:64:128:8,42,wk inc covid hosp,2025-2026,all,52,0.2,9048.0,332271.3263942468,55019.948477931735,59374.28151407462,217877.09640224045,455879.869051073,2134.0,3896.0,4821.0,5463.0,251503.70978939495,102039.96804152089,70756.4623304223,78707.27941745178,396424.6389596296,4576.0,7150.0,7993.0,8484.0,1.3252332661012507,1.3211388677824485,0.2050935316655398,0.3808879873788597,0.4769889565021412,0.5507550146495381,0.5195176921343251,0.7918187964841109,0.8741717376605818,0.9417399143565476,joint
forward:joint:100:64:128:8,42,wk inc covid hosp,2025-2026,states_dc,51,0.0,8874.0,188029.8853599397,39898.545651632485,40459.82405823223,107671.51565007502,270914.6848469715,2122.0,3868.0,4781.0,5408.0,137533.1523161514,55676.68777243521,42712.03193647525,39144.43260724092,215812.05818140364,4475.0,7011.0,7848.0,8317.0,1.3401409168928493,1.3671604423616357,0.2391255352715799,0.4358800991661032,0.5387649312598602,0.6094207798061754,0.5042821726391706,0.7900608519269777,0.8843813387423937,0.937232364210052,joint
forward:joint:100:64:128:8,42,wk inc covid hosp,2025-2026,US,1,1.0,174.0,144241.44103430706,15121.402826299252,18914.457455842392,110205.58075216542,184965.1842041016,12.0,28.0,40.0,55.0,113970.5574732436,46363.28026908566,28044.430393947056,39562.84681021086,180612.58077822597,101.0,139.0,145.0,167.0,1.2656026629348551,1.2656026629348551,0.0689655172413793,0.160919540229885,0.2298850574712643,0.3160919540229885,0.5804597701149425,0.7988505747126436,0.8333333333333334,0.9597701149425288,joint
forward:joint:100:64:128:8,42,wk inc covid prop ed visits,2025-2026,all,52,0.2,5586.0,3.920300196143893,0.7042139725147618,0.3512775727905727,2.864808650838541,5.261861091625169,1089.0,1891.0,2305.0,2662.0,2.497840456056041,1.156219767170679,0.658108762307743,0.6835119265775996,3.786811212239031,2935.0,4515.0,4987.0,5231.0,1.8610784049090825,1.5694758192578246,0.1747870865517924,0.3157678282245757,0.3901960784313726,0.4562734612561603,0.5674912912283155,0.8383349061549755,0.9090629478172731,0.9467491524238932,joint
forward:joint:100:64:128:8,42,wk inc covid prop ed visits,2025-2026,states_dc,51,0.0,5476.0,3.848171896011203,0.6937712022637548,0.3509343244665495,2.8034663692808808,5.166393626393974,1080.0,1868.0,2274.0,2622.0,2.471367192877446,1.136099226909532,0.6552800492656397,0.6799879167022549,3.7540446929893,2849.0,4405.0,4877.0,5121.0,1.6452051144752962,1.557102443983941,0.198029312735195,0.3424370580079923,0.4172905525846703,0.4794327356611094,0.5139095685808489,0.7979186326937193,0.8863286847715913,0.9334364405298664,joint
forward:joint:100:64:128:8,42,wk inc covid prop ed visits,2025-2026,US,1,1.0,110.0,0.0721283001326903,0.010442770251007,0.0003432483240232,0.0613422815576599,0.0954674652311948,9.0,23.0,31.0,40.0,0.0264732631785953,0.020120540261147,0.0028287130421033,0.0035240098753447,0.0327665192497309,86.0,110.0,110.0,110.0,2.724571566644226,2.724571566644226,0.0818181818181818,0.209090909090909,0.2818181818181818,0.3636363636363636,0.7818181818181819,1.0,1.0,1.0,joint
forward:joint:100:64:128:8,42,wk inc flu hosp,2025-2026,all,52,0.2,5824.0,715347.1990423157,174904.4064518586,404002.8108954543,136439.98169500293,1070752.0418353137,2125.0,3681.0,4266.0,4689.0,681987.2230434783,182493.3534782609,344539.7391304348,154954.13043478262,1021199.0,3056.0,4510.0,4990.0,5252.0,1.0682014572929044,1.0489158372351364,0.3733193277310925,0.6471988795518209,0.7538165266106442,0.8245798319327731,0.5267507002801122,0.7781162464985995,0.8568627450980393,0.8984943977591039,joint
forward:joint:100:64:128:8,42,wk inc flu hosp,2025-2026,states_dc,51,0.0,5712.0,391305.2662717243,95652.5605847149,231152.42246771985,64500.28321928963,578662.0484271105,2079.0,3601.0,4171.0,4587.0,369731.63260869565,98349.24130434784,189960.8260869565,81421.56521739133,551635.0,2996.0,4421.0,4894.0,5153.0,1.0758153673965298,1.058349439864836,0.3639705882352941,0.6304271708683473,0.7302170868347341,0.8030462184873952,0.5245098039215685,0.7739845938375353,0.8567927170868349,0.9021358543417368,joint
forward:joint:100:64:128:8,42,wk inc flu hosp,2025-2026,US,1,1.0,112.0,324041.9327705914,79251.84586714371,172850.38842773438,71939.69847571332,492089.9934082031,46.0,80.0,95.0,102.0,312255.5904347826,84144.11217391305,154578.91304347827,73532.5652173913,469564.0,60.0,89.0,96.0,99.0,1.0377458168784026,1.0377458168784026,0.4107142857142857,0.7142857142857143,0.8482142857142857,0.9107142857142856,0.5357142857142857,0.7946428571428571,0.8571428571428571,0.8839285714285714,joint
forward:joint:100:64:128:8,42,wk inc flu prop ed visits,2025-2026,all,52,0.2,5768.0,43.08944746748388,8.458156147834835,26.077880779309403,8.553410540339616,61.30306326862774,1701.0,2951.0,3652.0,4083.0,37.45877201101338,10.32540181251476,18.668498595924568,8.464871602574023,55.69990955372134,3123.0,4503.0,4944.0,5204.0,1.1583063867455483,1.150316605542088,0.280077030812325,0.5152310924369748,0.6497549019607844,0.7235644257703082,0.5629201680672271,0.7807773109243697,0.8550420168067228,0.8987394957983195,joint
forward:joint:100:64:128:8,42,wk inc flu prop ed visits,2025-2026,states_dc,51,0.0,5656.0,42.42048876034891,8.317539372906928,25.72540021079127,8.377549176650687,60.30241866406868,1676.0,2890.0,3569.0,3992.0,36.85597064220919,10.13762192450928,18.375323476701357,8.34302524099853,54.80314232063013,3048.0,4414.0,4848.0,5104.0,1.1704455298383842,1.1509800995925197,0.2942927170868347,0.5078781512605043,0.6269257703081232,0.7013305322128852,0.5362394957983193,0.7773109243697479,0.8545168067226891,0.9002100840336137,joint
forward:joint:100:64:128:8,42,wk inc flu prop ed visits,2025-2026,US,1,1.0,112.0,0.668958707134968,0.1406167749279055,0.3524805685181331,0.1758613636889291,1.0006446045590562,25.0,61.0,83.0,91.0,0.6028013688041913,0.1877798880054818,0.2931751192232158,0.1218463615754933,0.8967672330912095,75.0,89.0,96.0,100.0,1.1097498143742048,1.1097498143742048,0.2232142857142857,0.5446428571428571,0.7410714285714286,0.8125,0.6696428571428571,0.7946428571428571,0.8571428571428571,0.8928571428571429,joint
forward:joint:100:64:128:8,42,wk inc rsv hosp,2025-2026,all,52,0.2,6032.0,252626.97441392785,28806.29973457521,219659.37877974627,4161.295899606381,337104.5774336958,1351.0,2587.0,3288.0,3772.0,174064.93092191094,53052.087440608055,105063.50795633462,15949.335524968266,270304.41698893777,2589.0,4305.0,4948.0,5364.0,1.4308818613689056,1.4513375731453997,0.2144692359702502,0.4054428668018933,0.5113590263691685,0.5942866801893173,0.4406693711967547,0.7187964841108859,0.8279918864097365,0.8953684922244761,joint
forward:joint:100:64:128:8,42,wk inc rsv hosp,2025-2026,states_dc,51,0.0,5916.0,130618.56101591162,19329.689349572734,108374.18103114744,2914.690635191469,184731.81229697703,1331.0,2552.0,3246.0,3719.0,94740.19007535864,28170.04025877443,55907.86834298157,10662.281473602628,146919.94591427944,2532.0,4219.0,4848.0,5257.0,1.4040803853346315,1.378702754470035,0.2249830966869506,0.4313725490196079,0.5486815415821502,0.628634212305612,0.4279918864097364,0.7131507775524004,0.8194726166328601,0.8886071670047331,joint
forward:joint:100:64:128:8,42,wk inc rsv hosp,2025-2026,US,1,1.0,116.0,122008.41339801622,9476.610385002468,111285.19774859885,1246.6052644149115,152372.76513671875,20.0,35.0,42.0,53.0,79324.7408465523,24882.04718183363,49155.63961335304,5287.05405136564,123384.47107465832,57.0,86.0,100.0,107.0,1.5380877655060008,1.5380877655060008,0.1724137931034483,0.3017241379310345,0.3620689655172414,0.4568965517241379,0.4913793103448275,0.7413793103448276,0.8620689655172413,0.9224137931034484,joint
forward:joint:100:64:128:8,42,wk inc rsv prop ed visits,2025-2026,all,51,0.2,5586.0,3.973581783812374,1.0660349562065488,1.854347108855217,1.053199718750588,5.950142438807225,1967.0,3434.0,4034.0,4475.0,4.530466183071346,1.2624880197885668,3.007839152268794,0.2601390110139662,6.751646229391804,2706.0,4144.0,4680.0,5001.0,0.9101679551832608,0.8770801112389183,0.3724953544046875,0.6292056525713567,0.7335421349439155,0.819417313022117,0.5147666229916434,0.7725612543865138,0.86154240300846,0.908627902093687,joint
forward:joint:100:64:128:8,42,wk inc rsv prop ed visits,2025-2026,states_dc,50,0.0,5475.0,3.931279785884399,1.051953328066612,1.83726840290071,1.0420580549170566,5.882021525663722,1915.0,3356.0,3946.0,4374.0,4.481922045837196,1.2402717937371133,2.983166568524047,0.2584836835760167,6.672332616026163,2633.0,4042.0,4572.0,4893.0,0.9198566647873292,0.8771414910118231,0.3485020758887422,0.61083139003852,0.7187294704816961,0.7967941638001687,0.47904386432514,0.7359718382534125,0.8336847605173314,0.8925416343738655,joint
forward:joint:100:64:128:8,42,wk inc rsv prop ed visits,2025-2026,US,1,1.0,111.0,0.0423019979279752,0.0140816281399367,0.017078705954507,0.0111416638335313,0.0681209131435023,52.0,78.0,88.0,101.0,0.0485441372341502,0.0222162260514535,0.0246725837447468,0.0016553274379494,0.0793136133656412,73.0,102.0,108.0,108.0,0.8714131167669877,0.8714131167669877,0.4684684684684684,0.7027027027027027,0.7927927927927928,0.90990990990991,0.6576576576576577,0.918918918918919,0.972972972972973,0.972972972972973,joint
forward:joint:100:64:128:8,43,wk inc covid hosp,2025-2026,all,52,0.2,9048.0,263878.7652353818,42112.02039428725,176940.80727295953,44825.93756813499,362469.3887357887,2343.0,4187.0,5176.0,5794.0,251503.70978939495,102039.96804152089,70756.4623304223,78707.27941745178,396424.6389596296,4576.0,7150.0,7993.0,8484.0,1.088009167186842,1.0492042660378629,0.2493576741041244,0.4600856434527835,0.5736082938922697,0.643092179400496,0.5195176921343251,0.7918187964841109,0.8741717376605818,0.9417399143565476,joint
forward:joint:100:64:128:8,43,wk inc covid hosp,2025-2026,states_dc,51,0.0,8874.0,148069.91714464105,27798.2015553086,94874.94721861168,25396.76837072076,206958.74975873792,2307.0,4109.0,5075.0,5680.0,137533.1523161514,55676.68777243521,42712.03193647525,39144.43260724092,215812.05818140364,4475.0,7011.0,7848.0,8317.0,1.1059790784761376,1.0766125450558168,0.2599729546991211,0.4630380887987379,0.5718954248366015,0.640072120802344,0.5042821726391706,0.7900608519269777,0.8843813387423937,0.937232364210052,joint
forward:joint:100:64:128:8,43,wk inc covid hosp,2025-2026,US,1,1.0,174.0,115808.8480907407,14313.818838978645,82065.86005434784,19429.169197414238,155510.63897705078,36.0,78.0,101.0,114.0,113970.5574732436,46363.28026908566,28044.430393947056,39562.84681021086,180612.58077822597,101.0,139.0,145.0,167.0,1.0161295220296582,1.0161295220296582,0.2068965517241379,0.4482758620689655,0.5804597701149425,0.6551724137931034,0.5804597701149425,0.7988505747126436,0.8333333333333334,0.9597701149425288,joint
forward:joint:100:64:128:8,43,wk inc covid prop ed visits,2025-2026,all,52,0.2,5586.0,3.294287091522418,0.7188270654463146,0.4430136783693762,2.132446347706708,4.675627713819257,1297.0,2284.0,2795.0,3160.0,2.497840456056041,1.156219767170679,0.658108762307743,0.6835119265775996,3.786811212239031,2935.0,4515.0,4987.0,5231.0,1.5315031843867188,1.3188540859506792,0.2175053883704403,0.3901121946104645,0.482364824717766,0.546672258921394,0.5674912912283155,0.8383349061549755,0.9090629478172731,0.9467491524238932,joint
forward:joint:100:64:128:8,43,wk inc covid prop ed visits,2025-2026,states_dc,51,0.0,5476.0,3.2365888937720237,0.7093889940144998,0.4410575687538476,2.086142331003657,4.59456685456097,1282.0,2251.0,2752.0,3110.0,2.471367192877446,1.136099226909532,0.6552800492656397,0.6799879167022549,3.7540446929893,2849.0,4405.0,4877.0,5121.0,1.3695066184973812,1.3096349676810346,0.2377908263721412,0.4126402432630807,0.5052287581699347,0.5697039600153787,0.5139095685808489,0.7979186326937193,0.8863286847715913,0.9334364405298664,joint
forward:joint:100:64:128:8,43,wk inc covid prop ed visits,2025-2026,US,1,1.0,110.0,0.0576981977503947,0.0094380714318147,0.0019561096155285,0.0463040167030512,0.0810608592582865,15.0,33.0,43.0,50.0,0.0264732631785953,0.020120540261147,0.0028287130421033,0.0035240098753447,0.0327665192497309,86.0,110.0,110.0,110.0,2.179489447944068,2.179489447944068,0.1363636363636363,0.3,0.3909090909090909,0.4545454545454545,0.7818181818181819,1.0,1.0,1.0,joint
forward:joint:100:64:128:8,43,wk inc flu hosp,2025-2026,all,52,0.2,5824.0,823965.7533414982,140152.3260483262,312404.25292758935,371409.1743655826,1120619.0768335531,1818.0,3205.0,3767.0,4165.0,681987.2230434783,182493.3534782609,344539.7391304348,154954.13043478262,1021199.0,3056.0,4510.0,4990.0,5252.0,1.1782711846822662,1.2081835634169475,0.3303221288515406,0.559138655462185,0.6477240896358545,0.7116946778711485,0.5267507002801122,0.7781162464985995,0.8568627450980393,0.8984943977591039,joint
forward:joint:100:64:128:8,43,wk inc flu hosp,2025-2026,states_dc,51,0.0,5712.0,431779.0717865613,88132.46371256387,167107.32831927584,176539.2797547216,610959.7955835533,1772.0,3138.0,3694.0,4087.0,369731.63260869565,98349.24130434784,189960.8260869565,81421.56521739133,551635.0,2996.0,4421.0,4894.0,5153.0,1.1588440568477418,1.167817502495204,0.3102240896358543,0.5493697478991597,0.6467086834733893,0.7155112044817926,0.5245098039215685,0.7739845938375353,0.8567927170868349,0.9021358543417368,joint
forward:joint:100:64:128:8,43,wk inc flu hosp,2025-2026,US,1,1.0,112.0,392186.6815549369,52019.86233576236,145296.92460831354,194869.89461086108,509659.28125,46.0,67.0,73.0,78.0,312255.5904347826,84144.11217391305,154578.91304347827,73532.5652173913,469564.0,60.0,89.0,96.0,99.0,1.255979696020362,1.255979696020362,0.4107142857142857,0.5982142857142857,0.6517857142857143,0.6964285714285714,0.5357142857142857,0.7946428571428571,0.8571428571428571,0.8839285714285714,joint
forward:joint:100:64:128:8,43,wk inc flu prop ed visits,2025-2026,all,52,0.2,5768.0,43.373166870312886,6.696151201738725,28.26788910184072,8.40912656673342,59.73563882564849,1552.0,2717.0,3314.0,3705.0,37.45877201101338,10.32540181251476,18.668498595924568,8.464871602574023,55.69990955372134,3123.0,4503.0,4944.0,5204.0,1.1921951515026723,1.157890783434134,0.2592086834733894,0.4706582633053223,0.5745798319327732,0.6410014005602243,0.5629201680672271,0.7807773109243697,0.8550420168067228,0.8987394957983195,joint
forward:joint:100:64:128:8,43,wk inc flu prop ed visits,2025-2026,states_dc,51,0.0,5656.0,42.62883686807405,6.597373743008106,27.802225177918277,8.229237947147647,58.714323185577086,1527.0,2663.0,3248.0,3632.0,36.85597064220919,10.13762192450928,18.375323476701357,8.34302524099853,54.80314232063013,3048.0,4414.0,4848.0,5104.0,1.1815477250202848,1.1566331350192012,0.2682072829131653,0.4677871148459385,0.5709033613445378,0.6383053221288516,0.5362394957983193,0.7773109243697479,0.8545168067226891,0.9002100840336137,joint
forward:joint:100:64:128:8,43,wk inc flu prop ed visits,2025-2026,US,1,1.0,112.0,0.7443300022388321,0.0987774587306193,0.4656639239224402,0.1798886195857723,1.0213156400714067,25.0,54.0,66.0,73.0,0.6028013688041913,0.1877798880054818,0.2931751192232158,0.1218463615754933,0.8967672330912095,75.0,89.0,96.0,100.0,1.2347848574322229,1.2347848574322229,0.2232142857142857,0.4821428571428571,0.5892857142857143,0.6517857142857143,0.6696428571428571,0.7946428571428571,0.8571428571428571,0.8928571428571429,joint
forward:joint:100:64:128:8,43,wk inc rsv hosp,2025-2026,all,52,0.2,6032.0,273849.98614468635,23013.184024395,246291.73562392872,4545.066496362602,344395.7549132996,1152.0,2158.0,2713.0,3162.0,174064.93092191094,53052.087440608055,105063.50795633462,15949.335524968266,270304.41698893777,2589.0,4305.0,4948.0,5364.0,1.5243368886148752,1.573263406329337,0.1764367816091955,0.3331304935767412,0.4224814063556458,0.4911426639621367,0.4406693711967547,0.7187964841108859,0.8279918864097365,0.8953684922244761,joint
forward:joint:100:64:128:8,43,wk inc rsv hosp,2025-2026,states_dc,51,0.0,5916.0,140743.25722494224,15030.937091318718,122504.9264729012,3207.393660722317,185030.59005734252,1139.0,2132.0,2678.0,3122.0,94740.19007535864,28170.04025877443,55907.86834298157,10662.281473602628,146919.94591427944,2532.0,4219.0,4848.0,5257.0,1.4859216976623189,1.4855707711056063,0.1925287356321839,0.3603786342123056,0.4526707234617986,0.5277214334009467,0.4279918864097364,0.7131507775524004,0.8194726166328601,0.8886071670047331,joint
forward:joint:100:64:128:8,43,wk inc rsv hosp,2025-2026,US,1,1.0,116.0,133106.72891974408,7982.246933076279,123786.80915102753,1337.6728356402853,159365.16485595703,13.0,26.0,35.0,40.0,79324.7408465523,24882.04718183363,49155.63961335304,5287.05405136564,123384.47107465832,57.0,86.0,100.0,107.0,1.6779976524250986,1.6779976524250986,0.1120689655172413,0.2241379310344827,0.3017241379310345,0.3448275862068966,0.4913793103448275,0.7413793103448276,0.8620689655172413,0.9224137931034484,joint
forward:joint:100:64:128:8,43,wk inc rsv prop ed visits,2025-2026,all,51,0.2,5586.0,4.676876340345396,1.339919356399478,2.5108802739199167,0.8260767100259828,7.018309651826705,1880.0,3392.0,4105.0,4528.0,4.530466183071346,1.2624880197885668,3.007839152268794,0.2601390110139662,6.751646229391804,2706.0,4144.0,4680.0,5001.0,1.1490155093925924,1.0323167972914422,0.3432903200012508,0.6162624262392997,0.7372227357196033,0.8189377067701507,0.5147666229916434,0.7725612543865138,0.86154240300846,0.908627902093687,joint
forward:joint:100:64:128:8,43,wk inc rsv prop ed visits,2025-2026,states_dc,50,0.0,5475.0,4.615465261020771,1.3212163608532996,2.479845539336437,0.8144033608310154,6.9209372700242895,1838.0,3318.0,4021.0,4432.0,4.481922045837196,1.2402717937371133,2.983166568524047,0.2584836835760167,6.672332616026163,2633.0,4042.0,4572.0,4893.0,1.12000524639557,1.029795970081097,0.334518305406969,0.603661366132458,0.7323392304603148,0.8074559172464721,0.47904386432514,0.7359718382534125,0.8336847605173314,0.8925416343738655,joint
forward:joint:100:64:128:8,43,wk inc rsv prop ed visits,2025-2026,US,1,1.0,111.0,0.061411079324626,0.0187029955461783,0.0310347345834798,0.0116733491949674,0.0973723818024152,42.0,74.0,84.0,96.0,0.0485441372341502,0.0222162260514535,0.0246725837447468,0.0016553274379494,0.0793136133656412,73.0,102.0,108.0,108.0,1.2650565613806823,1.2650565613806823,0.3783783783783784,0.6666666666666666,0.7567567567567568,0.8648648648648649,0.6576576576576577,0.918918918918919,0.972972972972973,0.972972972972973,joint
forward:joint:100:64:128:8,44,wk inc covid hosp,2025-2026,all,52,0.2,9048.0,241984.3580652407,54539.20336891496,85742.43139619095,101702.7233001348,342815.0783062428,2984.0,5086.0,6025.0,6616.0,251503.70978939495,102039.96804152089,70756.4623304223,78707.27941745178,396424.6389596296,4576.0,7150.0,7993.0,8484.0,1.043415885436959,0.9621502532422856,0.3368041469461348,0.5707910750507101,0.6723912553527159,0.7373225152129821,0.5195176921343251,0.7918187964841109,0.8741717376605818,0.9417399143565476,joint
forward:joint:100:64:128:8,44,wk inc covid hosp,2025-2026,states_dc,51,0.0,8874.0,146651.75692032732,36704.73126293669,57877.08333657817,52069.94232081244,210618.9810162037,2920.0,4980.0,5903.0,6483.0,137533.1523161514,55676.68777243521,42712.03193647525,39144.43260724092,215812.05818140364,4475.0,7011.0,7848.0,8317.0,1.0951531268738803,1.0663011386753845,0.3290511606941628,0.5611899932386748,0.6652017128690558,0.7305611899932388,0.5042821726391706,0.7900608519269777,0.8843813387423937,0.937232364210052,joint
forward:joint:100:64:128:8,44,wk inc covid hosp,2025-2026,US,1,1.0,174.0,95332.60114491338,17834.47210597826,27865.348059612774,49632.78097932235,132196.09729003906,64.0,106.0,122.0,133.0,113970.5574732436,46363.28026908566,28044.430393947056,39562.84681021086,180612.58077822597,101.0,139.0,145.0,167.0,0.8364669196892736,0.8364669196892736,0.367816091954023,0.6091954022988506,0.7011494252873564,0.764367816091954,0.5804597701149425,0.7988505747126436,0.8333333333333334,0.9597701149425288,joint
forward:joint:100:64:128:8,44,wk inc covid prop ed visits,2025-2026,all,52,0.2,5586.0,3.5618991924955536,0.8172726997309926,0.3068404766514502,2.437786016113092,5.181075571388638,1106.0,2201.0,2777.0,3237.0,2.497840456056041,1.156219767170679,0.658108762307743,0.6835119265775996,3.786811212239031,2935.0,4515.0,4987.0,5231.0,1.681200889196623,1.4259914734985135,0.1780988664033647,0.3629781086528492,0.4688858597509118,0.5565297729311571,0.5674912912283155,0.8383349061549755,0.9090629478172731,0.9467491524238932,joint
forward:joint:100:64:128:8,44,wk inc covid prop ed visits,2025-2026,states_dc,51,0.0,5476.0,3.4984050221919456,0.806515581124387,0.3063308969804298,2.3855585440871105,5.088552608554883,1098.0,2178.0,2741.0,3188.0,2.471367192877446,1.136099226909532,0.6552800492656397,0.6799879167022549,3.7540446929893,2849.0,4405.0,4877.0,5121.0,1.5018945398081425,1.4155747605108835,0.2044417648223877,0.4014499085433342,0.5042891428704578,0.5842985798003101,0.5139095685808489,0.7979186326937193,0.8863286847715913,0.9334364405298664,joint
forward:joint:100:64:128:8,44,wk inc covid prop ed visits,2025-2026,US,1,1.0,110.0,0.0634941703036082,0.0107571186066056,0.0005095796710203,0.0522274720259818,0.0925229628337546,8.0,23.0,36.0,49.0,0.0264732631785953,0.020120540261147,0.0028287130421033,0.0035240098753447,0.0327665192497309,86.0,110.0,110.0,110.0,2.398426286750543,2.398426286750543,0.0727272727272727,0.209090909090909,0.3272727272727272,0.4454545454545454,0.7818181818181819,1.0,1.0,1.0,joint
forward:joint:100:64:128:8,44,wk inc flu hosp,2025-2026,all,52,0.2,5824.0,871040.1549987897,146042.04631677587,240779.71261133565,484218.396070678,1176287.1966494974,1823.0,3057.0,3564.0,3930.0,681987.2230434783,182493.3534782609,344539.7391304348,154954.13043478262,1021199.0,3056.0,4510.0,4990.0,5252.0,1.248603255928829,1.277208905925879,0.3063375350140057,0.5186624649859946,0.6044817927170869,0.6721988795518209,0.5267507002801122,0.7781162464985995,0.8568627450980393,0.8984943977591039,joint
forward:joint:100:64:128:8,44,wk inc flu hosp,2025-2026,states_dc,51,0.0,5712.0,445858.71340571897,91694.41006401602,123831.26823824632,230333.03510345647,619921.141839927,1792.0,3002.0,3500.0,3856.0,369731.63260869565,98349.24130434784,189960.8260869565,81421.56521739133,551635.0,2996.0,4421.0,4894.0,5153.0,1.2203426772750778,1.2058982085462842,0.3137254901960784,0.5255602240896359,0.6127450980392157,0.6750700280112045,0.5245098039215685,0.7739845938375353,0.8567927170868349,0.9021358543417368,joint
forward:joint:100:64:128:8,44,wk inc flu hosp,2025-2026,US,1,1.0,112.0,425181.4415930707,54347.636252759854,116948.44437308933,253885.36096722147,556366.0548095703,31.0,55.0,64.0,74.0,312255.5904347826,84144.11217391305,154578.91304347827,73532.5652173913,469564.0,60.0,89.0,96.0,99.0,1.361645570543832,1.361645570543832,0.2767857142857143,0.4910714285714285,0.5714285714285714,0.6607142857142857,0.5357142857142857,0.7946428571428571,0.8571428571428571,0.8839285714285714,joint
forward:joint:100:64:128:8,44,wk inc flu prop ed visits,2025-2026,all,52,0.2,5768.0,38.72667373662102,10.517116957591789,18.004187771127864,10.205369007901334,59.00582418512204,2166.0,3625.0,4311.0,4725.0,37.45877201101338,10.32540181251476,18.668498595924568,8.464871602574023,55.69990955372134,3123.0,4503.0,4944.0,5204.0,1.0615775637478535,1.0338479255335669,0.3764705882352941,0.6340336134453783,0.75,0.8232142857142858,0.5629201680672271,0.7807773109243697,0.8550420168067228,0.8987394957983195,joint
forward:joint:100:64:128:8,44,wk inc flu prop ed visits,2025-2026,states_dc,51,0.0,5656.0,38.1012114428264,10.34252842765948,17.81017311998378,9.948509895183111,58.04050255336915,2122.0,3549.0,4223.0,4628.0,36.85597064220919,10.13762192450928,18.375323476701357,8.34302524099853,54.80314232063013,3048.0,4414.0,4848.0,5104.0,1.067573782184239,1.0337866776785172,0.3723739495798319,0.6228991596638656,0.7410714285714286,0.8125,0.5362394957983193,0.7773109243697479,0.8545168067226891,0.9002100840336137,joint
forward:joint:100:64:128:8,44,wk inc flu prop ed visits,2025-2026,US,1,1.0,112.0,0.6254622937946164,0.1745885299323074,0.1940146511440852,0.2568591127182232,0.9653216317528855,44.0,76.0,88.0,97.0,0.6028013688041913,0.1877798880054818,0.2931751192232158,0.1218463615754933,0.8967672330912095,75.0,89.0,96.0,100.0,1.0375926900023116,1.0375926900023116,0.3928571428571428,0.6785714285714286,0.7857142857142857,0.8660714285714286,0.6696428571428571,0.7946428571428571,0.8571428571428571,0.8928571428571429,joint
forward:joint:100:64:128:8,44,wk inc rsv hosp,2025-2026,all,52,0.2,6032.0,240872.6531166958,24747.324752251898,205723.08521289675,10402.24315154711,309777.1494273456,1400.0,2493.0,3058.0,3474.0,174064.93092191094,53052.087440608055,105063.50795633462,15949.335524968266,270304.41698893777,2589.0,4305.0,4948.0,5364.0,1.3791366111394616,1.3838092017785946,0.2210953346855984,0.3911426639621367,0.4834347532116296,0.5492224475997297,0.4406693711967547,0.7187964841108859,0.8279918864097365,0.8953684922244761,joint
forward:joint:100:64:128:8,44,wk inc rsv hosp,2025-2026,states_dc,51,0.0,5916.0,125814.99451020136,16562.466844742718,103171.08023720466,6081.447428253972,168982.52113144717,1380.0,2459.0,3014.0,3424.0,94740.19007535864,28170.04025877443,55907.86834298157,10662.281473602628,146919.94591427944,2532.0,4219.0,4848.0,5257.0,1.3613048342074408,1.3280002331653027,0.2332657200811359,0.4156524678837052,0.5094658553076403,0.5787694388100068,0.4279918864097364,0.7131507775524004,0.8194726166328601,0.8886071670047331,joint
forward:joint:100:64:128:8,44,wk inc rsv hosp,2025-2026,US,1,1.0,116.0,115057.6586064944,8184.857907509181,102552.00497569208,4320.7957232931385,140794.62829589844,20.0,34.0,44.0,50.0,79324.7408465523,24882.04718183363,49155.63961335304,5287.05405136564,123384.47107465832,57.0,86.0,100.0,107.0,1.4504637188675438,1.4504637188675438,0.1724137931034483,0.293103448275862,0.3793103448275862,0.4310344827586206,0.4913793103448275,0.7413793103448276,0.8620689655172413,0.9224137931034484,joint
forward:joint:100:64:128:8,44,wk inc rsv prop ed visits,2025-2026,all,51,0.2,5586.0,5.090186833774157,1.0869419490278205,2.737182423422096,1.2660624613242224,7.497520708184302,1484.0,2786.0,3548.0,4050.0,4.530466183071346,1.2624880197885668,3.007839152268794,0.2601390110139662,6.751646229391804,2706.0,4144.0,4680.0,5001.0,1.2315266775672542,1.1235459284067228,0.274355635509677,0.5137126673575508,0.644997865045963,0.7347274436963905,0.5147666229916434,0.7725612543865138,0.86154240300846,0.908627902093687,joint
forward:joint:100:64:128:8,44,wk inc rsv prop ed visits,2025-2026,states_dc,50,0.0,5475.0,5.025058135410524,1.0720380450465687,2.706069898574272,1.2469501917896653,7.397466684949896,1449.0,2721.0,3471.0,3963.0,4.481922045837196,1.2402717937371133,2.983166568524047,0.2584836835760167,6.672332616026163,2633.0,4042.0,4572.0,4893.0,1.2039986452195557,1.1211837430501033,0.2641157155582674,0.4957444378005421,0.6328239078840302,0.7224633586745424,0.47904386432514,0.7359718382534125,0.8336847605173314,0.8925416343738655,joint
forward:joint:100:64:128:8,44,wk inc rsv prop ed visits,2025-2026,US,1,1.0,111.0,0.0651286983636331,0.0149039039812517,0.0311125248478237,0.0191122695345571,0.1000540232344062,35.0,65.0,77.0,87.0,0.0485441372341502,0.0222162260514535,0.0246725837447468,0.0016553274379494,0.0793136133656412,73.0,102.0,108.0,108.0,1.3416388069580496,1.3416388069580496,0.3153153153153153,0.5855855855855856,0.6936936936936937,0.7837837837837838,0.6576576576576577,0.918918918918919,0.972972972972973,0.972972972972973,joint
forward:separate:100:64:128:8,42,wk inc covid hosp,2025-2026,all,52,0.2,9048.0,242207.7652054778,47390.157181676914,134379.9837846387,60437.62423916221,346312.7685939545,2848.0,5083.0,5998.0,6637.0,251503.70978939495,102039.96804152089,70756.4623304223,78707.27941745178,396424.6389596296,4576.0,7150.0,7993.0,8484.0,1.0149498159099637,0.96303853890783,0.3075952219968447,0.5641649763353619,0.6667793554203293,0.7349785891368043,0.5195176921343251,0.7918187964841109,0.8741717376605818,0.9417399143565476,separate
forward:separate:100:64:128:8,42,wk inc covid hosp,2025-2026,states_dc,51,0.0,8874.0,136287.454711438,32379.404023532166,73424.2505162326,30483.80017167325,199233.38236348573,2800.0,4983.0,5879.0,6508.0,137533.1523161514,55676.68777243521,42712.03193647525,39144.43260724092,215812.05818140364,4475.0,7011.0,7848.0,8317.0,1.0363458809306916,0.9909425648744684,0.3155285102546766,0.561528059499662,0.6624971827811585,0.7333784088347983,0.5042821726391706,0.7900608519269777,0.8843813387423937,0.937232364210052,separate
forward:separate:100:64:128:8,42,wk inc covid hosp,2025-2026,US,1,1.0,174.0,105920.3104940398,15010.753158144744,60955.73326840608,29953.82406748896,147079.38623046875,48.0,100.0,119.0,129.0,113970.5574732436,46363.28026908566,28044.430393947056,39562.84681021086,180612.58077822597,101.0,139.0,145.0,167.0,0.92936555582705,0.92936555582705,0.2758620689655172,0.5747126436781609,0.6839080459770115,0.7413793103448276,0.5804597701149425,0.7988505747126436,0.8333333333333334,0.9597701149425288,separate
forward:separate:100:64:128:8,42,wk inc covid prop ed visits,2025-2026,all,52,0.2,5586.0,2.570797914964672,0.7027017905882746,0.5900784424507935,1.2780176819255853,3.767252879901197,1749.0,3010.0,3552.0,3942.0,2.497840456056041,1.156219767170679,0.658108762307743,0.6835119265775996,3.786811212239031,2935.0,4515.0,4987.0,5231.0,1.078594145478495,1.0292082141322298,0.3129344191627929,0.5555916722006689,0.6587205387205388,0.7241711229946525,0.5674912912283155,0.8383349061549755,0.9090629478172731,0.9467491524238932,separate
forward:separate:100:64:128:8,42,wk inc covid prop ed visits,2025-2026,states_dc,51,0.0,5476.0,2.541851987910644,0.6925168522913004,0.5899565042696838,1.2593786313496405,3.7213607512967326,1714.0,2939.0,3466.0,3851.0,2.471367192877446,1.136099226909532,0.6552800492656397,0.6799879167022549,3.7540446929893,2849.0,4405.0,4877.0,5121.0,1.074892104902312,1.0285205675774676,0.3116225694080365,0.5331259538871997,0.627946127946128,0.6983957219251338,0.5139095685808489,0.7979186326937193,0.8863286847715913,0.9334364405298664,separate
forward:separate:100:64:128:8,42,wk inc covid prop ed visits,2025-2026,US,1,1.0,110.0,0.0289459270540288,0.0101849382969742,0.0001219381811097,0.0186390505759449,0.0458921286044641,35.0,71.0,86.0,91.0,0.0264732631785953,0.020120540261147,0.0028287130421033,0.0035240098753447,0.0327665192497309,86.0,110.0,110.0,110.0,1.093402307783226,1.093402307783226,0.3181818181818182,0.6454545454545455,0.7818181818181819,0.8272727272727273,0.7818181818181819,1.0,1.0,1.0,separate
forward:separate:100:64:128:8,42,wk inc flu hosp,2025-2026,all,52,0.2,5824.0,665665.5913207816,205597.0448617814,161966.11163472373,298102.4348242766,1014264.1350566848,2344.0,3815.0,4396.0,4775.0,681987.2230434783,182493.3534782609,344539.7391304348,154954.13043478262,1021199.0,3056.0,4510.0,4990.0,5252.0,1.0135205479606588,0.976067540312766,0.4434873949579832,0.6840686274509804,0.7802521008403362,0.8382703081232492,0.5267507002801122,0.7781162464985995,0.8568627450980393,0.8984943977591039,separate
forward:separate:100:64:128:8,42,wk inc flu hosp,2025-2026,states_dc,51,0.0,5712.0,364727.5041115611,112301.2430794885,105561.00100717618,146865.26002489647,559877.1816875441,2274.0,3724.0,4296.0,4672.0,369731.63260869565,98349.24130434784,189960.8260869565,81421.56521739133,551635.0,2996.0,4421.0,4894.0,5153.0,1.0259617743053835,0.9864655115878856,0.3981092436974791,0.6519607843137254,0.7521008403361344,0.8179271708683474,0.5245098039215685,0.7739845938375353,0.8567927170868349,0.9021358543417368,separate
forward:separate:100:64:128:8,42,wk inc flu hosp,2025-2026,US,1,1.0,112.0,300938.0872092205,93295.8017822929,56405.11062754755,151237.1747993801,454386.9533691406,70.0,91.0,100.0,103.0,312255.5904347826,84144.11217391305,154578.91304347827,73532.5652173913,469564.0,60.0,89.0,96.0,99.0,0.963755642581759,0.963755642581759,0.625,0.8125,0.8928571428571429,0.9196428571428572,0.5357142857142857,0.7946428571428571,0.8571428571428571,0.8839285714285714,separate
forward:separate:100:64:128:8,42,wk inc flu prop ed visits,2025-2026,all,52,0.2,5768.0,40.20355182699856,7.7541308591411395,25.286984578979325,7.162436388878069,55.57936369990784,2111.0,3507.0,4108.0,4457.0,37.45877201101338,10.32540181251476,18.668498595924568,8.464871602574023,55.69990955372134,3123.0,4503.0,4944.0,5204.0,1.062845520405797,1.0732746875732653,0.4016806722689076,0.6358893557422971,0.7315826330532214,0.7873249299719889,0.5629201680672271,0.7807773109243697,0.8550420168067228,0.8987394957983195,separate
forward:separate:100:64:128:8,42,wk inc flu prop ed visits,2025-2026,states_dc,51,0.0,5656.0,39.62345702230552,7.607886393950607,24.969014444772803,7.046556183582089,54.75757041959878,2047.0,3420.0,4014.0,4359.0,36.85597064220919,10.13762192450928,18.375323476701357,8.34302524099853,54.80314232063013,3048.0,4414.0,4848.0,5104.0,1.0879740009346233,1.0750892279289717,0.3592436974789916,0.6006652661064426,0.704656862745098,0.765406162464986,0.5362394957983193,0.7773109243697479,0.8545168067226891,0.9002100840336137,separate
forward:separate:100:64:128:8,42,wk inc flu prop ed visits,2025-2026,US,1,1.0,112.0,0.5800948046930334,0.1462444651905324,0.3179701342065208,0.1158802052959798,0.8217932803090661,64.0,87.0,94.0,98.0,0.6028013688041913,0.1877798880054818,0.2931751192232158,0.1218463615754933,0.8967672330912095,75.0,89.0,96.0,100.0,0.9623315982904914,0.9623315982904914,0.5714285714285714,0.7767857142857143,0.8392857142857143,0.875,0.6696428571428571,0.7946428571428571,0.8571428571428571,0.8928571428571429,separate
forward:separate:100:64:128:8,42,wk inc rsv hosp,2025-2026,all,52,0.2,6032.0,206247.55126716077,33725.99168453179,166399.16612946085,6122.3934531681325,299229.2276408061,1528.0,2881.0,3584.0,4065.0,174064.93092191094,53052.087440608055,105063.50795633462,15949.335524968266,270304.41698893777,2589.0,4305.0,4948.0,5364.0,1.2508532012261615,1.1848885940137337,0.2415821501014199,0.4658553076402976,0.5799864773495607,0.6688640973630834,0.4406693711967547,0.7187964841108859,0.8279918864097365,0.8953684922244761,separate
forward:separate:100:64:128:8,42,wk inc rsv hosp,2025-2026,states_dc,51,0.0,5916.0,114741.3303051472,21323.72915624996,89102.13074499244,4315.4704039048,170184.9455668315,1506.0,2833.0,3524.0,3990.0,94740.19007535864,28170.04025877443,55907.86834298157,10662.281473602628,146919.94591427944,2532.0,4219.0,4848.0,5257.0,1.2751753262655008,1.2111156861082837,0.2545638945233266,0.4788708586883029,0.5956727518593646,0.6744421906693714,0.4279918864097364,0.7131507775524004,0.8194726166328601,0.8886071670047331,separate
forward:separate:100:64:128:8,42,wk inc rsv hosp,2025-2026,US,1,1.0,116.0,91506.22096201355,12402.262528281834,77297.03538446841,1806.923049263332,129044.2820739746,22.0,48.0,60.0,75.0,79324.7408465523,24882.04718183363,49155.63961335304,5287.05405136564,123384.47107465832,57.0,86.0,100.0,107.0,1.1535647010688057,1.1535647010688057,0.1896551724137931,0.4137931034482758,0.5172413793103449,0.646551724137931,0.4913793103448275,0.7413793103448276,0.8620689655172413,0.9224137931034484,separate
forward:separate:100:64:128:8,42,wk inc rsv prop ed visits,2025-2026,all,51,0.2,5586.0,3.8265091837198666,1.0020976089934035,2.404130700213728,0.4202808745127169,5.731009537736091,2059.0,3568.0,4180.0,4569.0,4.530466183071346,1.2624880197885668,3.007839152268794,0.2601390110139662,6.751646229391804,2706.0,4144.0,4680.0,5001.0,0.9038361698708308,0.8446170943771961,0.3835737971915391,0.6444084292555053,0.7479243481582031,0.8242251663330642,0.5147666229916434,0.7725612543865138,0.86154240300846,0.908627902093687,separate
forward:separate:100:64:128:8,42,wk inc rsv prop ed visits,2025-2026,states_dc,50,0.0,5475.0,3.779726005492227,0.9879728383227604,2.374484204991968,0.4172689621774804,5.658899116100647,2008.0,3492.0,4095.0,4472.0,4.481922045837196,1.2402717937371133,2.983166568524047,0.2584836835760167,6.672332616026163,2633.0,4042.0,4572.0,4893.0,0.8888640675435281,0.8433270295280642,0.364602381624559,0.6343393653982106,0.7434639937563122,0.8118129894478618,0.47904386432514,0.7359718382534125,0.8336847605173314,0.8925416343738655,separate
forward:separate:100:64:128:8,42,wk inc rsv prop ed visits,2025-2026,US,1,1.0,111.0,0.0467831782276396,0.0141247706706431,0.0296464952217594,0.0030119123352365,0.0721104216354431,51.0,76.0,85.0,97.0,0.0485441372341502,0.0222162260514535,0.0246725837447468,0.0016553274379494,0.0793136133656412,73.0,102.0,108.0,108.0,0.9637245791800418,0.9637245791800418,0.4594594594594595,0.6846846846846847,0.7657657657657657,0.8738738738738738,0.6576576576576577,0.918918918918919,0.972972972972973,0.972972972972973,separate
forward:separate:100:64:128:8,43,wk inc covid hosp,2025-2026,all,52,0.2,9048.0,235936.80859147335,48425.46520590846,131840.63523425642,55670.708151308485,343935.36626778834,2759.0,4939.0,5964.0,6676.0,251503.70978939495,102039.96804152089,70756.4623304223,78707.27941745178,396424.6389596296,4576.0,7150.0,7993.0,8484.0,1.0060677097909,0.9381046855692226,0.3069867027270678,0.5543610547667345,0.6679513184584179,0.7480279468109086,0.5195176921343251,0.7918187964841109,0.8741717376605818,0.9417399143565476,separate
forward:separate:100:64:128:8,43,wk inc covid hosp,2025-2026,states_dc,51,0.0,8874.0,135395.1123973869,31555.51339393389,77065.91236836393,26773.68663508906,200370.1451374172,2704.0,4836.0,5841.0,6538.0,137533.1523161514,55676.68777243521,42712.03193647525,39144.43260724092,215812.05818140364,4475.0,7011.0,7848.0,8317.0,1.0370415021888328,0.9844543669452896,0.3047103899030877,0.5449628127112917,0.6582150101419879,0.7367590714446699,0.5042821726391706,0.7900608519269777,0.8843813387423937,0.937232364210052,separate
forward:separate:100:64:128:8,43,wk inc covid hosp,2025-2026,US,1,1.0,174.0,100541.69619408649,16869.95181197457,54774.72286589249,28897.02151621943,143565.2211303711,55.0,103.0,123.0,138.0,113970.5574732436,46363.28026908566,28044.430393947056,39562.84681021086,180612.58077822597,101.0,139.0,145.0,167.0,0.8821725401991672,0.8821725401991672,0.3160919540229885,0.5919540229885057,0.7068965517241379,0.7931034482758621,0.5804597701149425,0.7988505747126436,0.8333333333333334,0.9597701149425288,separate
forward:separate:100:64:128:8,43,wk inc covid prop ed visits,2025-2026,all,52,0.2,5586.0,2.557393222199895,0.8127106062027792,0.5890731447972205,1.1556094711998746,3.8601796962538977,2032.0,3403.0,3970.0,4315.0,2.497840456056041,1.156219767170679,0.658108762307743,0.6835119265775996,3.786811212239031,2935.0,4515.0,4987.0,5231.0,1.0227157172646912,1.023841701338237,0.3800759614600446,0.6370323768247645,0.7351722530961285,0.797515174816213,0.5674912912283155,0.8383349061549755,0.9090629478172731,0.9467491524238932,separate
forward:separate:100:64:128:8,43,wk inc covid prop ed visits,2025-2026,states_dc,51,0.0,5476.0,2.533213084789449,0.8019689297737864,0.5886490942812779,1.1425950607343645,3.82047222492837,1981.0,3317.0,3874.0,4213.0,2.471367192877446,1.136099226909532,0.6552800492656397,0.6799879167022549,3.7540446929893,2849.0,4405.0,4877.0,5121.0,1.050049757179428,1.0250249708300103,0.3591858609159647,0.6008359255764101,0.7007834981883426,0.7650757867020843,0.5139095685808489,0.7979186326937193,0.8863286847715913,0.9334364405298664,separate
forward:separate:100:64:128:8,43,wk inc covid prop ed visits,2025-2026,US,1,1.0,110.0,0.0241801374104458,0.0107416764289928,0.0004240505159426,0.0130144104655101,0.0397074713255276,51.0,86.0,96.0,102.0,0.0264732631785953,0.020120540261147,0.0028287130421033,0.0035240098753447,0.0327665192497309,86.0,110.0,110.0,110.0,0.9133795576057436,0.9133795576057436,0.4636363636363636,0.7818181818181819,0.8727272727272727,0.9272727272727272,0.7818181818181819,1.0,1.0,1.0,separate
forward:separate:100:64:128:8,43,wk inc flu hosp,2025-2026,all,52,0.2,5824.0,590671.5200727298,156028.8973364359,348745.15190299373,85897.47083330018,852200.8703035982,2214.0,3608.0,4224.0,4567.0,681987.2230434783,182493.3534782609,344539.7391304348,154954.13043478262,1021199.0,3056.0,4510.0,4990.0,5252.0,0.9246415774289338,0.8661034988848656,0.4302170868347339,0.6567226890756304,0.7528711484593837,0.8091386554621849,0.5267507002801122,0.7781162464985995,0.8568627450980393,0.8984943977591039,separate
forward:separate:100:64:128:8,43,wk inc flu hosp,2025-2026,states_dc,51,0.0,5712.0,338681.2182756956,85160.42114338436,202590.64958631148,50930.14754599975,488750.37652918417,2141.0,3516.0,4126.0,4464.0,369731.63260869565,98349.24130434784,189960.8260869565,81421.56521739133,551635.0,2996.0,4421.0,4894.0,5153.0,0.9540519395079904,0.9160190484273164,0.3748249299719889,0.615546218487395,0.7223389355742297,0.7815126050420168,0.5245098039215685,0.7739845938375353,0.8567927170868349,0.9021358543417368,separate
forward:separate:100:64:128:8,43,wk inc flu hosp,2025-2026,US,1,1.0,112.0,251990.30179703425,70868.47619305155,146154.50231668225,34967.32328730044,363450.49377441406,73.0,92.0,98.0,103.0,312255.5904347826,84144.11217391305,154578.91304347827,73532.5652173913,469564.0,60.0,89.0,96.0,99.0,0.8070001291127072,0.8070001291127072,0.6517857142857143,0.8214285714285714,0.875,0.9196428571428572,0.5357142857142857,0.7946428571428571,0.8571428571428571,0.8839285714285714,separate
forward:separate:100:64:128:8,43,wk inc flu prop ed visits,2025-2026,all,52,0.2,5768.0,37.08247233432121,7.325655632186529,23.498064081373737,6.258752620760936,52.48567502864171,1851.0,3272.0,3909.0,4324.0,37.45877201101338,10.32540181251476,18.668498595924568,8.464871602574023,55.69990955372134,3123.0,4503.0,4944.0,5204.0,0.970925883705127,0.9899542975786412,0.3371498599439776,0.5895308123249301,0.6941176470588235,0.7639005602240897,0.5629201680672271,0.7807773109243697,0.8550420168067228,0.8987394957983195,separate
forward:separate:100:64:128:8,43,wk inc flu prop ed visits,2025-2026,states_dc,51,0.0,5656.0,36.569414771190274,7.204281678229834,23.21223027754825,6.152902815412181,51.73066342284437,1804.0,3193.0,3821.0,4229.0,36.85597064220919,10.13762192450928,18.375323476701357,8.34302524099853,54.80314232063013,3048.0,4414.0,4848.0,5104.0,1.0008768311943457,0.9922249810267992,0.3165266106442577,0.5605742296918768,0.6712184873949579,0.7428221288515406,0.5362394957983193,0.7773109243697479,0.8545168067226891,0.9002100840336137,separate
forward:separate:100:64:128:8,43,wk inc flu prop ed visits,2025-2026,US,1,1.0,112.0,0.513057563130936,0.1213739539566954,0.2858338038254852,0.105849805348755,0.7550116057973354,47.0,79.0,88.0,95.0,0.6028013688041913,0.1877798880054818,0.2931751192232158,0.1218463615754933,0.8967672330912095,75.0,89.0,96.0,100.0,0.8511220937482527,0.8511220937482527,0.4196428571428571,0.7053571428571429,0.7857142857142857,0.8482142857142857,0.6696428571428571,0.7946428571428571,0.8571428571428571,0.8928571428571429,separate
forward:separate:100:64:128:8,43,wk inc rsv hosp,2025-2026,all,52,0.2,6032.0,208037.4450476554,29875.62562429045,170935.27905199945,7226.540371365493,289695.77906737843,1553.0,2855.0,3561.0,4067.0,174064.93092191094,53052.087440608055,105063.50795633462,15949.335524968266,270304.41698893777,2589.0,4305.0,4948.0,5364.0,1.2150002384050549,1.195171502644523,0.2433739012846518,0.4543948613928331,0.5609871534820826,0.6468897903989184,0.4406693711967547,0.7187964841108859,0.8279918864097365,0.8953684922244761,separate
forward:separate:100:64:128:8,43,wk inc rsv hosp,2025-2026,states_dc,51,0.0,5916.0,108081.01406056766,19480.532481387905,83699.85311816155,4900.6284610181765,157651.20609984914,1532.0,2812.0,3511.0,4006.0,94740.19007535864,28170.04025877443,55907.86834298157,10662.281473602628,146919.94591427944,2532.0,4219.0,4848.0,5257.0,1.203727425191499,1.140814832381035,0.2589587559161596,0.4753211629479378,0.593475321162948,0.6771467207572686,0.4279918864097364,0.7131507775524004,0.8194726166328601,0.8886071670047331,separate
forward:separate:100:64:128:8,43,wk inc rsv hosp,2025-2026,US,1,1.0,116.0,99956.43098708776,10395.09314290254,87235.42593383789,2325.9119103473167,132044.5729675293,21.0,43.0,50.0,61.0,79324.7408465523,24882.04718183363,49155.63961335304,5287.05405136564,123384.47107465832,57.0,86.0,100.0,107.0,1.2600914912592769,1.2600914912592769,0.1810344827586207,0.3706896551724138,0.4310344827586206,0.5258620689655172,0.4913793103448275,0.7413793103448276,0.8620689655172413,0.9224137931034484,separate
forward:separate:100:64:128:8,43,wk inc rsv prop ed visits,2025-2026,all,51,0.2,5586.0,3.938846589377336,1.0572933642216709,2.633822814260888,0.247730410894757,5.975559684615282,2063.0,3672.0,4321.0,4723.0,4.530466183071346,1.2624880197885668,3.007839152268794,0.2601390110139662,6.751646229391804,2706.0,4144.0,4680.0,5001.0,0.9472534086986264,0.8694130869126292,0.3526238322218537,0.664023289439096,0.780134621353637,0.8532636989865301,0.5147666229916434,0.7725612543865138,0.86154240300846,0.908627902093687,separate
forward:separate:100:64:128:8,43,wk inc rsv prop ed visits,2025-2026,states_dc,50,0.0,5475.0,3.8909756424695168,1.042523358208982,2.6042508722166438,0.244201412043872,5.897089031299393,2031.0,3593.0,4229.0,4622.0,4.481922045837196,1.2402717937371133,2.983166568524047,0.2584836835760167,6.672332616026163,2633.0,4042.0,4572.0,4893.0,0.9375336590647376,0.8681488885072087,0.368707718205245,0.6521011838709422,0.767961069484839,0.8391021462556851,0.47904386432514,0.7359718382534125,0.8336847605173314,0.8925416343738655,separate
forward:separate:100:64:128:8,43,wk inc rsv prop ed visits,2025-2026,US,1,1.0,111.0,0.047870946907819,0.0147700060126889,0.0295719420442447,0.003528998850885,0.0784706533158894,32.0,79.0,92.0,101.0,0.0485441372341502,0.0222162260514535,0.0246725837447468,0.0016553274379494,0.0793136133656412,73.0,102.0,108.0,108.0,0.9861324072341816,0.9861324072341816,0.2882882882882883,0.7117117117117117,0.8288288288288288,0.90990990990991,0.6576576576576577,0.918918918918919,0.972972972972973,0.972972972972973,separate
forward:separate:100:64:128:8,44,wk inc covid hosp,2025-2026,all,52,0.2,9048.0,203369.26490105013,57505.50258929672,79160.84569569056,66702.91661606284,301806.0447300504,3268.0,5594.0,6563.0,7169.0,251503.70978939495,102039.96804152089,70756.4623304223,78707.27941745178,396424.6389596296,4576.0,7150.0,7993.0,8484.0,0.9265938939072208,0.8086133801817403,0.3729997746224928,0.6430696416497635,0.7463150777552401,0.8062429569528963,0.5195176921343251,0.7918187964841109,0.8741717376605818,0.9417399143565476,separate
forward:separate:100:64:128:8,44,wk inc covid hosp,2025-2026,states_dc,51,0.0,8874.0,128461.32795102996,38116.71729306392,55543.0679724611,34801.54268550492,191241.12651715975,3194.0,5463.0,6417.0,7018.0,137533.1523161514,55676.68777243521,42712.03193647525,39144.43260724092,215812.05818140364,4475.0,7011.0,7848.0,8317.0,0.9939281387561496,0.9340389992351243,0.3599278791976561,0.6156186612576068,0.7231237322515214,0.7908496732026145,0.5042821726391706,0.7900608519269777,0.8843813387423937,0.937232364210052,separate
forward:separate:100:64:128:8,44,wk inc covid hosp,2025-2026,US,1,1.0,174.0,74907.93695002017,19388.785296232803,23617.77772322945,31901.373930557915,110564.91821289062,74.0,131.0,146.0,151.0,113970.5574732436,46363.28026908566,28044.430393947056,39562.84681021086,180612.58077822597,101.0,139.0,145.0,167.0,0.6572569145115045,0.6572569145115045,0.425287356321839,0.7528735632183908,0.8390804597701149,0.867816091954023,0.5804597701149425,0.7988505747126436,0.8333333333333334,0.9597701149425288,separate
forward:separate:100:64:128:8,44,wk inc covid prop ed visits,2025-2026,all,52,0.2,5586.0,2.5957195347221806,0.7966227861261742,0.6065734906476931,1.1925232579482932,3.8378373476007166,1935.0,3244.0,3750.0,4064.0,2.497840456056041,1.156219767170679,0.658108762307743,0.6835119265775996,3.786811212239031,2935.0,4515.0,4987.0,5231.0,1.0682976943368787,1.0391854805733611,0.3618111914997728,0.6058926054081765,0.705475283399159,0.7594936679365746,0.5674912912283155,0.8383349061549755,0.9090629478172731,0.9467491524238932,separate
forward:separate:100:64:128:8,44,wk inc covid prop ed visits,2025-2026,states_dc,51,0.0,5476.0,2.567527827718016,0.784192234099128,0.6056507339175192,1.1776848597013485,3.79338203284714,1886.0,3163.0,3653.0,3963.0,2.471367192877446,1.136099226909532,0.6552800492656397,0.6799879167022549,3.7540446929893,2849.0,4405.0,4877.0,5121.0,1.0691440105852472,1.03890989372915,0.3409003530110797,0.5732748476693115,0.6613895587944033,0.7198216303752637,0.5139095685808489,0.7979186326937193,0.8863286847715913,0.9334364405298664,separate
forward:separate:100:64:128:8,44,wk inc covid prop ed visits,2025-2026,US,1,1.0,110.0,0.0281917070041652,0.0124305520270462,0.0009227567301737,0.0148383982469447,0.0444553147535769,49.0,81.0,97.0,101.0,0.0264732631785953,0.020120540261147,0.0028287130421033,0.0035240098753447,0.0327665192497309,86.0,110.0,110.0,110.0,1.0649124293434036,1.0649124293434036,0.4454545454545454,0.7363636363636363,0.8818181818181818,0.9181818181818182,0.7818181818181819,1.0,1.0,1.0,separate
forward:separate:100:64:128:8,44,wk inc flu hosp,2025-2026,all,52,0.2,5824.0,606038.2560345194,150513.6268426991,360880.74981346994,94643.87937835042,882597.6392963047,2220.0,3642.0,4170.0,4553.0,681987.2230434783,182493.3534782609,344539.7391304348,154954.13043478262,1021199.0,3056.0,4510.0,4990.0,5252.0,0.9319761754771168,0.8886357919287339,0.3997899159663866,0.6516106442577032,0.7403711484593838,0.8038865546218488,0.5267507002801122,0.7781162464985995,0.8568627450980393,0.8984943977591039,separate
forward:separate:100:64:128:8,44,wk inc flu hosp,2025-2026,states_dc,51,0.0,5712.0,337980.8071697335,85846.33134599234,202680.43202198728,49454.04380175396,488906.510512125,2166.0,3556.0,4075.0,4452.0,369731.63260869565,98349.24130434784,189960.8260869565,81421.56521739133,551635.0,2996.0,4421.0,4894.0,5153.0,0.9503564085163444,0.9141246714138588,0.379201680672269,0.6225490196078431,0.7134103641456582,0.7794117647058822,0.5245098039215685,0.7739845938375353,0.8567927170868349,0.9021358543417368,separate
forward:separate:100:64:128:8,44,wk inc flu hosp,2025-2026,US,1,1.0,112.0,268057.4488647859,64667.29549670676,158200.31779148267,45189.83557659647,393691.1287841797,54.0,86.0,95.0,101.0,312255.5904347826,84144.11217391305,154578.91304347827,73532.5652173913,469564.0,60.0,89.0,96.0,99.0,0.858455243320206,0.858455243320206,0.4821428571428571,0.7678571428571429,0.8482142857142857,0.9017857142857144,0.5357142857142857,0.7946428571428571,0.8571428571428571,0.8839285714285714,separate
forward:separate:100:64:128:8,44,wk inc flu prop ed visits,2025-2026,all,52,0.2,5768.0,35.92606662651336,9.259545412966236,18.84982317146837,7.81669804207874,51.92299812324927,2312.0,3866.0,4467.0,4833.0,37.45877201101338,10.32540181251476,18.668498595924568,8.464871602574023,55.69990955372134,3123.0,4503.0,4944.0,5204.0,0.9439709100195952,0.9590828715888128,0.4202380952380952,0.6972689075630253,0.7948879551820729,0.8531512605042019,0.5629201680672271,0.7807773109243697,0.8550420168067228,0.8987394957983195,separate
forward:separate:100:64:128:8,44,wk inc flu prop ed visits,2025-2026,states_dc,51,0.0,5656.0,35.42866013565052,9.091266427003696,18.64831767768064,7.689076030966165,51.16383921637316,2254.0,3772.0,4365.0,4727.0,36.85597064220919,10.13762192450928,18.375323476701357,8.34302524099853,54.80314232063013,3048.0,4414.0,4848.0,5104.0,0.973674088178591,0.9612732894646914,0.3958333333333333,0.6617647058823528,0.7659313725490197,0.8298319327731095,0.5362394957983193,0.7773109243697479,0.8545168067226891,0.9002100840336137,separate
forward:separate:100:64:128:8,44,wk inc flu prop ed visits,2025-2026,US,1,1.0,112.0,0.4974064908628401,0.1682789859625398,0.2015054937877246,0.1276220111125754,0.7591589068761094,58.0,94.0,102.0,106.0,0.6028013688041913,0.1877798880054818,0.2931751192232158,0.1218463615754933,0.8967672330912095,75.0,89.0,96.0,100.0,0.8251581973836115,0.8251581973836115,0.5178571428571429,0.8392857142857143,0.9107142857142856,0.9464285714285714,0.6696428571428571,0.7946428571428571,0.8571428571428571,0.8928571428571429,separate
forward:separate:100:64:128:8,44,wk inc rsv hosp,2025-2026,all,52,0.2,6032.0,243373.4552683272,30775.723824102493,209155.6483419803,3442.08310224444,325131.19112254103,1476.0,2785.0,3431.0,3918.0,174064.93092191094,53052.087440608055,105063.50795633462,15949.335524968266,270304.41698893777,2589.0,4305.0,4948.0,5364.0,1.374184889924369,1.3981762666341415,0.2329614604462475,0.4401622718052739,0.5418187964841111,0.6156186612576068,0.4406693711967547,0.7187964841108859,0.8279918864097365,0.8953684922244761,separate
forward:separate:100:64:128:8,44,wk inc rsv hosp,2025-2026,states_dc,51,0.0,5916.0,124507.49820066178,21250.16696262974,100590.94124571458,2666.38999231747,179189.70201731642,1455.0,2745.0,3382.0,3864.0,94740.19007535864,28170.04025877443,55907.86834298157,10662.281473602628,146919.94591427944,2532.0,4219.0,4848.0,5257.0,1.3431129422131285,1.314199370949388,0.2459432048681542,0.4639959432048682,0.5716700473292766,0.6531440162271805,0.4279918864097364,0.7131507775524004,0.8194726166328601,0.8886071670047331,separate
forward:separate:100:64:128:8,44,wk inc rsv hosp,2025-2026,US,1,1.0,116.0,118865.95706766544,9525.556861472753,108564.70709626572,775.69310992697,145941.4891052246,21.0,40.0,49.0,54.0,79324.7408465523,24882.04718183363,49155.63961335304,5287.05405136564,123384.47107465832,57.0,86.0,100.0,107.0,1.498472680769328,1.498472680769328,0.1810344827586207,0.3448275862068966,0.4224137931034483,0.4655172413793103,0.4913793103448275,0.7413793103448276,0.8620689655172413,0.9224137931034484,separate
forward:separate:100:64:128:8,44,wk inc rsv prop ed visits,2025-2026,all,51,0.2,5586.0,5.391060410641526,0.9883789973427256,3.703391156807208,0.6992902564915728,7.780525903905064,1299.0,2571.0,3221.0,3743.0,4.530466183071346,1.2624880197885668,3.007839152268794,0.2601390110139662,6.751646229391804,2706.0,4144.0,4680.0,5001.0,1.409274682281693,1.1899571021600155,0.213956145929714,0.4397520912244101,0.5538555670685158,0.6545823802911617,0.5147666229916434,0.7725612543865138,0.86154240300846,0.908627902093687,separate
forward:separate:100:64:128:8,44,wk inc rsv prop ed visits,2025-2026,states_dc,50,0.0,5475.0,5.301664380750775,0.9762763680350846,3.6422575273469966,0.6831304853686742,7.65714592214862,1284.0,2531.0,3169.0,3676.0,4.481922045837196,1.2402717937371133,2.983166568524047,0.2584836835760167,6.672332616026163,2633.0,4042.0,4572.0,4893.0,1.3012080469007807,1.182899730635644,0.2336613986283587,0.4596000239404225,0.5752023417185276,0.6673270744630511,0.47904386432514,0.7359718382534125,0.8336847605173314,0.8925416343738655,separate
forward:separate:100:64:128:8,44,wk inc rsv prop ed visits,2025-2026,US,1,1.0,111.0,0.0893960298907514,0.0121026293076409,0.0611336294602115,0.0161597711228987,0.1233799817564429,15.0,40.0,52.0,67.0,0.0485441372341502,0.0222162260514535,0.0246725837447468,0.0016553274379494,0.0793136133656412,73.0,102.0,108.0,108.0,1.8415412238053412,1.8415412238053412,0.1351351351351351,0.3603603603603603,0.4684684684684684,0.6036036036036037,0.6576576576576577,0.918918918918919,0.972972972972973,0.972972972972973,separate
