candidate,seed,target,kind,age_days,n,wis,ae_median,scaled_wis,scaled_ae,baseline_ae,baseline_scaled_ae,covered_50,covered_80,covered_90,covered_95
joint,42,wk inc covid hosp,reconstruction,4,416,170.71842430433708,232.94054162736035,0.03908603260949323,0.05938342256791747,,,0.5460784313725491,0.7789215686274511,0.8671568627450982,0.906372549019608
joint,42,wk inc covid hosp,reconstruction,11,312,228.23351847857123,292.9228141298481,0.047019944377667065,0.06992972530174751,,,0.5254901960784314,0.7679738562091505,0.8228758169934642,0.8751633986928105
joint,42,wk inc covid hosp,revision,4,2340,22.702846319657795,30.80404216934808,0.00989659060849891,0.014278890533159236,103.16523132324218,0.01844825632870197,0.4633551198257081,0.7674074074074074,0.845838779956427,0.8861873638344226
joint,42,wk inc covid hosp,revision,11,2444,11.496851113903142,15.810420374280932,0.005696125031344009,0.007760560456518395,41.99624443054199,0.00800887867808342,0.5492699207342513,0.785398414685023,0.8663329161451815,0.9060492282019191
joint,42,wk inc covid prop ed visits,reconstruction,4,510,0.0028341984819445186,0.0036505140036228114,0.09809700648207348,0.12632997862185788,,,0.11680000000000001,0.19680000000000003,0.2528,0.28480000000000005
joint,42,wk inc covid prop ed visits,reconstruction,11,306,0.0034554976268479204,0.00428679865464801,0.12034680401774075,0.14917318369640523,,,0.024,0.06666666666666665,0.10133333333333333,0.16000000000000003
joint,42,wk inc covid prop ed visits,revision,4,2201,0.0001927582912815653,0.0002616218339424195,0.006517735733522457,0.008890504536864902,0.00030161879549268634,0.010220541059970858,0.2111263109895121,0.4417692658458733,0.565982672138623,0.6800273597811217
joint,42,wk inc covid prop ed visits,revision,11,2405,0.0002103782818611882,0.00028578192783378976,0.007127486319260313,0.009745853198696072,0.00017376720206812026,0.0058394677471369505,0.13108051731330833,0.3468502294534836,0.5549436795994994,0.7038798498122654
joint,42,wk inc flu hosp,reconstruction,4,782,28.16338410990012,43.012129075433535,0.008793928695978854,0.011711300380929174,,,0.3711111111111111,0.5986274509803922,0.668235294117647,0.6984967320261438
joint,42,wk inc flu hosp,reconstruction,11,560,53.34875781816981,83.5374066607002,0.01415187181909583,0.018975411162817528,,,0.37625668449197863,0.5628520499108735,0.6270944741532978,0.6664527629233512
joint,42,wk inc flu hosp,revision,4,1818,48.200536653279656,68.9927004108276,0.01627524130639183,0.02309460245917312,220.77124938964843,0.03065193742513657,0.31276981380787605,0.5251211072664359,0.6378184214862416,0.7212588564837701
joint,42,wk inc flu hosp,revision,11,2092,30.282863332044187,50.066404302943596,0.00788569569429073,0.01146981999062086,64.90936393737793,0.009809191152453423,0.2022620755619321,0.4708871353419417,0.6609540889526543,0.770310856049737
joint,42,wk inc flu prop ed visits,reconstruction,4,667,0.0005148265964060334,0.0006546792623510478,0.008670987725823219,0.010956198942477178,,,0.23076923076923078,0.4243589743589744,0.4904977375565611,0.5336527371129448
joint,42,wk inc flu prop ed visits,reconstruction,11,413,0.00047725098548325796,0.0006287970617648591,0.007960376088976383,0.010416523047905163,,,0.161,0.37,0.451,0.538
joint,42,wk inc flu prop ed visits,revision,4,1888,0.0004438659043290568,0.0006081790674756684,0.007728314927532125,0.010550436992363769,0.0008036702289246023,0.013889180123806001,0.4236173973016078,0.6838195358319198,0.7892177570196147,0.8576590945011998
joint,42,wk inc flu prop ed visits,revision,11,2194,0.0002854175145056205,0.00037348040157503373,0.0049585896260265876,0.006457653898165928,0.00026531834155321123,0.004672226728871465,0.47788897688818494,0.6866057071543428,0.7640818873449013,0.8190750473996209
joint,42,wk inc rsv hosp,reconstruction,4,416,38.875825053436564,62.242414110070115,0.024822334900590517,0.03429120611694382,,,0.2647058823529412,0.43431372549019615,0.5220588235294118,0.5612745098039216
joint,42,wk inc rsv hosp,reconstruction,11,312,26.53440701744264,41.32402298215777,0.016769879404064745,0.023189830859857263,,,0.3032679738562091,0.4490196078431373,0.5091503267973856,0.5712418300653594
joint,42,wk inc rsv hosp,revision,4,2340,26.555799527935477,44.411942091285475,0.019266163685573663,0.027387372412360285,67.75555648803712,0.03174244090914726,0.504313725490196,0.731764705882353,0.7827450980392157,0.8150762527233116
joint,42,wk inc rsv hosp,revision,11,2444,15.396504319965572,24.041234636193977,0.010017137012550872,0.013533783943658324,27.22019195556641,0.011949521116912366,0.5269086357947435,0.7359198998748435,0.797747183979975,0.8393825615352525
joint,42,wk inc rsv prop ed visits,reconstruction,4,510,0.00019073152307838483,0.0002660470801347401,0.017969355978498407,0.025203817051167504,,,0.38560000000000005,0.5704,0.6664,0.728
joint,42,wk inc rsv prop ed visits,reconstruction,11,306,0.00017377696241279754,0.00024212958564748987,0.016138450925802558,0.022742986195345018,,,0.30800000000000005,0.47733333333333333,0.5906666666666668,0.6519999999999999
joint,42,wk inc rsv prop ed visits,revision,4,2201,0.00013791419471286453,0.00018695736797595753,0.011733787493037903,0.01591655367544659,0.00024230277340393515,0.02110244520008564,0.3602827177382581,0.5502507979936161,0.6669402644778842,0.7549475604195166
joint,42,wk inc rsv prop ed visits,revision,11,2405,0.00015396515591078146,0.0002037952625997993,0.013662558923391384,0.018048909380206635,9.372131316922606e-05,0.008121032547205687,0.357488527325824,0.47972465581977475,0.5679182311222362,0.6445556946182729
joint,43,wk inc covid hosp,reconstruction,4,416,437.96698737231213,700.1442116938385,0.06552973552462216,0.10366319988557247,,,0.4004901960784314,0.6313725490196078,0.7524509803921569,0.8323529411764706
joint,43,wk inc covid hosp,reconstruction,11,312,436.1159932897281,679.250521616219,0.06479200952921214,0.10032623057896109,,,0.44313725490196076,0.6699346405228759,0.7947712418300653,0.8647058823529412
joint,43,wk inc covid hosp,revision,4,2340,61.279471375023,79.55218000844275,0.013774739954216757,0.017148977279889302,103.16523132324218,0.01844825632870197,0.18222222222222223,0.36479302832244015,0.5006535947712418,0.5917211328976034
joint,43,wk inc covid hosp,revision,11,2444,36.277239384805796,56.30313109359029,0.00861893422662709,0.011229229452123676,41.99624443054199,0.00800887867808342,0.2999582811848144,0.5259073842302878,0.6474760116812682,0.738840216937839
joint,43,wk inc covid prop ed visits,reconstruction,4,510,0.0020059074032497417,0.002835432247677818,0.06904536198959484,0.09766465916151837,,,0.21120000000000003,0.36160000000000003,0.4368000000000001,0.5136000000000001
joint,43,wk inc covid prop ed visits,reconstruction,11,306,0.0027610733795935837,0.0036228303866616142,0.09580410025676207,0.1255844154106925,,,0.08000000000000002,0.18666666666666665,0.26133333333333336,0.2906666666666667
joint,43,wk inc covid prop ed visits,revision,4,2201,0.0001882733740220697,0.0002588823449276528,0.0063657721370204284,0.0087882237870081,0.00030161879549268634,0.010220541059970858,0.338531691746466,0.5800729594163246,0.7213406292749658,0.8173278613771089
joint,43,wk inc covid prop ed visits,revision,11,2405,0.00021641443416264575,0.0002929433029923824,0.007372076104332829,0.010022658535664017,0.00017376720206812026,0.0058394677471369505,0.19607843137254904,0.49833124739257406,0.6817688777638715,0.7453483521068002
joint,43,wk inc flu hosp,reconstruction,4,782,29.91487363623255,46.06568372102821,0.00946213774186997,0.012324919320657112,,,0.23934640522875816,0.4315686274509804,0.5352941176470589,0.5807843137254902
joint,43,wk inc flu hosp,reconstruction,11,560,35.49734131585535,55.98275719411718,0.012737232096889107,0.016591600968168217,,,0.31907308377896615,0.5088057040998218,0.5679857397504458,0.6231016042780749
joint,43,wk inc flu hosp,revision,4,1818,61.92625702701469,101.28393470210987,0.015461376960013987,0.02250935699917745,220.77124938964843,0.03065193742513657,0.3911550502553963,0.7019212390838688,0.8351623002142035,0.8697248311089143
joint,43,wk inc flu hosp,revision,11,2092,24.871014683466605,37.76149266926249,0.006719198899478947,0.009117057098194284,64.90936393737793,0.009809191152453423,0.48466284074605454,0.7683668101386897,0.8234289813486371,0.8652271640363464
joint,43,wk inc flu prop ed visits,reconstruction,4,667,0.00045845553586666075,0.0006023228690786528,0.0076713354571945796,0.010024102929526683,,,0.2068627450980392,0.43137254901960786,0.5204374057315234,0.5901960784313727
joint,43,wk inc flu prop ed visits,reconstruction,11,413,0.0004122782451585601,0.0005635058315126046,0.006754321973379068,0.009187627804136358,,,0.20900000000000002,0.48200000000000004,0.5710000000000001,0.6679999999999999
joint,43,wk inc flu prop ed visits,revision,4,1888,0.0004505717395213073,0.0005899163673453114,0.0078418476054382,0.01020881249142552,0.0008036702289246023,0.013889180123806001,0.2835012327272389,0.6122232280127018,0.7428191208376967,0.8198120439606509
joint,43,wk inc flu prop ed visits,revision,11,2194,0.0003151300317938545,0.00044028583093114247,0.0054710668773462375,0.007609815495871755,0.00026531834155321123,0.004672226728871465,0.17088663290693673,0.5068999448004416,0.6689178486572108,0.7639522883816929
joint,43,wk inc rsv hosp,reconstruction,4,416,38.90602395269377,65.02451211680534,0.02453073776250059,0.03441646110870323,,,0.23970588235294119,0.42843137254901964,0.49068627450980395,0.5607843137254902
joint,43,wk inc rsv hosp,reconstruction,11,312,26.081017445631776,42.390755621271126,0.016585160779697492,0.023104158752361083,,,0.25163398692810457,0.4437908496732027,0.5320261437908498,0.5738562091503268
joint,43,wk inc rsv hosp,revision,4,2340,29.941467757320215,42.58406897113309,0.0200058078908383,0.02710060133571881,67.75555648803712,0.03174244090914726,0.36583877995642705,0.595119825708061,0.6981263616557736,0.7477124183006537
joint,43,wk inc rsv hosp,revision,11,2444,17.514667759547883,23.37265026008037,0.010053724807661854,0.012759755489223583,27.22019195556641,0.011949521116912366,0.4644972882770129,0.6212765957446809,0.6876929495202337,0.7353358364622445
joint,43,wk inc rsv prop ed visits,reconstruction,4,510,0.00019986779306230515,0.0002741984862543177,0.018389521941701938,0.025327057987245397,,,0.30400000000000005,0.5016,0.5576000000000001,0.656
joint,43,wk inc rsv prop ed visits,reconstruction,11,306,0.00018520396458662235,0.00024891864630626517,0.01704467888207233,0.02324239600989278,,,0.252,0.4706666666666667,0.5373333333333333,0.5666666666666668
joint,43,wk inc rsv prop ed visits,revision,4,2201,0.000131795005149396,0.0001815617864158694,0.011162517423398145,0.015378458124266928,0.00024230277340393515,0.02110244520008564,0.38682170542635663,0.6451892384860922,0.7347469220246239,0.7894208846329229
joint,43,wk inc rsv prop ed visits,revision,11,2405,0.0001382835270186664,0.0002081675876609392,0.012232862276342321,0.01857115000795673,9.372131316922606e-05,0.008121032547205687,0.2869837296620776,0.5730079265748852,0.7522319566124323,0.8611180642469753
joint,44,wk inc covid hosp,reconstruction,4,416,527.4556627073201,785.8923102509742,0.07118046460641887,0.10690599782960589,,,0.3303921568627451,0.592156862745098,0.717156862745098,0.7779411764705882
joint,44,wk inc covid hosp,reconstruction,11,312,518.0293041480369,743.591936132643,0.06852288291143115,0.10017743083511645,,,0.4196078431372549,0.64640522875817,0.7581699346405228,0.8130718954248367
joint,44,wk inc covid hosp,revision,4,2340,21.30127845114429,27.310273082792698,0.009661213060956738,0.013703550589503826,103.16523132324218,0.01844825632870197,0.6023529411764706,0.880087145969499,0.9180827886710241,0.9358605664488018
joint,44,wk inc covid hosp,revision,11,2444,14.738494883275472,22.30071293383809,0.005998866573917935,0.007932098723651682,41.99624443054199,0.00800887867808342,0.7298289528577389,0.9032957863996662,0.9355861493533584,0.9516061743846476
joint,44,wk inc covid prop ed visits,reconstruction,4,510,0.002268199710363573,0.0030111624718760143,0.07806753456454757,0.10372511722122277,,,0.16480000000000003,0.29280000000000006,0.33440000000000003,0.3792
joint,44,wk inc covid prop ed visits,reconstruction,11,306,0.0028826196236495924,0.00366571737913182,0.09986000836463328,0.12694121707495606,,,0.072,0.172,0.236,0.2813333333333333
joint,44,wk inc covid prop ed visits,revision,4,2201,0.00016545594254486982,0.00022948270821440635,0.005576529643113001,0.0077791453385074455,0.00030161879549268634,0.010220541059970858,0.3948016415868673,0.7562243502051984,0.8617875056999544,0.900045599635203
joint,44,wk inc covid prop ed visits,revision,11,2405,0.0002442923937495686,0.00035382260179514687,0.008258797968573718,0.012019913797070217,0.00017376720206812026,0.0058394677471369505,0.2179808093450146,0.6825198164372132,0.8228619107217355,0.8734251147267418
joint,44,wk inc flu hosp,reconstruction,4,782,28.874720286991746,47.436257445758926,0.009426235218918885,0.013098166125113093,,,0.3743137254901961,0.6195424836601309,0.7316339869281046,0.7607843137254902
joint,44,wk inc flu hosp,reconstruction,11,560,40.090056939784695,67.98078105372286,0.0129161491613414,0.017431463357060577,,,0.40556149732620317,0.6098395721925134,0.7165062388591801,0.7538680926916221
joint,44,wk inc flu hosp,revision,4,1818,44.82584075035503,66.52825740193154,0.015316145592668938,0.022079456677466254,220.77124938964843,0.03065193742513657,0.39265117811830613,0.6099917614104465,0.7701103971000166,0.8543483275663207
joint,44,wk inc flu hosp,revision,11,2092,29.724887909391907,47.94234890522213,0.0076634489536004866,0.011408793302110127,64.90936393737793,0.009809191152453423,0.25775466284074605,0.6779698708751795,0.8651052128168342,0.9011406025824964
joint,44,wk inc flu prop ed visits,reconstruction,4,667,0.0004423572538678583,0.0006167840668964449,0.007367392339128319,0.010218346236120696,,,0.2896681749622927,0.5047511312217196,0.6107088989441931,0.6707568095111349
joint,44,wk inc flu prop ed visits,reconstruction,11,413,0.0003983323299817972,0.0005713601838786138,0.006524801491826897,0.009314525760466609,,,0.32599999999999996,0.5720000000000001,0.6639999999999999,0.732
joint,44,wk inc flu prop ed visits,revision,4,1888,0.00045247721538183906,0.0005895514219922383,0.007876499492677345,0.010186204508502139,0.0008036702289246023,0.013889180123806001,0.4966524926277249,0.8624253580909927,0.9066495428724531,0.922335817382257
joint,44,wk inc flu prop ed visits,revision,11,2194,0.00024986914248564807,0.00028404280135772657,0.004365205666337647,0.004942922167039464,0.00026531834155321123,0.004672226728871465,0.47816737466100273,0.8926344589243287,0.9258453932368541,0.9386180910552716
joint,44,wk inc rsv hosp,reconstruction,4,416,45.2225701509587,70.83971829506883,0.025782884226702472,0.036372107175677904,,,0.27107843137254906,0.45245098039215687,0.5460784313725491,0.598529411764706
joint,44,wk inc rsv hosp,reconstruction,11,312,33.04198100422763,52.85304597841326,0.01803723840301475,0.025510734305014923,,,0.296078431372549,0.4601307189542484,0.5509803921568628,0.6183006535947713
joint,44,wk inc rsv hosp,revision,4,2340,35.56850899671932,47.60302610117458,0.021724279709895593,0.027615913073185075,67.75555648803712,0.03174244090914726,0.23973856209150327,0.5365577342047931,0.6638779956427016,0.7309803921568628
joint,44,wk inc rsv hosp,revision,11,2444,16.077886139586372,22.304204665024653,0.010147765636968197,0.01193824231262246,27.22019195556641,0.011949521116912366,0.5061326658322903,0.6517313308302045,0.6840216937838965,0.7449311639549437
joint,44,wk inc rsv prop ed visits,reconstruction,4,510,0.0001840724745776818,0.0002492875956522767,0.016995923442118303,0.023179250105984837,,,0.35760000000000003,0.5256000000000001,0.6128,0.6880000000000001
joint,44,wk inc rsv prop ed visits,reconstruction,11,306,0.00016064868182841051,0.00022510315122781322,0.014726657357088604,0.02101569910411974,,,0.328,0.5106666666666667,0.5693333333333334,0.7053333333333334
joint,44,wk inc rsv prop ed visits,revision,4,2201,0.00013241071048253168,0.00018398878274873416,0.011196621779481998,0.015562896504275305,0.00024230277340393515,0.02110244520008564,0.4600547195622436,0.6833561331509348,0.7748290013679893,0.8353397172822618
joint,44,wk inc rsv prop ed visits,revision,11,2405,0.00014736209385894202,0.00021254291543056146,0.012918765592164103,0.018692002869699312,9.372131316922606e-05,0.008121032547205687,0.36257822277847307,0.5277847309136421,0.6488944513975804,0.7572799332498957
separate,42,wk inc covid hosp,reconstruction,4,416,855.0480978401179,1183.0150757079032,0.126959314983505,0.1801043386066994,,,0.15833333333333333,0.2735294117647059,0.3127450980392157,0.4161764705882353
separate,42,wk inc covid hosp,reconstruction,11,312,920.7052912756911,1291.4464838140152,0.13476058659172857,0.1929812944239543,,,0.07320261437908497,0.21895424836601307,0.28169934640522876,0.3934640522875817
separate,42,wk inc covid hosp,revision,4,2340,27.144239721841508,44.05193530458896,0.009555125490781016,0.013591996953639749,103.16523132324218,0.01844825632870197,0.5253159041394336,0.7868409586056646,0.869368191721133,0.9045751633986929
separate,42,wk inc covid hosp,revision,11,2444,13.320888664887972,22.472567901624565,0.005578840271124846,0.00754696155879492,41.99624443054199,0.00800887867808342,0.5906549853984148,0.8566541510221112,0.9088861076345431,0.9339173967459324
separate,42,wk inc covid prop ed visits,reconstruction,4,510,0.0034502779521447327,0.004144353469985072,0.11995954379536236,0.14389218785568694,,,0.05680000000000001,0.11120000000000001,0.13840000000000002,0.16560000000000002
separate,42,wk inc covid prop ed visits,reconstruction,11,306,0.003999230180135118,0.004581944613251836,0.139616866002734,0.15973286216825305,,,0.010666666666666666,0.021333333333333333,0.031999999999999994,0.042666666666666665
separate,42,wk inc covid prop ed visits,revision,4,2201,0.0001822143692326177,0.00022910736113882464,0.006103858943889838,0.007691602133741248,0.00030161879549268634,0.010220541059970858,0.31527587779297767,0.5226630186958505,0.6121295029639764,0.6642042863657092
separate,42,wk inc covid prop ed visits,revision,11,2405,0.0001526410745751334,0.00019608009089603105,0.005162419685716624,0.00666450189067486,0.00017376720206812026,0.0058394677471369505,0.3847309136420526,0.60450563204005,0.6904463913224865,0.773884021693784
separate,42,wk inc flu hosp,reconstruction,4,782,52.890509549472,86.23147658664271,0.011456771087488063,0.01609697428014512,,,0.22934640522875818,0.4452287581699347,0.5646405228758171,0.6363398692810458
separate,42,wk inc flu hosp,reconstruction,11,560,54.109638833265194,87.74597993595643,0.01445006601196904,0.01974433538591222,,,0.2648841354723708,0.5140819964349377,0.6240998217468806,0.6800713012477719
separate,42,wk inc flu hosp,revision,4,1818,46.839428900333196,67.75164433143762,0.014854581311192437,0.021699765836832415,220.77124938964843,0.03065193742513657,0.46731257208765864,0.7947866205305654,0.876783654638326,0.9009128357225242
separate,42,wk inc flu hosp,revision,11,2092,19.23895794340323,27.164186411826265,0.006700997619842745,0.009508316049505803,64.90936393737793,0.009809191152453423,0.6064968914395026,0.8480200860832139,0.8860329985652798,0.9116236250597802
separate,42,wk inc flu prop ed visits,reconstruction,4,667,0.00047534440227910493,0.0006174866886741175,0.007910717069540427,0.010232928022542052,,,0.24426847662141782,0.45791855203619913,0.5349170437405733,0.6119155354449473
separate,42,wk inc flu prop ed visits,reconstruction,11,413,0.0004347141373526804,0.0005888064879892716,0.007094531658689413,0.009587074771812141,,,0.251,0.465,0.537,0.606
separate,42,wk inc flu prop ed visits,revision,4,1888,0.00045743136569506885,0.0005726255575802162,0.007929419334201762,0.009881769752808781,0.0008036702289246023,0.013889180123806001,0.5652887337097864,0.7616185281819957,0.8166897829436529,0.8502637453101851
separate,42,wk inc flu prop ed visits,revision,11,2194,0.0002624679660684882,0.00036714354773677337,0.004606542184712565,0.0064122750720312675,0.00026531834155321123,0.004672226728871465,0.5077687378500972,0.8120719034247728,0.8864089087287302,0.9296853625170999
separate,42,wk inc rsv hosp,reconstruction,4,416,52.67294028061925,75.72271941665474,0.028477039128832787,0.0363548770983967,,,0.14215686274509803,0.2784313725490196,0.3661764705882353,0.38382352941176473
separate,42,wk inc rsv hosp,reconstruction,11,312,33.704986873559925,48.804665941652985,0.019265944522776787,0.024233730059349,,,0.14509803921568626,0.2673202614379085,0.32745098039215687,0.3686274509803922
separate,42,wk inc rsv hosp,revision,4,2340,24.7773956694627,39.39059177731749,0.019289810521162014,0.026403640256248136,67.75555648803712,0.03174244090914726,0.2676252723311547,0.576644880174292,0.7212200435729849,0.7802178649237473
separate,42,wk inc rsv hosp,revision,11,2444,12.653794860265027,20.59169996639837,0.009210604027909831,0.012187565999253221,27.22019195556641,0.011949521116912366,0.5078014184397164,0.7311639549436796,0.8014184397163121,0.8322903629536922
separate,42,wk inc rsv prop ed visits,reconstruction,4,510,0.00022636304173405468,0.00028144775573164224,0.021278390849102956,0.02636351073362243,,,0.2072,0.3752,0.5024000000000001,0.5504
separate,42,wk inc rsv prop ed visits,reconstruction,11,306,0.0002269124700766111,0.0002728131088272979,0.02128522868492181,0.025685585692055053,,,0.2,0.30533333333333335,0.3373333333333334,0.40399999999999997
separate,42,wk inc rsv prop ed visits,revision,4,2201,0.00012963990980870754,0.00017516421886395393,0.010907923407463181,0.0147039718861037,0.00024230277340393515,0.02110244520008564,0.32170542635658916,0.5487004103967168,0.6480164158686731,0.7203374373005016
separate,42,wk inc rsv prop ed visits,revision,11,2405,0.00012350513712618347,0.0001732941392092691,0.010822310954848483,0.015252545763398337,9.372131316922606e-05,0.008121032547205687,0.2305798915310805,0.46537338339591156,0.5765123070504797,0.6778055903212349
separate,43,wk inc covid hosp,reconstruction,4,416,554.1391815845653,857.5229900079615,0.08298353489985362,0.12703097189962612,,,0.16617647058823531,0.38333333333333336,0.5450980392156863,0.6504901960784314
separate,43,wk inc covid hosp,reconstruction,11,312,499.14592292355314,780.6416734284046,0.0751739455934723,0.1148301496604281,,,0.21895424836601307,0.49215686274509807,0.6483660130718955,0.7032679738562092
separate,43,wk inc covid hosp,revision,4,2340,40.24399167111989,67.84888673979847,0.011477044560325014,0.016954645878573992,103.16523132324218,0.01844825632870197,0.5278431372549021,0.7968627450980393,0.8732026143790851,0.9086710239651417
separate,43,wk inc covid hosp,revision,11,2444,26.1570486433004,41.589854041448106,0.007462199715771575,0.011009053710195735,41.99624443054199,0.00800887867808342,0.4786816854401335,0.8146015853149772,0.9068836045056321,0.9360033375052148
separate,43,wk inc covid prop ed visits,reconstruction,4,510,0.003704341580541723,0.004341707894415594,0.12867866125371738,0.15066226878463612,,,0.0728,0.12240000000000001,0.16,0.17600000000000002
separate,43,wk inc covid prop ed visits,reconstruction,11,306,0.004343332286059614,0.004861623294476885,0.15145141141511917,0.16936022814573445,,,0.008,0.015999999999999997,0.018666666666666665,0.021333333333333333
separate,43,wk inc covid prop ed visits,revision,4,2201,0.00016337246640062055,0.00022041570571526407,0.0055008697736680795,0.0074327152173634115,0.00030161879549268634,0.010220541059970858,0.37373461012311904,0.6732330141358869,0.7903784769721842,0.8481988144094849
separate,43,wk inc covid prop ed visits,revision,11,2405,0.0001782518419588873,0.0002402497647584851,0.00605714502338579,0.008213897709168944,0.00017376720206812026,0.0058394677471369505,0.30517313308302046,0.6099290780141844,0.7363370880267002,0.811305798915311
separate,43,wk inc flu hosp,reconstruction,4,782,44.75850415107176,69.62036451966732,0.011014579712115218,0.014719265640034168,,,0.21267973856209152,0.40738562091503266,0.5020915032679738,0.5654901960784314
separate,43,wk inc flu hosp,reconstruction,11,560,42.08597654786552,62.15009547118545,0.014055029317207328,0.01820139848844357,,,0.28385026737967917,0.48399286987522283,0.5420320855614974,0.593939393939394
separate,43,wk inc flu hosp,revision,4,1818,37.97521472245165,56.7493536929321,0.014756554974304918,0.021101580891147324,220.77124938964843,0.03065193742513657,0.33664854176964903,0.5667292799472731,0.6724666337123084,0.7589059153072995
separate,43,wk inc flu hosp,revision,11,2092,17.42462256923998,26.416942875006697,0.006428006842960758,0.009060824928125185,64.90936393737793,0.009809191152453423,0.281037780966045,0.642491630798661,0.7758345289335248,0.8418914395026303
separate,43,wk inc flu prop ed visits,reconstruction,4,667,0.0004898935861370245,0.000634801736140427,0.008161049685013074,0.010530560075285713,,,0.24185520361990953,0.43159879336349927,0.5110105580693816,0.5628959276018101
separate,43,wk inc flu prop ed visits,reconstruction,11,413,0.0004380568811555964,0.0005948599466422681,0.007149650813873958,0.009670292823898126,,,0.29400000000000004,0.459,0.519,0.635
separate,43,wk inc flu prop ed visits,revision,4,1888,0.0005382623991497663,0.0006775594203268903,0.009348096474294203,0.011722179029265298,0.0008036702289246023,0.013889180123806001,0.23597264587976663,0.44890956253185355,0.5678013504638892,0.6337412278588749
separate,43,wk inc flu prop ed visits,revision,11,2194,0.0004519366466217177,0.0006050579953267665,0.007848403592544398,0.010451538896680164,0.00026531834155321123,0.004672226728871465,0.23502531979744165,0.44255645954832357,0.5549235606115152,0.6393788849689204
separate,43,wk inc rsv hosp,reconstruction,4,416,73.92047113038691,105.65104510385959,0.03447899045297802,0.04419334989269243,,,0.1323529411764706,0.2514705882352941,0.303921568627451,0.3583333333333334
separate,43,wk inc rsv hosp,reconstruction,11,312,42.26548675879988,61.31609507073811,0.020951759028643963,0.0264744099874444,,,0.12745098039215685,0.2647058823529412,0.30915032679738563,0.33267973856209154
separate,43,wk inc rsv hosp,revision,4,2340,28.26926292178911,42.937167862958916,0.02053225742547069,0.02714271749858777,67.75555648803712,0.03174244090914726,0.24514161220043573,0.5146840958605664,0.6944662309368191,0.7477124183006537
separate,43,wk inc rsv hosp,revision,11,2444,13.07914021991711,21.22289407469796,0.009422236359750279,0.012150754704322576,27.22019195556641,0.011949521116912366,0.43354192740926156,0.7337505214851898,0.7919065498539842,0.8171047142261161
separate,43,wk inc rsv prop ed visits,reconstruction,4,510,0.00022793181525491578,0.0002810415396350436,0.02150465187013129,0.02647317653688172,,,0.15760000000000002,0.34480000000000005,0.42160000000000003,0.48160000000000003
separate,43,wk inc rsv prop ed visits,reconstruction,11,306,0.00022779236152459804,0.0002701694004548093,0.021404480558671193,0.025471514910122173,,,0.13066666666666668,0.2813333333333333,0.33199999999999996,0.348
separate,43,wk inc rsv prop ed visits,revision,4,2201,0.00014397476137829787,0.00018541694644434755,0.012202727407333532,0.015753639009236573,0.00024230277340393515,0.02110244520008564,0.14300045599635203,0.307295941632467,0.4023711810305518,0.48258093935248525
separate,43,wk inc rsv prop ed visits,revision,11,2405,0.0001561853152233771,0.00020401291894882063,0.013877826885629064,0.01810358034721215,9.372131316922606e-05,0.008121032547205687,0.07167292448894452,0.14643304130162701,0.2059657905715478,0.2680433875677931
separate,44,wk inc covid hosp,reconstruction,4,416,613.7353875857331,886.7840049229417,0.08827260409254589,0.12727725626387199,,,0.17794117647058824,0.35931372549019613,0.4416666666666667,0.4926470588235295
separate,44,wk inc covid hosp,reconstruction,11,312,578.8318482420416,848.9728442073648,0.08299284383881265,0.1212837117787948,,,0.2111111111111111,0.39869281045751637,0.4666666666666667,0.5444444444444445
separate,44,wk inc covid hosp,revision,4,2340,24.18713048741194,31.434743821471578,0.009743102030545564,0.013289292723005214,103.16523132324218,0.01844825632870197,0.6531590413943356,0.8655337690631809,0.9118082788671025,0.9386492374727669
separate,44,wk inc covid hosp,revision,11,2444,11.796451012245829,14.96800025541016,0.005688066582759719,0.007037656038671697,41.99624443054199,0.00800887867808342,0.6978723404255318,0.8929495202336255,0.9322486441385065,0.9502711722987067
separate,44,wk inc covid prop ed visits,reconstruction,4,510,0.0030102578103786905,0.0036322691299254077,0.10464831630379527,0.12606599636761506,,,0.11680000000000001,0.17440000000000003,0.21760000000000002,0.2528
separate,44,wk inc covid prop ed visits,reconstruction,11,306,0.003791658806144007,0.004338676409310817,0.13228407214109975,0.15115567206091995,,,0.016,0.034666666666666665,0.05333333333333334,0.06133333333333333
separate,44,wk inc covid prop ed visits,revision,4,2201,0.00016165240558373907,0.0002191719932070132,0.005436009185166501,0.007390348022161227,0.00030161879549268634,0.010220541059970858,0.34683082535339715,0.6880984952120383,0.8189238486092112,0.8833105335157319
separate,44,wk inc covid prop ed visits,revision,11,2405,0.00017134186478711847,0.0002382878245398073,0.005809465013781864,0.008142357485856537,0.00017376720206812026,0.0058394677471369505,0.21526908635794745,0.6582811848143513,0.8103879849812266,0.8730913642052566
separate,44,wk inc flu hosp,reconstruction,4,782,50.30801049348922,78.1028590531389,0.011077556547829432,0.015185130752227629,,,0.23444444444444448,0.42150326797385623,0.5345098039215687,0.6083006535947713
separate,44,wk inc flu hosp,reconstruction,11,560,50.89822645196083,77.63807446710796,0.01457747820068646,0.01920822075904192,,,0.23664884135472372,0.4181818181818182,0.5322638146167559,0.5983600713012478
separate,44,wk inc flu hosp,revision,4,1818,38.962894712019825,58.218833569117464,0.014848562159604454,0.021402639132400425,220.77124938964843,0.03065193742513657,0.3533827648706541,0.6067820069204153,0.6869335969681991,0.7456978085351788
separate,44,wk inc flu hosp,revision,11,2092,24.388646482457464,37.35933866204687,0.006820284744910633,0.009476020969924882,64.90936393737793,0.009809191152453423,0.30532998565279773,0.5780798660927786,0.6878383548541367,0.7770229555236728
separate,44,wk inc flu prop ed visits,reconstruction,4,667,0.0005001978175497085,0.000632875279467905,0.008302908256732026,0.010465896524882641,,,0.22254901960784318,0.3920060331825038,0.453318250377074,0.5351432880844645
separate,44,wk inc flu prop ed visits,reconstruction,11,413,0.00046766508344083814,0.0006063244253477583,0.007610373222123318,0.009859465323025004,,,0.20800000000000002,0.42500000000000004,0.47700000000000004,0.515
separate,44,wk inc flu prop ed visits,revision,4,1888,0.0005430210458432314,0.0006664055374280532,0.009413898881990096,0.011513465262172123,0.0008036702289246023,0.013889180123806001,0.2107322915372451,0.44885817424517116,0.5516608643543628,0.6388290908414749
separate,44,wk inc flu prop ed visits,revision,11,2194,0.0004996877818324075,0.0006263825977071012,0.008640699970559995,0.010788954151007463,0.00026531834155321123,0.004672226728871465,0.14213646290829673,0.39544963640290876,0.538920488636091,0.613795089639283
separate,44,wk inc rsv hosp,reconstruction,4,416,42.69666894019992,57.051812284588394,0.02659650717834908,0.03344671570261679,,,0.1985294117647059,0.30343137254901964,0.36421568627450984,0.4225490196078432
separate,44,wk inc rsv hosp,reconstruction,11,312,27.88737982118041,42.67127714561187,0.018453124733599065,0.023703505459470958,,,0.17908496732026144,0.3006535947712418,0.3477124183006536,0.43333333333333335
separate,44,wk inc rsv hosp,revision,4,2340,39.98150610011909,50.173874194747796,0.023600249666182224,0.028750423037848073,67.75555648803712,0.03174244090914726,0.23050108932461874,0.4888888888888889,0.5773420479302832,0.6417429193899782
separate,44,wk inc rsv hosp,revision,11,2444,20.789176334462642,30.05976117385014,0.012405022842005186,0.015981381886141864,27.22019195556641,0.011949521116912366,0.3560283687943263,0.5491864831038799,0.655819774718398,0.6937004589069671
separate,44,wk inc rsv prop ed visits,reconstruction,4,510,0.00023185356453708222,0.000282110127795022,0.021817117931545196,0.026499911384571907,,,0.14,0.30400000000000005,0.388,0.4736000000000001
separate,44,wk inc rsv prop ed visits,reconstruction,11,306,0.00023229309893300104,0.0002697006931412034,0.021775047922923965,0.02539474085270048,,,0.1333333333333333,0.27066666666666667,0.30800000000000005,0.324
separate,44,wk inc rsv prop ed visits,revision,4,2201,0.00012932853567757918,0.00017668197435330644,0.010925730144421972,0.014938873469143826,0.00024230277340393515,0.02110244520008564,0.4612403100775194,0.6747378020975832,0.7406748746010031,0.7810761513907889
separate,44,wk inc rsv prop ed visits,revision,11,2405,0.00011472746343881985,0.00015785971496085289,0.01006541786599248,0.013858153647329296,9.372131316922606e-05,0.008121032547205687,0.3790154359616187,0.6129745515227367,0.7028368794326242,0.7613266583229037
