config_id,seed,geography,wk inc flu hosp,wk inc covid hosp,wk inc rsv hosp,wk inc flu prop ed visits,wk inc covid prop ed visits,wk inc rsv prop ed visits,combined,horizon
B1 B gap-only,42,all,0.95804463285967,0.9915140188887981,1.0928465402967973,1.1058931949766257,1.0972605972244631,1.0445909416956178,1.0369505686652485,0
B1 B gap-only,43,all,1.051779663282249,0.9730310371992243,1.0465189310645746,1.1763223053837137,0.9937893465586297,1.252194336210309,1.0627739168049721,0
B1 B gap-only,44,all,0.9975920224485278,0.99603530904425,1.345303353230784,1.0783329209203307,1.0055594809187323,1.2841490818346781,1.1162114281245408,0
B1 B no-mask,42,all,1.049689540493733,0.9980526174094873,0.9881921113292242,1.1368311491656147,1.1246479389631392,1.3797400305767407,1.0792319619078203,0
B1 B no-mask,43,all,1.0393758983338286,0.9853795155578503,1.121485034888185,1.1139070392073622,1.0320924435233325,1.3180468462480173,1.084058580726493,0
B1 B no-mask,44,all,0.9794278256795025,1.0294743366973635,1.029040248580476,1.098620817074637,0.9980604453348859,1.242944587702575,1.04616785244742,0
B1 gated 0.20,42,all,1.0372385096814372,0.9712179568601806,1.025283016646236,1.1013995416809463,1.0107172946714855,1.3834997791860064,1.0625661757682385,0
B1 gated 0.20,43,all,1.3229062554680935,1.0742535382031353,1.209335812028567,1.1584300515199486,1.1560236050855348,1.2880860434920942,1.2017256568330188,0
B1 gated 0.20,44,all,1.1855838117484767,1.0042877869527365,1.0079872940929235,1.1251899801108027,1.0237978636346994,1.3327398938993829,1.0974939470259066,0
B1 joint two-stage,42,all,1.1248413269351254,1.0314641660896307,1.2423263986646254,1.211170779331517,1.0314719237698642,1.3761463842009067,1.15733920785345,0
B1 joint two-stage,43,all,1.3929539005667662,1.0606148431966287,1.11056187650409,1.3046842816708357,3.794929264928287,1.2708677511339852,1.4998602820297866,0
B1 joint two-stage,44,all,1.3236477256103945,0.951936823194576,1.09824790532728,1.030643247325523,1.1055405328080705,1.3351918856774418,1.1354489526750597,0
Forward Direct B,42,all,1.0789631131004154,1.3208396697515412,1.3847567287355238,1.3212695504628775,1.394683509279852,2.4158420887707783,1.4112126857431633,0
Forward Direct B,43,all,0.9793058771935188,1.3656826510651938,1.3454710409508148,1.6096086816025645,1.219266622050608,1.9583340843666035,1.3520142807154256,0
Forward Direct B,44,all,1.1859606936763478,1.2008135997080713,1.7343583319679772,1.512736575106887,1.2601288711805145,2.621656098999758,1.5151985328879944,0
Forward Joint gated,42,all,1.19146962035695,1.4381367067235742,1.3259582117932514,1.1546570725194034,1.8130065667027289,1.5720530394312762,1.3834273062667732,0
Forward Joint gated,43,all,1.3482376221410994,1.2473504019762656,1.5347300156994812,1.1750147568416727,1.456620468904705,2.0425644214262495,1.4372039696451466,0
Forward Joint gated,44,all,1.1985459855891338,1.0637331779037147,1.281588003486907,1.178588166819102,1.824827925073271,2.1644393291498347,1.361732195000191,0
Forward Separate,42,all,1.1326842550351148,1.0583642099450896,1.2954054035879008,1.3031616140075666,1.159594764219862,1.4074919922854523,1.2047951230721212,0
Forward Separate,43,all,1.0400547454953397,1.1227579605242894,1.3319133795542448,1.1747022752838878,1.1951356107056763,1.2906483084192648,1.183326485061842,0
Forward Separate,44,all,1.0589016788434857,0.9961014831045639,1.5365938822468725,1.1362311007493653,1.1653745713496118,2.0418648008177525,1.2807405068118414,0
B1 B gap-only,42,all,0.9187208566389293,0.9134011799378314,1.037474743043166,1.044205509668194,1.151155865239963,0.8869552136616011,0.9801677942010679,1
B1 B gap-only,43,all,1.0601974268064787,0.9378599841946679,1.0314638964383283,1.0349166136154766,0.9122831368609039,0.9734644291590301,0.9977451993904844,1
B1 B gap-only,44,all,0.9646131337587628,0.9530262424304612,1.2921338485359655,0.8694079707753688,0.9061135603437966,1.0012186675313741,1.0218096275667687,1
B1 B no-mask,42,all,1.0180314279173284,0.9409389147825391,0.9267849195417908,1.0584493837267661,1.1449434904315576,1.057265529796379,1.0035743253820022,1
B1 B no-mask,43,all,0.9954815445458073,0.9869848329657732,1.0799869916965583,1.004941153924908,1.0623682270851282,1.0086668279338653,1.0223203274844643,1
B1 B no-mask,44,all,0.935233933703693,1.0134744198374688,1.0106628294496738,0.8860613638813353,0.9602158576024703,0.9730727292654072,0.9708991463034314,1
B1 gated 0.20,42,all,0.9241128211944301,0.961826176094107,0.9776297804938006,1.005348115277542,1.038915973961642,1.2223315536905828,0.9993036887216048,1
B1 gated 0.20,43,all,1.0910853240457405,1.0233179899564948,1.2137810924685444,0.9781337972651496,1.1556288688215615,1.1351738705786643,1.1028117055118818,1
B1 gated 0.20,44,all,0.9787082813566657,0.9553890407141419,0.9752067711812084,0.976315860409523,1.1195471783838555,1.0794467664120675,0.999324221301053,1
B1 joint two-stage,42,all,1.0907922402654695,1.0507431101974818,1.0974090243453505,1.209914939028183,1.1013630048384326,1.0769700016168757,1.0962374105666772,1
B1 joint two-stage,43,all,1.2242739921818067,1.0353222636352317,0.9982740645228,1.083962125221663,3.1254330365242113,1.0055332659067024,1.3034076742591394,1
B1 joint two-stage,44,all,1.199621740965779,0.9422540748415494,0.9250437569001919,0.8990005790614806,1.1589346023532026,1.0470446499784778,1.0265354418675778,1
Forward Direct B,42,all,1.0574010967828935,1.2129348564706612,1.4878140767321324,1.180193361615275,1.4546377285580279,1.6949334724156746,1.316229402506706,1
Forward Direct B,43,all,0.9314854062160198,1.2323738545766896,1.3319311394552114,1.3717760999225368,1.1821478041083162,1.3156185813706756,1.2067914762108187,1
Forward Direct B,44,all,1.182402599170524,1.164735109936154,1.7784975967548546,1.2637103379046297,1.2208846485104126,2.0201733145721934,1.4173376569678113,1
Forward Joint gated,42,all,1.1019472266249044,1.381163383771616,1.5462287808961843,1.1488499582265101,2.0053101765327708,1.1667703815610129,1.375512144322856,1
Forward Joint gated,43,all,1.2609372038810949,1.103189144470312,1.675106948187527,1.2230094344568079,1.7235315380065024,1.4362118833277022,1.384579938763209,1
Forward Joint gated,44,all,1.2839029680350555,1.0382236210806006,1.4221889304568522,1.072291068695278,1.74325951662458,1.543654592052375,1.3164262462796943,1
Forward Separate,42,all,1.052251438739825,1.04271912376545,1.2943396838887085,1.087790113010795,1.0982897988222358,1.136375226843198,1.122341736829355,1
Forward Separate,43,all,0.9526920458252827,1.053498615984343,1.295193843767931,1.0142406012162493,1.0786973174517507,1.0768109682311062,1.0858353220060244,1
Forward Separate,44,all,0.9746518698435317,0.9585747598885773,1.487868229555935,0.95012836306974,1.0799046705513642,1.7206572582873776,1.176986667831619,1
B1 B gap-only,42,all,0.8896756362294942,0.8459144649892778,0.9325318957930552,0.9653735314035102,1.1970892873535748,0.6186699452332259,0.9019307508904405,2
B1 B gap-only,43,all,0.9906519206713619,0.8870051154017856,0.948748300356124,0.8699559658062023,0.8920667028608709,0.687443997557128,0.9002530376758605,2
B1 B gap-only,44,all,0.9151799958796387,0.9184948463877971,1.2108760315187672,0.7487803049533392,0.8708289360611046,0.7146829849869157,0.9359326637304183,2
B1 B no-mask,42,all,0.9687335321801624,0.8696407772788803,0.8239138387683198,0.9684024256749388,1.1565980201998645,0.6902700384391534,0.9044274200854091,2
B1 B no-mask,43,all,0.8984210384271263,0.9311556765703356,0.9895496769903706,0.8901665402097907,1.076917544664473,0.7180065879363563,0.9248159396429205,2
B1 B no-mask,44,all,0.8922502394832243,0.9712158721109504,0.9184441154578099,0.78155236964833,0.9674572749280281,0.6909878080871279,0.8893131007519395,2
B1 gated 0.20,42,all,0.8253532300588181,0.9403309305931687,0.8675188211296784,0.888125347990668,1.075054436012269,0.8400542157324247,0.8966266625887437,2
B1 gated 0.20,43,all,1.0389146348483944,0.9458758885812715,1.0913911354002137,0.8472153658309037,1.1021559497948301,0.7692808305618187,0.9856683848719234,2
B1 gated 0.20,44,all,0.8804401388385942,0.901311180764225,0.8553693883529736,0.8667263246144066,1.054046736149537,0.7544186923728821,0.88327035211649,2
B1 joint two-stage,42,all,1.0550515153468212,1.0554944505179258,0.9527212653885806,1.1838109763348035,1.1629520067155477,0.737764542660861,1.0234513320242073,2
B1 joint two-stage,43,all,1.1166362383035169,0.990541134968803,0.8848921512968777,0.9706174098185144,2.865727799662746,0.7366815100110331,1.1730184187367432,2
B1 joint two-stage,44,all,1.14666428343452,0.9241451991117604,0.7709319423300295,0.7986247756043101,1.1912535148849663,0.7292771272294266,0.9336264741634803,2
Forward Direct B,42,all,1.0020354171904398,1.1356947730440892,1.453733603798281,1.1304736144153427,1.478692559676334,1.1314912024438453,1.2137316627334602,2
Forward Direct B,43,all,0.89368309340957,1.130158463048868,1.2248368502154992,1.2523201095323366,1.1847329877934716,0.841689431774506,1.086233260272021,2
Forward Direct B,44,all,1.0948239718174635,1.1223934540049811,1.6550144749613045,1.1493056318933603,1.2271755167913632,1.4636159543903646,1.2871734338491763,2
Forward Joint gated,42,all,1.0394209944994122,1.275079377126595,1.401749811104475,1.1341538968977325,1.773727723933863,0.7378769091609099,1.2309176550503855,2
Forward Joint gated,43,all,1.1401933297974618,1.0457259909731853,1.483258339485264,1.1746817713268953,1.4375528350611044,0.9515006587389593,1.211343398404309,2
Forward Joint gated,44,all,1.246630732838433,1.0278979873301495,1.3535661003470743,1.0213933039969392,1.6524587239303585,1.0032214350715816,1.2148070115589105,2
Forward Separate,42,all,0.97815465666592,0.996947224924726,1.221705842044464,0.9750921645436665,1.023172196078836,0.7700945199336334,1.017997147536262,2
Forward Separate,43,all,0.8933028513712639,0.9762683653663328,1.1710099390951614,0.8936257479960938,0.9545486314376902,0.8235564873080032,0.9725436864897004,2
Forward Separate,44,all,0.9056025970033441,0.898183158023912,1.3361584017675705,0.8621941696850234,1.0099643619959295,1.2880288956297667,1.0488973045444858,2
B1 B gap-only,42,all,0.8722034041906513,0.8430384397170303,0.9194048399296135,0.9697183536027294,1.1773533343314682,0.5831545412730347,0.8888355107646471,3
B1 B gap-only,43,all,0.968417730731935,0.896393187413456,0.9239269327388104,0.7952364603374239,0.8496444272188455,0.6401727821383902,0.873614374607007,3
B1 B gap-only,44,all,0.9324353210685736,0.963552848330832,1.2073392423488323,0.747607515719695,0.824823189039362,0.6777992781697564,0.9396538673805878,3
B1 B no-mask,42,all,0.9596843937760594,0.888541604734821,0.7861761075144768,0.9748578663157247,1.1059428421694453,0.6009612169538285,0.8833962374988569,3
B1 B no-mask,43,all,0.8490751753160916,0.9142099506586782,0.9622053813884494,0.8681192705608657,1.0260702005091789,0.665592360587087,0.8900847607092854,3
B1 B no-mask,44,all,0.9011572759790231,1.009974906227572,0.8747271221851421,0.8139848886452771,0.9368668102459404,0.6695156367363501,0.8880095493790047,3
B1 gated 0.20,42,all,0.798673113449184,0.9731020784042337,0.818478750288808,0.8842079623700616,1.0918516299755028,0.7336295439580062,0.8766885578431136,3
B1 gated 0.20,43,all,1.0228212489168444,0.9275710946617152,1.0328393090688426,0.777522304325621,1.089012258146171,0.6965011138761614,0.9477221090714174,3
B1 gated 0.20,44,all,0.8578528601463224,0.9183054581432238,0.7961938600211252,0.8355838801996567,1.0577614323906244,0.6926569742733404,0.8589674048316627,3
B1 joint two-stage,42,all,1.075986998889059,1.1514472658939328,0.8830858425026427,1.2386732853565567,1.1599087920961992,0.6678873467637997,1.0319455154208694,3
B1 joint two-stage,43,all,1.0909655715913997,1.0045457129284738,0.8656173337532215,1.048980787395615,2.7103229611413986,0.7439781936164629,1.1583932420777407,3
B1 joint two-stage,44,all,1.2049966612798289,0.9659384657125047,0.6953585027589074,0.7863966404949148,1.1563780719207868,0.7091247519115695,0.9316096359810836,3
Forward Direct B,42,all,0.9690161462926556,1.1162807590074821,1.507245426404945,1.1223538103565422,1.4809291185877367,0.9654809843818953,1.1948720640818153,3
Forward Direct B,43,all,0.8850751179637075,1.0722167519243668,1.209859575452689,1.1787372300274253,1.1879044982656053,0.6860637884229401,1.0430009341552777,3
Forward Direct B,44,all,1.0050513467932995,1.1174720000980116,1.637280445454881,1.09182623017113,1.2343487642928879,1.3239107892069801,1.2410770409292649,3
Forward Joint gated,42,all,1.027302626698384,1.2840868590450756,1.4512261854675172,1.1502198562159744,1.7939572353882702,0.673263839108571,1.2380746970149743,3
Forward Joint gated,43,all,1.1004173321351332,1.0379137565607912,1.478109024518034,1.161554025291211,1.4698184090594144,0.8365488793401784,1.18897794890208,3
Forward Joint gated,44,all,1.253111486439143,1.0464268782271196,1.4332800302132422,1.0124771607703094,1.5309018042806968,0.9322513950597245,1.215696349985527,3
Forward Separate,42,all,0.9777566140417642,0.9868744119861791,1.2320182823786139,0.9915413034585142,0.9839454622526959,0.6932652097349952,1.0068945102510356,3
Forward Separate,43,all,0.8961983280698799,0.9411153120546157,1.151819871986314,0.8947389256753153,0.8739076563111765,0.8482382198253217,0.9550168695592701,3
Forward Separate,44,all,0.8825043973347243,0.8907509887206407,1.2673525078202783,0.8942764968008355,0.9710836828584112,1.1393275677809027,1.009544837243493,3
