candidate,seed,target,season,geography,horizon,wis,scaled_wis,covered_50,covered_80,covered_90,covered_95
direct,42,wk inc covid hosp,2025-2026,US,0,640.5414462568175,0.023516297054127205,0.2641509433962264,0.5660377358490566,0.6037735849056604,0.7169811320754716
direct,42,wk inc covid hosp,2025-2026,US,1,826.3598665713307,0.03033827742055107,0.28846153846153844,0.38461538461538464,0.5192307692307693,0.5769230769230769
direct,42,wk inc covid hosp,2025-2026,US,2,1016.8561343740217,0.03733199632434632,0.1568627450980392,0.3137254901960784,0.37254901960784315,0.45098039215686275
direct,42,wk inc covid hosp,2025-2026,US,3,1141.6313876661218,0.041912889471180305,0.16,0.32,0.38,0.54
direct,42,wk inc covid hosp,2025-2026,states_dc,0,16.298507108002653,0.03273643828282584,0.30484646688864225,0.5390307066222716,0.6518682944876064,0.7240103588605253
direct,42,wk inc covid hosp,2025-2026,states_dc,1,19.013620526529095,0.0371989002800793,0.27828054298642535,0.5098039215686274,0.6161387631975868,0.6843891402714932
direct,42,wk inc covid hosp,2025-2026,states_dc,2,22.344628280537826,0.042168932676350045,0.26412918108419836,0.47673971549404076,0.5809304113802384,0.6528258362168397
direct,42,wk inc covid hosp,2025-2026,states_dc,3,25.24538830611384,0.04656803542184513,0.2654901960784314,0.45529411764705885,0.5466666666666666,0.6184313725490196
direct,42,wk inc covid prop ed visits,2025-2026,US,0,0.0008908328429276852,0.03418391561046293,0.32075471698113206,0.5283018867924528,0.6037735849056604,0.6792452830188679
direct,42,wk inc covid prop ed visits,2025-2026,US,1,0.0012194702347647476,0.0467947134253261,0.1346153846153846,0.28846153846153844,0.40384615384615385,0.40384615384615385
direct,42,wk inc covid prop ed visits,2025-2026,US,2,0.0014556309656562198,0.05585690568663528,0.0784313725490196,0.19607843137254902,0.23529411764705882,0.2549019607843137
direct,42,wk inc covid prop ed visits,2025-2026,US,3,0.0016206307868544092,0.062188441404429036,0.1,0.16,0.18,0.18
direct,42,wk inc covid prop ed visits,2025-2026,states_dc,0,0.0010691492713868836,0.035884699786874925,0.27450980392156865,0.4816870144284129,0.5775064742878283,0.6477987421383647
direct,42,wk inc covid prop ed visits,2025-2026,states_dc,1,0.0013371553151278637,0.044768131788096584,0.22473604826546004,0.4030920060331825,0.4924585218702866,0.5569381598793364
direct,42,wk inc covid prop ed visits,2025-2026,states_dc,2,0.0015657500550170446,0.052389649477890536,0.1987697039600154,0.3571703191080354,0.4398308342945021,0.49519415609381007
direct,42,wk inc covid prop ed visits,2025-2026,states_dc,3,0.0017588382600016864,0.058842979444965735,0.1772549019607843,0.32745098039215687,0.40705882352941175,0.4682352941176471
direct,42,wk inc flu hosp,2025-2026,US,0,871.3288711255402,0.02285932682057312,0.6530612244897959,0.8571428571428571,0.9387755102040817,0.9387755102040817
direct,42,wk inc flu hosp,2025-2026,US,1,1661.889444999695,0.043599696075530804,0.5833333333333334,0.7916666666666666,0.875,0.8958333333333334
direct,42,wk inc flu hosp,2025-2026,US,2,2215.5398166830823,0.058124722400314265,0.46808510638297873,0.7446808510638298,0.7872340425531915,0.851063829787234
direct,42,wk inc flu hosp,2025-2026,US,3,2551.470463486439,0.06693786827301432,0.2391304347826087,0.6086956521739131,0.7608695652173914,0.782608695652174
direct,42,wk inc flu hosp,2025-2026,states_dc,0,22.45413075109571,0.037524163475318346,0.4009603841536615,0.6470588235294118,0.7406962785114045,0.782312925170068
direct,42,wk inc flu hosp,2025-2026,states_dc,1,38.11591281275751,0.06047642600364314,0.36887254901960786,0.5964052287581699,0.6879084967320261,0.7410130718954249
direct,42,wk inc flu hosp,2025-2026,states_dc,2,50.13692752184527,0.078383745931379,0.3283270755110555,0.5548602419691281,0.6545682102628285,0.7129745515227367
direct,42,wk inc flu hosp,2025-2026,states_dc,3,58.31491028899177,0.09120112243922505,0.29454390451832907,0.5196078431372549,0.618925831202046,0.685848252344416
direct,42,wk inc flu prop ed visits,2025-2026,US,0,0.0019552959714823643,0.03510406844101776,0.4489795918367347,0.8163265306122449,0.8775510204081632,0.8979591836734694
direct,42,wk inc flu prop ed visits,2025-2026,US,1,0.0036945519893107712,0.06632950089563124,0.22916666666666666,0.625,0.7916666666666666,0.8541666666666666
direct,42,wk inc flu prop ed visits,2025-2026,US,2,0.0052383288987920855,0.0940454329481122,0.19148936170212766,0.44680851063829785,0.6808510638297872,0.7872340425531915
direct,42,wk inc flu prop ed visits,2025-2026,US,3,0.00612062150683225,0.10988552086798102,0.21739130434782608,0.391304347826087,0.5652173913043478,0.6956521739130435
direct,42,wk inc flu prop ed visits,2025-2026,states_dc,0,0.0029273750722746015,0.04967762827097706,0.3825530212084834,0.6278511404561825,0.7322929171668667,0.7959183673469388
direct,42,wk inc flu prop ed visits,2025-2026,states_dc,1,0.004522327646052748,0.07604867658740741,0.306781045751634,0.5453431372549019,0.6568627450980392,0.7271241830065359
direct,42,wk inc flu prop ed visits,2025-2026,states_dc,2,0.005922990918916747,0.09937869591916115,0.27325823946599914,0.4793491864831039,0.5932415519399249,0.6775135586149353
direct,42,wk inc flu prop ed visits,2025-2026,states_dc,3,0.006875439105712277,0.11556572500028542,0.2421142369991475,0.45225916453537934,0.5579710144927537,0.6325660699062233
direct,42,wk inc rsv hosp,2025-2026,US,0,318.98606752935444,0.03369808446327429,0.37735849056603776,0.660377358490566,0.7169811320754716,0.7735849056603774
direct,42,wk inc rsv hosp,2025-2026,US,1,508.3063170560945,0.05369811082358911,0.3076923076923077,0.5576923076923077,0.5961538461538461,0.6730769230769231
direct,42,wk inc rsv hosp,2025-2026,US,2,697.5448216796835,0.07368950155078002,0.27450980392156865,0.49019607843137253,0.5882352941176471,0.6078431372549019
direct,42,wk inc rsv hosp,2025-2026,US,3,893.1636478416443,0.09435491737181959,0.28,0.4,0.56,0.6
direct,42,wk inc rsv hosp,2025-2026,states_dc,0,9.469277240105406,0.05227990780968506,0.2619311875693674,0.44580096189419166,0.5305216426193119,0.5893451720310766
direct,42,wk inc rsv hosp,2025-2026,states_dc,1,12.708994779346504,0.06548648030543734,0.20927601809954752,0.3978129713423831,0.5007541478129713,0.5622171945701357
direct,42,wk inc rsv hosp,2025-2026,states_dc,2,16.529793660785646,0.08189296941784979,0.1780084582852749,0.3460207612456747,0.44367550941945405,0.5086505190311419
direct,42,wk inc rsv hosp,2025-2026,states_dc,3,20.904726267433254,0.10097705411023916,0.15098039215686274,0.2937254901960784,0.3737254901960784,0.4384313725490196
direct,42,wk inc rsv prop ed visits,2025-2026,US,0,0.0003750339270935999,0.03906603221671302,0.4339622641509434,0.6415094339622641,0.7547169811320755,0.8301886792452831
direct,42,wk inc rsv prop ed visits,2025-2026,US,1,0.0004141660879043268,0.04314229877421815,0.4230769230769231,0.75,0.8461538461538461,0.8846153846153846
direct,42,wk inc rsv prop ed visits,2025-2026,US,2,0.00045184371473638927,0.0470670513828089,0.45098039215686275,0.7843137254901961,0.803921568627451,0.8823529411764706
direct,42,wk inc rsv prop ed visits,2025-2026,US,3,0.0004889932999995084,0.05093679966391397,0.52,0.76,0.82,0.88
direct,42,wk inc rsv prop ed visits,2025-2026,states_dc,0,0.0005988184034765899,0.05195509504370407,0.3218645948945616,0.5479097299297078,0.6548279689234184,0.7143914169441361
direct,42,wk inc rsv prop ed visits,2025-2026,states_dc,1,0.0006312063349135343,0.05466471480032365,0.35671191553544496,0.6014328808446455,0.7058823529411765,0.7586726998491704
direct,42,wk inc rsv prop ed visits,2025-2026,states_dc,2,0.0006772690448804075,0.05849407709840575,0.3748558246828143,0.6312956555171088,0.7243367935409458,0.7750865051903114
direct,42,wk inc rsv prop ed visits,2025-2026,states_dc,3,0.0007227952719911618,0.06219862732548061,0.3870588235294118,0.6337254901960784,0.7341176470588235,0.787843137254902
direct,43,wk inc covid hosp,2025-2026,US,0,757.2900343579362,0.02780250600201014,0.2830188679245283,0.49056603773584906,0.5660377358490566,0.6226415094339622
direct,43,wk inc covid hosp,2025-2026,US,1,979.5235322785138,0.03596139873723951,0.2692307692307692,0.46153846153846156,0.5192307692307693,0.5576923076923077
direct,43,wk inc covid hosp,2025-2026,US,2,1207.337377112243,0.044325163610628916,0.21568627450980393,0.37254901960784315,0.4117647058823529,0.5294117647058824
direct,43,wk inc covid hosp,2025-2026,US,3,1328.8907272376018,0.04878777052884884,0.24,0.32,0.38,0.46
direct,43,wk inc covid hosp,2025-2026,states_dc,0,17.199651457939904,0.03366209051376225,0.341842397336293,0.58157602663707,0.6899741028486867,0.7517573066962634
direct,43,wk inc covid hosp,2025-2026,states_dc,1,20.13592263687243,0.038458330997937426,0.3190045248868778,0.5622171945701357,0.6621417797888386,0.7273755656108597
direct,43,wk inc covid hosp,2025-2026,states_dc,2,23.2738367187877,0.043130057643814945,0.3094963475586313,0.5397923875432526,0.6432141484044598,0.7062668204536716
direct,43,wk inc covid hosp,2025-2026,states_dc,3,25.313572233905834,0.04614760263622413,0.2901960784313726,0.5172549019607843,0.6133333333333333,0.6843137254901961
direct,43,wk inc covid prop ed visits,2025-2026,US,0,0.0009914479795065988,0.03804481877007847,0.4528301886792453,0.660377358490566,0.7358490566037735,0.7547169811320755
direct,43,wk inc covid prop ed visits,2025-2026,US,1,0.001329197704485021,0.05100528401086965,0.17307692307692307,0.36538461538461536,0.5769230769230769,0.6346153846153846
direct,43,wk inc covid prop ed visits,2025-2026,US,2,0.0016618924443428393,0.06377177438179975,0.0784313725490196,0.13725490196078433,0.29411764705882354,0.4117647058823529
direct,43,wk inc covid prop ed visits,2025-2026,US,3,0.001898128121550721,0.07283684255700884,0.08,0.1,0.18,0.26
direct,43,wk inc covid prop ed visits,2025-2026,states_dc,0,0.0011596155631864568,0.03887996400040976,0.3196448390677026,0.5549389567147613,0.6403995560488346,0.6944136145024047
direct,43,wk inc covid prop ed visits,2025-2026,states_dc,1,0.0014439304687004035,0.04837525319954522,0.251131221719457,0.4581447963800905,0.5580693815987934,0.6191553544494721
direct,43,wk inc covid prop ed visits,2025-2026,states_dc,2,0.0017047857016544113,0.05716050233934946,0.20838139177239523,0.37985390234525185,0.47635524798154555,0.5436370626682046
direct,43,wk inc covid prop ed visits,2025-2026,states_dc,3,0.0019062454935244917,0.06394769937324614,0.1815686274509804,0.35019607843137257,0.44666666666666666,0.5113725490196078
direct,43,wk inc flu hosp,2025-2026,US,0,754.5801307866418,0.01979642175712712,0.7142857142857143,0.9591836734693877,1.0,1.0
direct,43,wk inc flu hosp,2025-2026,US,1,1407.341141473936,0.03692161727573008,0.5208333333333334,0.9166666666666666,0.9375,0.9375
direct,43,wk inc flu hosp,2025-2026,US,2,1911.053303099852,0.05013651386377756,0.40425531914893614,0.8085106382978723,0.9148936170212766,0.9361702127659575
direct,43,wk inc flu hosp,2025-2026,US,3,2198.2012002133692,0.05766984352090132,0.43478260869565216,0.717391304347826,0.8478260869565217,0.9130434782608695
direct,43,wk inc flu hosp,2025-2026,states_dc,0,20.679188708466445,0.03457880493634688,0.4913965586234494,0.7346938775510204,0.8063225290116046,0.8363345338135254
direct,43,wk inc flu hosp,2025-2026,states_dc,1,33.71788586644682,0.05436226248164661,0.4562908496732026,0.7001633986928104,0.7847222222222222,0.8186274509803921
direct,43,wk inc flu hosp,2025-2026,states_dc,2,44.389167081601926,0.07106998383756122,0.43763037129745513,0.689194826866917,0.7622027534418022,0.804755944931164
direct,43,wk inc flu hosp,2025-2026,states_dc,3,52.56029202614821,0.08464385789687517,0.41261722080136404,0.670076726342711,0.7493606138107417,0.7953964194373402
direct,43,wk inc flu prop ed visits,2025-2026,US,0,0.002552377371073675,0.04582366620105493,0.46938775510204084,0.6530612244897959,0.7142857142857143,0.8367346938775511
direct,43,wk inc flu prop ed visits,2025-2026,US,1,0.004493585886490452,0.08067481793324764,0.2916666666666667,0.5625,0.625,0.6875
direct,43,wk inc flu prop ed visits,2025-2026,US,2,0.005921050620197028,0.10630255943121902,0.2127659574468085,0.48936170212765956,0.574468085106383,0.6382978723404256
direct,43,wk inc flu prop ed visits,2025-2026,US,3,0.006332625868643431,0.1136917045533961,0.2608695652173913,0.45652173913043476,0.5217391304347826,0.6086956521739131
direct,43,wk inc flu prop ed visits,2025-2026,states_dc,0,0.0034038319640444584,0.0575695331165317,0.3161264505802321,0.5334133653461385,0.636654661864746,0.7026810724289716
direct,43,wk inc flu prop ed visits,2025-2026,states_dc,1,0.005083751722210965,0.08526240291370074,0.2761437908496732,0.49142156862745096,0.5800653594771242,0.6580882352941176
direct,43,wk inc flu prop ed visits,2025-2026,states_dc,2,0.00637527583032334,0.10676645855055386,0.26992073425114727,0.4530663329161452,0.5473508552357113,0.6115978306216103
direct,43,wk inc flu prop ed visits,2025-2026,states_dc,3,0.007111052246702654,0.11944352279312069,0.24722932651321397,0.4398976982097187,0.5370843989769821,0.6052855924978687
direct,43,wk inc rsv hosp,2025-2026,US,0,343.43362261132984,0.036280754554334445,0.4339622641509434,0.6792452830188679,0.8113207547169812,0.9056603773584906
direct,43,wk inc rsv hosp,2025-2026,US,1,501.4099802700413,0.05296957323790844,0.3269230769230769,0.5384615384615384,0.75,0.8269230769230769
direct,43,wk inc rsv hosp,2025-2026,US,2,659.3158226725715,0.06965094260221547,0.3333333333333333,0.5294117647058824,0.7254901960784313,0.7647058823529411
direct,43,wk inc rsv hosp,2025-2026,US,3,797.4404231685804,0.08424259699646951,0.34,0.52,0.68,0.74
direct,43,wk inc rsv hosp,2025-2026,states_dc,0,9.21103889360827,0.05067209712002253,0.28486866444691084,0.49944506104328523,0.5956344802071772,0.6492785793562708
direct,43,wk inc rsv hosp,2025-2026,states_dc,1,11.540372166764742,0.05997969977848944,0.2647058823529412,0.4796380090497738,0.5912518853695324,0.6583710407239819
direct,43,wk inc rsv hosp,2025-2026,states_dc,2,14.012656007113264,0.07107913543532995,0.2491349480968858,0.47520184544405997,0.5813148788927336,0.6420607458669743
direct,43,wk inc rsv hosp,2025-2026,states_dc,3,16.49106608047664,0.0831866520810629,0.2407843137254902,0.4403921568627451,0.547843137254902,0.6192156862745098
direct,43,wk inc rsv prop ed visits,2025-2026,US,0,0.0002828022237520676,0.029458563574967022,0.6415094339622641,0.8490566037735849,0.9245283018867925,0.9245283018867925
direct,43,wk inc rsv prop ed visits,2025-2026,US,1,0.0002966469835700991,0.03090072598751293,0.6538461538461539,0.8653846153846154,0.9038461538461539,0.9230769230769231
direct,43,wk inc rsv prop ed visits,2025-2026,US,2,0.0003178300095337514,0.033107291087253826,0.6078431372549019,0.8431372549019608,0.9215686274509803,0.9411764705882353
direct,43,wk inc rsv prop ed visits,2025-2026,US,3,0.00034895007008036257,0.03634896390688795,0.62,0.86,0.92,0.96
direct,43,wk inc rsv prop ed visits,2025-2026,states_dc,0,0.0005146252110521201,0.04467393137425587,0.3973362930077691,0.6230114687384388,0.7151313355530892,0.7765445800961894
direct,43,wk inc rsv prop ed visits,2025-2026,states_dc,1,0.0005220206490431441,0.04524378343774428,0.4309954751131222,0.6677978883861236,0.7575414781297134,0.8076923076923077
direct,43,wk inc rsv prop ed visits,2025-2026,states_dc,2,0.0005486671144472219,0.04760326644203447,0.4517493271818531,0.6762783544790465,0.76239907727797,0.8189158016147635
direct,43,wk inc rsv prop ed visits,2025-2026,states_dc,3,0.0005824270578696966,0.050704302742009516,0.4372549019607843,0.667843137254902,0.763921568627451,0.8145098039215686
direct,44,wk inc covid hosp,2025-2026,US,0,729.0660775323731,0.026766315515615462,0.3018867924528302,0.5283018867924528,0.6037735849056604,0.7547169811320755
direct,44,wk inc covid hosp,2025-2026,US,1,990.479660355686,0.036363632759614614,0.17307692307692307,0.3269230769230769,0.5192307692307693,0.5961538461538461
direct,44,wk inc covid hosp,2025-2026,US,2,1228.5022271020862,0.045102192017417816,0.19607843137254902,0.3333333333333333,0.43137254901960786,0.49019607843137253
direct,44,wk inc covid hosp,2025-2026,US,3,1390.6063839254628,0.05105354696539871,0.26,0.32,0.38,0.46
direct,44,wk inc covid hosp,2025-2026,states_dc,0,18.029484947776318,0.03586172389127672,0.30077691453940064,0.5297817240103588,0.6422493525712172,0.7136514983351832
direct,44,wk inc covid hosp,2025-2026,states_dc,1,21.419398355780096,0.04097699371882295,0.28808446455505277,0.5131975867269984,0.6187782805429864,0.693815987933635
direct,44,wk inc covid hosp,2025-2026,states_dc,2,25.415037327735213,0.046500991139854814,0.2829680891964629,0.4913494809688581,0.5947712418300654,0.6601307189542484
direct,44,wk inc covid hosp,2025-2026,states_dc,3,28.711278601457877,0.0510501523387232,0.263921568627451,0.46431372549019606,0.5682352941176471,0.6380392156862745
direct,44,wk inc covid prop ed visits,2025-2026,US,0,0.0006603190950577363,0.02533841494578042,0.4716981132075472,0.660377358490566,0.7358490566037735,0.7547169811320755
direct,44,wk inc covid prop ed visits,2025-2026,US,1,0.0009276915717702383,0.03559829507150965,0.28846153846153844,0.46153846153846156,0.5576923076923077,0.6730769230769231
direct,44,wk inc covid prop ed visits,2025-2026,US,2,0.0012622661122446643,0.048436919003918506,0.19607843137254902,0.29411764705882354,0.4117647058823529,0.5098039215686274
direct,44,wk inc covid prop ed visits,2025-2026,US,3,0.0015893912190328473,0.06098968592679079,0.12,0.22,0.3,0.34
direct,44,wk inc covid prop ed visits,2025-2026,states_dc,0,0.001029018455006239,0.03447109398647599,0.31779504254532004,0.5427302996670367,0.6370699223085461,0.7110617832038476
direct,44,wk inc covid prop ed visits,2025-2026,states_dc,1,0.0013154375499964924,0.04409138624992367,0.2647058823529412,0.47322775263951733,0.5599547511312217,0.6353695324283559
direct,44,wk inc covid prop ed visits,2025-2026,states_dc,2,0.00165276321857822,0.055517011288669746,0.22645136485966935,0.39830834294502115,0.48981161091887737,0.5659361783929258
direct,44,wk inc covid prop ed visits,2025-2026,states_dc,3,0.001984179617217573,0.06682849929899226,0.20823529411764705,0.37607843137254904,0.45372549019607844,0.5235294117647059
direct,44,wk inc flu hosp,2025-2026,US,0,1008.5940621070895,0.026460481293605075,0.5918367346938775,0.7959183673469388,0.8775510204081632,0.9183673469387755
direct,44,wk inc flu hosp,2025-2026,US,1,1970.282592823747,0.05169039522363653,0.5416666666666666,0.7083333333333334,0.7916666666666666,0.875
direct,44,wk inc flu hosp,2025-2026,US,2,2583.973529503017,0.06779058672796905,0.574468085106383,0.723404255319149,0.7659574468085106,0.851063829787234
direct,44,wk inc flu hosp,2025-2026,US,3,2779.003774478386,0.07290720831314554,0.43478260869565216,0.6304347826086957,0.782608695652174,0.8043478260869565
direct,44,wk inc flu hosp,2025-2026,states_dc,0,24.10118372874228,0.03997292752463821,0.30732292917166865,0.5374149659863946,0.6430572228891557,0.7102841136454582
direct,44,wk inc flu hosp,2025-2026,states_dc,1,41.914873070134675,0.06574379206892052,0.2949346405228758,0.5183823529411765,0.6131535947712419,0.681781045751634
direct,44,wk inc flu hosp,2025-2026,states_dc,2,53.45945501556525,0.08281249315786131,0.3045473508552357,0.523988318731748,0.624947851481018,0.690863579474343
direct,44,wk inc flu hosp,2025-2026,states_dc,3,58.41115190401562,0.0911985029588768,0.3132992327365729,0.5473145780051151,0.6427962489343564,0.7054560954816709
direct,44,wk inc flu prop ed visits,2025-2026,US,0,0.002682451884018587,0.048158936498465976,0.3673469387755102,0.6530612244897959,0.7142857142857143,0.7551020408163265
direct,44,wk inc flu prop ed visits,2025-2026,US,1,0.004603895434651138,0.08265524134985948,0.20833333333333334,0.4375,0.5833333333333334,0.625
direct,44,wk inc flu prop ed visits,2025-2026,US,2,0.005927955661671496,0.10642652790046513,0.2127659574468085,0.3617021276595745,0.48936170212765956,0.5106382978723404
direct,44,wk inc flu prop ed visits,2025-2026,US,3,0.006451375495033609,0.11582365545645339,0.1956521739130435,0.32608695652173914,0.391304347826087,0.5217391304347826
direct,44,wk inc flu prop ed visits,2025-2026,states_dc,0,0.003145302617738124,0.05292979371871331,0.38495398159263705,0.5946378551420568,0.6814725890356143,0.7266906762705082
direct,44,wk inc flu prop ed visits,2025-2026,states_dc,1,0.004635956884852606,0.07742645649107337,0.30106209150326796,0.5187908496732027,0.6090686274509803,0.6809640522875817
direct,44,wk inc flu prop ed visits,2025-2026,states_dc,2,0.005886774056329801,0.09817770174152214,0.2786816854401335,0.48018356278681684,0.5657071339173968,0.6420525657071339
direct,44,wk inc flu prop ed visits,2025-2026,states_dc,3,0.006711606047425525,0.11231739971828984,0.26044330775788577,0.45652173913043476,0.5524296675191815,0.6248934356351236
direct,44,wk inc rsv hosp,2025-2026,US,0,500.6863003023694,0.05289312278706628,0.22641509433962265,0.4339622641509434,0.5660377358490566,0.6037735849056604
direct,44,wk inc rsv hosp,2025-2026,US,1,711.7803883371066,0.07519336449789844,0.17307692307692307,0.34615384615384615,0.4807692307692308,0.5769230769230769
direct,44,wk inc rsv hosp,2025-2026,US,2,910.5545174390398,0.09619211044147895,0.1568627450980392,0.3137254901960784,0.4117647058823529,0.5098039215686274
direct,44,wk inc rsv hosp,2025-2026,US,3,1085.7730860305453,0.11470241770869909,0.16,0.36,0.4,0.46
direct,44,wk inc rsv hosp,2025-2026,states_dc,0,11.295744344956518,0.05913161107775095,0.23122456529781724,0.4117647058823529,0.5038845726970034,0.5638179800221975
direct,44,wk inc rsv hosp,2025-2026,states_dc,1,14.849021027642848,0.07320276034520634,0.19343891402714933,0.36689291101055804,0.46568627450980393,0.5290346907993967
direct,44,wk inc rsv hosp,2025-2026,states_dc,2,18.65811699995669,0.08929487582220187,0.1787773933102653,0.32141484044598234,0.40984236831987697,0.48366013071895425
direct,44,wk inc rsv hosp,2025-2026,states_dc,3,22.46273206867393,0.10589583083106527,0.1568627450980392,0.28627450980392155,0.3658823529411765,0.427843137254902
direct,44,wk inc rsv prop ed visits,2025-2026,US,0,0.00038473352686302397,0.040076407144704465,0.39622641509433965,0.6037735849056604,0.7358490566037735,0.8301886792452831
direct,44,wk inc rsv prop ed visits,2025-2026,US,1,0.00048427501341101497,0.050445311500957,0.36538461538461536,0.5961538461538461,0.6923076923076923,0.75
direct,44,wk inc rsv prop ed visits,2025-2026,US,2,0.0005856057685964061,0.06100059799808604,0.43137254901960786,0.5686274509803921,0.6862745098039216,0.7058823529411765
direct,44,wk inc rsv prop ed visits,2025-2026,US,3,0.0006569185978897503,0.06842901736331174,0.42,0.56,0.64,0.7
direct,44,wk inc rsv prop ed visits,2025-2026,states_dc,0,0.0006323760538196595,0.054557025201609946,0.30632630410654826,0.4968553459119497,0.6008139104698483,0.6629670736219015
direct,44,wk inc rsv prop ed visits,2025-2026,states_dc,1,0.0007028555746780527,0.06053427811522274,0.3046757164404223,0.5094268476621417,0.6055806938159879,0.668552036199095
direct,44,wk inc rsv prop ed visits,2025-2026,states_dc,2,0.0007844428935485999,0.0674030894312867,0.2952710495963091,0.4986543637062668,0.5936178392925798,0.6593617839292579
direct,44,wk inc rsv prop ed visits,2025-2026,states_dc,3,0.0008491348853417383,0.07305576644915517,0.2819607843137255,0.49137254901960786,0.5882352941176471,0.652156862745098
joint,42,wk inc covid hosp,2025-2026,US,0,774.1107378224099,0.028420047086418525,0.09433962264150944,0.20754716981132076,0.32075471698113206,0.39622641509433965
joint,42,wk inc covid hosp,2025-2026,US,1,1091.055332235381,0.040056082936200145,0.057692307692307696,0.15384615384615385,0.23076923076923078,0.3076923076923077
joint,42,wk inc covid hosp,2025-2026,US,2,1367.6507316111947,0.0502107725562668,0.0392156862745098,0.13725490196078433,0.17647058823529413,0.21568627450980393
joint,42,wk inc covid hosp,2025-2026,US,3,1616.060127789572,0.05933066508735048,0.06,0.08,0.12,0.24
joint,42,wk inc covid hosp,2025-2026,states_dc,0,18.92644105855506,0.03704992636539024,0.2800591934887162,0.4953755086940437,0.608583055863855,0.680725120236774
joint,42,wk inc covid hosp,2025-2026,states_dc,1,24.03555856235904,0.044146729663272585,0.23868778280542988,0.4419306184012066,0.5656108597285068,0.6402714932126696
joint,42,wk inc covid hosp,2025-2026,states_dc,2,28.156451866852617,0.05007869168932145,0.23183391003460208,0.43675509419454056,0.5371011149557863,0.6143790849673203
joint,42,wk inc covid hosp,2025-2026,states_dc,3,32.44249199495804,0.05636487265271431,0.22862745098039217,0.41568627450980394,0.5101960784313726,0.5835294117647059
joint,42,wk inc covid prop ed visits,2025-2026,US,0,0.001416851868638574,0.054368835965783326,0.018867924528301886,0.20754716981132076,0.24528301886792453,0.33962264150943394
joint,42,wk inc covid prop ed visits,2025-2026,US,1,0.0017830457117879238,0.06842078693578661,0.057692307692307696,0.17307692307692307,0.21153846153846154,0.2692307692307692
joint,42,wk inc covid prop ed visits,2025-2026,US,2,0.0019658893320982592,0.07543704249508845,0.13725490196078433,0.17647058823529413,0.21568627450980393,0.27450980392156865
joint,42,wk inc covid prop ed visits,2025-2026,US,3,0.002163458675709958,0.08301836801856279,0.08,0.18,0.22,0.24
joint,42,wk inc covid prop ed visits,2025-2026,states_dc,0,0.0014752178362397567,0.049644488960518984,0.1994080651128376,0.35331113577506473,0.43581206067332595,0.5005549389567148
joint,42,wk inc covid prop ed visits,2025-2026,states_dc,1,0.0017796627397329609,0.05986116214967721,0.16930618401206637,0.30279034690799395,0.3717948717948718,0.43024132730015086
joint,42,wk inc covid prop ed visits,2025-2026,states_dc,2,0.0020172837421326183,0.06781686841937826,0.1518646674356017,0.2779700115340254,0.3602460592079969,0.41753171856978083
joint,42,wk inc covid prop ed visits,2025-2026,states_dc,3,0.0022822116227786435,0.07675990118816219,0.15137254901960784,0.26745098039215687,0.3325490196078431,0.3854901960784314
joint,42,wk inc flu hosp,2025-2026,US,0,1047.4634632666384,0.027480220652497583,0.5102040816326531,0.8163265306122449,0.8775510204081632,0.8979591836734694
joint,42,wk inc flu hosp,2025-2026,US,1,1798.6316750408948,0.04718713065995813,0.3958333333333333,0.625,0.7916666666666666,0.875
joint,42,wk inc flu hosp,2025-2026,US,2,2414.6988972171075,0.06334966405217443,0.3404255319148936,0.6170212765957447,0.6808510638297872,0.7446808510638298
joint,42,wk inc flu hosp,2025-2026,US,3,2887.2614082135956,0.0757473490595188,0.30434782608695654,0.4782608695652174,0.6086956521739131,0.6956521739130435
joint,42,wk inc flu hosp,2025-2026,states_dc,0,25.668515555397562,0.041404115906112475,0.40496198479391754,0.6530612244897959,0.7478991596638656,0.8007202881152461
joint,42,wk inc flu hosp,2025-2026,states_dc,1,41.30887807499634,0.06478475349082186,0.3415032679738562,0.5947712418300654,0.6834150326797386,0.7516339869281046
joint,42,wk inc flu hosp,2025-2026,states_dc,2,54.42728724529535,0.08414282520422632,0.311639549436796,0.5456821026282853,0.6462244472256988,0.722569879015436
joint,42,wk inc flu hosp,2025-2026,states_dc,3,64.48876750068443,0.09898753735170979,0.2949701619778346,0.5183290707587382,0.6223358908780904,0.7033248081841432
joint,42,wk inc flu prop ed visits,2025-2026,US,0,0.0016669224722690205,0.029926804640240633,0.42857142857142855,0.7551020408163265,0.8979591836734694,0.9183673469387755
joint,42,wk inc flu prop ed visits,2025-2026,US,1,0.003621339379824876,0.06501509095891463,0.25,0.6041666666666666,0.7291666666666666,0.7916666666666666
joint,42,wk inc flu prop ed visits,2025-2026,US,2,0.005153138317493204,0.09251597856368017,0.1276595744680851,0.425531914893617,0.6382978723404256,0.7446808510638298
joint,42,wk inc flu prop ed visits,2025-2026,US,3,0.006134120581229481,0.11012787416816788,0.13043478260869565,0.391304347826087,0.5217391304347826,0.6304347826086957
joint,42,wk inc flu prop ed visits,2025-2026,states_dc,0,0.0026373015382848016,0.044524672833737365,0.38015206082432973,0.6146458583433373,0.7318927571028412,0.7899159663865546
joint,42,wk inc flu prop ed visits,2025-2026,states_dc,1,0.00445052945199436,0.07451874189073467,0.2908496732026144,0.5102124183006536,0.6225490196078431,0.6911764705882353
joint,42,wk inc flu prop ed visits,2025-2026,states_dc,2,0.006018941377488182,0.10085258868266844,0.2486441385064664,0.4330413016270338,0.5477680433875678,0.6182728410513142
joint,42,wk inc flu prop ed visits,2025-2026,states_dc,3,0.007123797497097877,0.1196649060236651,0.22335890878090367,0.40238704177323104,0.5051150895140665,0.5788576300085252
joint,42,wk inc rsv hosp,2025-2026,US,0,383.99487294191607,0.04056569543016227,0.49056603773584906,0.5849056603773585,0.7169811320754716,0.7924528301886793
joint,42,wk inc rsv hosp,2025-2026,US,1,626.624765007759,0.06619741865706306,0.3076923076923077,0.5769230769230769,0.6538461538461539,0.7115384615384616
joint,42,wk inc rsv hosp,2025-2026,US,2,753.4250641152071,0.07959275978398554,0.27450980392156865,0.45098039215686275,0.6078431372549019,0.7058823529411765
joint,42,wk inc rsv hosp,2025-2026,US,3,950.1385852272366,0.10037382053953481,0.16,0.3,0.42,0.5
joint,42,wk inc rsv hosp,2025-2026,states_dc,0,8.698623976712174,0.048488733898751364,0.342582315945246,0.5556788753237144,0.6311505734369219,0.683684794672586
joint,42,wk inc rsv hosp,2025-2026,states_dc,1,12.965259530238365,0.06567317199141233,0.24849170437405732,0.4645550527903469,0.5599547511312217,0.6206636500754148
joint,42,wk inc rsv hosp,2025-2026,states_dc,2,15.645494411142803,0.07750626852064649,0.21568627450980393,0.41214917339484813,0.5132641291810842,0.5743944636678201
joint,42,wk inc rsv hosp,2025-2026,states_dc,3,19.65058215259719,0.09492333263955999,0.16941176470588235,0.323921568627451,0.4286274509803922,0.5074509803921569
joint,42,wk inc rsv prop ed visits,2025-2026,US,0,0.00020771087051254624,0.021636547984042683,0.5471698113207547,0.8679245283018868,0.9245283018867925,0.9245283018867925
joint,42,wk inc rsv prop ed visits,2025-2026,US,1,0.0002490850932743062,0.025946362650354136,0.5192307692307693,0.8269230769230769,0.9038461538461539,0.9423076923076923
joint,42,wk inc rsv prop ed visits,2025-2026,US,2,0.0002720069113821276,0.02833405192317637,0.45098039215686275,0.7254901960784313,0.7647058823529411,0.9607843137254902
joint,42,wk inc rsv prop ed visits,2025-2026,US,3,0.0003036753999040229,0.03163285265418918,0.48,0.68,0.82,0.92
joint,42,wk inc rsv prop ed visits,2025-2026,states_dc,0,0.0004428576911854609,0.03805976155064822,0.36330003699593044,0.5985941546429893,0.6859045504994451,0.7491675915649278
joint,42,wk inc rsv prop ed visits,2025-2026,states_dc,1,0.00048510240599647814,0.04176274236141787,0.36425339366515835,0.6052036199095022,0.7036199095022625,0.771870286576169
joint,42,wk inc rsv prop ed visits,2025-2026,states_dc,2,0.0005154481303182421,0.044752529288386224,0.36255286428296807,0.609765474817378,0.7001153402537486,0.7600922722029988
joint,42,wk inc rsv prop ed visits,2025-2026,states_dc,3,0.0005732506986070337,0.05000021197815395,0.34784313725490196,0.5933333333333334,0.692156862745098,0.7545098039215686
joint,43,wk inc covid hosp,2025-2026,US,0,590.2635087423974,0.021670435368256063,0.11320754716981132,0.4528301886792453,0.6792452830188679,0.7924528301886793
joint,43,wk inc covid hosp,2025-2026,US,1,768.5644321138005,0.028216424708258837,0.28846153846153844,0.4230769230769231,0.6346153846153846,0.6730769230769231
joint,43,wk inc covid hosp,2025-2026,US,2,1038.4330162528347,0.0381241517215172,0.17647058823529413,0.37254901960784315,0.43137254901960786,0.6078431372549019
joint,43,wk inc covid hosp,2025-2026,US,3,1265.7242236890709,0.04646872892740614,0.12,0.32,0.38,0.48
joint,43,wk inc covid hosp,2025-2026,states_dc,0,15.226610888720606,0.03160163593974115,0.293007769145394,0.5305216426193119,0.6459489456159823,0.7184609692933778
joint,43,wk inc covid hosp,2025-2026,states_dc,1,18.277939712462594,0.03658453802069922,0.26998491704374056,0.503393665158371,0.6116138763197587,0.6840120663650076
joint,43,wk inc covid hosp,2025-2026,states_dc,2,22.31791572347217,0.042339693102590684,0.25413302575932334,0.4605920799692426,0.5851595540176855,0.6539792387543253
joint,43,wk inc covid hosp,2025-2026,states_dc,3,25.77634108341113,0.047149120157894,0.2396078431372549,0.43137254901960786,0.5501960784313725,0.615686274509804
joint,43,wk inc covid prop ed visits,2025-2026,US,0,0.0011384534923418199,0.04368585915709073,0.18867924528301888,0.4339622641509434,0.5283018867924528,0.6037735849056604
joint,43,wk inc covid prop ed visits,2025-2026,US,1,0.0015381087745364832,0.059021825436599736,0.1346153846153846,0.21153846153846154,0.28846153846153844,0.3269230769230769
joint,43,wk inc covid prop ed visits,2025-2026,US,2,0.0017207173361505112,0.06602906109199719,0.0392156862745098,0.17647058823529413,0.2549019607843137,0.3137254901960784
joint,43,wk inc covid prop ed visits,2025-2026,US,3,0.0019719858209804996,0.07567098297351281,0.04,0.14,0.14,0.2
joint,43,wk inc covid prop ed visits,2025-2026,states_dc,0,0.0012560338547836737,0.04207258406426474,0.2493525712171661,0.45578986311505737,0.5553089160192379,0.6300406955234924
joint,43,wk inc covid prop ed visits,2025-2026,states_dc,1,0.0015919491916734682,0.05340174706626747,0.19909502262443438,0.3733031674208145,0.4604072398190045,0.5358220211161387
joint,43,wk inc covid prop ed visits,2025-2026,states_dc,2,0.0018233227949147868,0.06118518576391769,0.19492502883506344,0.35217224144559783,0.4359861591695502,0.499038831218762
joint,43,wk inc covid prop ed visits,2025-2026,states_dc,3,0.00206844213840459,0.06952892842358523,0.17176470588235293,0.32,0.3996078431372549,0.47333333333333333
joint,43,wk inc flu hosp,2025-2026,US,0,1182.4708276800445,0.03102214100953073,0.40816326530612246,0.6122448979591837,0.7142857142857143,0.8367346938775511
joint,43,wk inc flu hosp,2025-2026,US,1,2104.7099050278593,0.05521709790171441,0.3125,0.5625,0.7291666666666666,0.7916666666666666
joint,43,wk inc flu hosp,2025-2026,US,2,2574.1576146232896,0.06753306604466061,0.3829787234042553,0.5957446808510638,0.6382978723404256,0.6808510638297872
joint,43,wk inc flu hosp,2025-2026,US,3,3015.8987091260597,0.07912215069908336,0.41304347826086957,0.5434782608695652,0.6086956521739131,0.6739130434782609
joint,43,wk inc flu hosp,2025-2026,states_dc,0,27.52952423369732,0.04407494146476648,0.3149259703881553,0.553421368547419,0.6502601040416166,0.7086834733893558
joint,43,wk inc flu hosp,2025-2026,states_dc,1,44.821188587569964,0.06964617670402928,0.31576797385620914,0.5526960784313726,0.6397058823529411,0.7009803921568627
joint,43,wk inc flu hosp,2025-2026,states_dc,2,56.467915221935186,0.087547819743074,0.32248644138506466,0.5440133500208594,0.6403838130997079,0.6996245306633292
joint,43,wk inc flu hosp,2025-2026,states_dc,3,64.6381637991736,0.10051129563353078,0.3209718670076726,0.5490196078431373,0.6406649616368286,0.6994884910485933
joint,43,wk inc flu prop ed visits,2025-2026,US,0,0.001696817016760185,0.030463511180394393,0.3673469387755102,0.7755102040816326,0.8367346938775511,0.9183673469387755
joint,43,wk inc flu prop ed visits,2025-2026,US,1,0.003971484193489891,0.07130135538252799,0.2708333333333333,0.5,0.625,0.6666666666666666
joint,43,wk inc flu prop ed visits,2025-2026,US,2,0.005533735502846616,0.09934896438166654,0.19148936170212766,0.3829787234042553,0.48936170212765956,0.5957446808510638
joint,43,wk inc flu prop ed visits,2025-2026,US,3,0.0064140685896885655,0.11515387237621613,0.15217391304347827,0.34782608695652173,0.45652173913043476,0.5434782608695652
joint,43,wk inc flu prop ed visits,2025-2026,states_dc,0,0.002634489921475704,0.04444351709797934,0.3505402160864346,0.5950380152060825,0.6934773909563825,0.7603041216486595
joint,43,wk inc flu prop ed visits,2025-2026,states_dc,1,0.0045758028283446155,0.07644981076777038,0.2630718954248366,0.47549019607843135,0.5698529411764706,0.6343954248366013
joint,43,wk inc flu prop ed visits,2025-2026,states_dc,2,0.005990592915082473,0.10009715585102903,0.23362536503963288,0.41468502294534837,0.5143929912390488,0.5794743429286608
joint,43,wk inc flu prop ed visits,2025-2026,states_dc,3,0.006912516129787893,0.11578942488238428,0.20332480818414322,0.37638533674339303,0.4803921568627451,0.5494458653026428
joint,43,wk inc rsv hosp,2025-2026,US,0,428.7203463054779,0.045290550000578696,0.33962264150943394,0.6226415094339622,0.6981132075471698,0.7169811320754716
joint,43,wk inc rsv hosp,2025-2026,US,1,648.0630539080132,0.0684621861301514,0.28846153846153844,0.4807692307692308,0.6153846153846154,0.6346153846153846
joint,43,wk inc rsv hosp,2025-2026,US,2,783.1008018808454,0.08272774158893359,0.21568627450980393,0.49019607843137253,0.5686274509803921,0.6274509803921569
joint,43,wk inc rsv hosp,2025-2026,US,3,949.8724930781489,0.100345710234328,0.18,0.34,0.44,0.5
joint,43,wk inc rsv hosp,2025-2026,states_dc,0,9.921788867152348,0.05359961051008802,0.2626711061783204,0.44099149093599704,0.5253422123566408,0.5882352941176471
joint,43,wk inc rsv hosp,2025-2026,states_dc,1,14.031989601487926,0.06996304646785279,0.20701357466063347,0.39215686274509803,0.47473604826546,0.5388386123680241
joint,43,wk inc rsv hosp,2025-2026,states_dc,2,16.671491261576048,0.08128100448665905,0.1964628988850442,0.3748558246828143,0.4571318723567859,0.5144175317185697
joint,43,wk inc rsv hosp,2025-2026,states_dc,3,20.177539713605917,0.09656880102872256,0.17490196078431372,0.32745098039215687,0.40431372549019606,0.46862745098039216
joint,43,wk inc rsv prop ed visits,2025-2026,US,0,0.00029892702173344403,0.03113822995158053,0.4339622641509434,0.8490566037735849,0.8867924528301887,0.9433962264150944
joint,43,wk inc rsv prop ed visits,2025-2026,US,1,0.00033459168816006904,0.03485329919456431,0.5384615384615384,0.7884615384615384,0.8653846153846154,0.9423076923076923
joint,43,wk inc rsv prop ed visits,2025-2026,US,2,0.0003762445643586302,0.03919214025916387,0.5882352941176471,0.7647058823529411,0.8823529411764706,0.9215686274509803
joint,43,wk inc rsv prop ed visits,2025-2026,US,3,0.0004231213267726834,0.04407513611203122,0.6,0.8,0.82,0.9
joint,43,wk inc rsv prop ed visits,2025-2026,states_dc,0,0.0005259719785311019,0.04551269932228888,0.32926378098409176,0.5804661487236404,0.6910839807621162,0.7661857195708472
joint,43,wk inc rsv prop ed visits,2025-2026,states_dc,1,0.0005477079296553635,0.047264890994703004,0.3680241327300151,0.6353695324283559,0.7345399698340875,0.7941176470588235
joint,43,wk inc rsv prop ed visits,2025-2026,states_dc,2,0.0005855552557435062,0.050504994899203924,0.39830834294502115,0.6424452133794695,0.7462514417531718,0.7985390234525183
joint,43,wk inc rsv prop ed visits,2025-2026,states_dc,3,0.0006324320160135552,0.05463379788553377,0.4164705882352941,0.6509803921568628,0.7486274509803922,0.8
joint,44,wk inc covid hosp,2025-2026,US,0,641.9509542829155,0.02356804454000122,0.4716981132075472,0.7735849056603774,0.8113207547169812,0.8301886792452831
joint,44,wk inc covid hosp,2025-2026,US,1,802.8315389198125,0.029474478293307557,0.3269230769230769,0.5769230769230769,0.6346153846153846,0.7307692307692307
joint,44,wk inc covid hosp,2025-2026,US,2,985.3697633220027,0.03617603232054494,0.23529411764705882,0.39215686274509803,0.6078431372549019,0.6470588235294118
joint,44,wk inc covid hosp,2025-2026,US,3,1127.9038934511932,0.04140890985572596,0.2,0.36,0.46,0.54
joint,44,wk inc covid hosp,2025-2026,states_dc,0,17.15626768436277,0.03439723308534299,0.341842397336293,0.5993340732519423,0.7044025157232704,0.7732149463559008
joint,44,wk inc covid hosp,2025-2026,states_dc,1,19.982073087578907,0.03873373560011914,0.33634992458521873,0.5708898944193062,0.6798642533936652,0.75
joint,44,wk inc covid hosp,2025-2026,states_dc,2,23.313534549222105,0.043529085974957346,0.314878892733564,0.5440215301806998,0.649365628604383,0.7158785082660515
joint,44,wk inc covid hosp,2025-2026,states_dc,3,26.255482195623895,0.04768007969848002,0.30549019607843136,0.5192156862745098,0.6223529411764706,0.6941176470588235
joint,44,wk inc covid prop ed visits,2025-2026,US,0,0.001094951520731613,0.042016558638797226,0.07547169811320754,0.33962264150943394,0.49056603773584906,0.6037735849056604
joint,44,wk inc covid prop ed visits,2025-2026,US,1,0.0013916316033336317,0.05340105909529404,0.11538461538461539,0.25,0.3269230769230769,0.4230769230769231
joint,44,wk inc covid prop ed visits,2025-2026,US,2,0.0016883616764153983,0.0647874778357367,0.13725490196078433,0.1568627450980392,0.21568627450980393,0.3333333333333333
joint,44,wk inc covid prop ed visits,2025-2026,US,3,0.001969279541422451,0.07556713494774109,0.06,0.12,0.16,0.18
joint,44,wk inc covid prop ed visits,2025-2026,states_dc,0,0.0012594450867578356,0.04226798133392971,0.23529411764705882,0.45394006659267483,0.5641879393266741,0.6466888642249352
joint,44,wk inc covid prop ed visits,2025-2026,states_dc,1,0.0015050885006833833,0.05053835792979975,0.20248868778280543,0.3914027149321267,0.48378582202111614,0.5739064856711915
joint,44,wk inc covid prop ed visits,2025-2026,states_dc,2,0.0017477954203646668,0.05873056564780124,0.17570165321030373,0.3506343713956171,0.4413687043444829,0.507112648981161
joint,44,wk inc covid prop ed visits,2025-2026,states_dc,3,0.0019867683768851853,0.0668327056986316,0.16980392156862745,0.33019607843137255,0.42470588235294116,0.4886274509803922
joint,44,wk inc flu hosp,2025-2026,US,0,1002.5307901707729,0.026301411257723867,0.3877551020408163,0.7142857142857143,0.8367346938775511,0.8979591836734694
joint,44,wk inc flu hosp,2025-2026,US,1,2122.797202694381,0.05569161844425757,0.3541666666666667,0.5833333333333334,0.6875,0.7916666666666666
joint,44,wk inc flu hosp,2025-2026,US,2,2897.529416551899,0.0760167304219181,0.2765957446808511,0.5106382978723404,0.6382978723404256,0.6808510638297872
joint,44,wk inc flu hosp,2025-2026,US,3,3465.5308718456704,0.09091825765393695,0.1956521739130435,0.41304347826086957,0.5217391304347826,0.5652173913043478
joint,44,wk inc flu hosp,2025-2026,states_dc,0,24.330490055939826,0.04049626090032126,0.3469387755102041,0.5834333733493398,0.6758703481392557,0.7262905162064826
joint,44,wk inc flu hosp,2025-2026,states_dc,1,44.59439480187665,0.07058006339826453,0.32393790849673204,0.5351307189542484,0.6143790849673203,0.6772875816993464
joint,44,wk inc flu hosp,2025-2026,states_dc,2,59.5235376682365,0.0932080308512201,0.3074676679182311,0.5118898623279099,0.5894868585732165,0.6499791405924071
joint,44,wk inc flu hosp,2025-2026,states_dc,3,70.61571732992917,0.11060150904181326,0.2877237851662404,0.484228473998295,0.5690537084398977,0.6270247229326513
joint,44,wk inc flu prop ed visits,2025-2026,US,0,0.0017760336452875263,0.03188571323576008,0.5306122448979592,0.8367346938775511,0.9183673469387755,0.9387755102040817
joint,44,wk inc flu prop ed visits,2025-2026,US,1,0.0034264177509069575,0.06151559916740762,0.4583333333333333,0.6041666666666666,0.8125,0.8958333333333334
joint,44,wk inc flu prop ed visits,2025-2026,US,2,0.004576640021545722,0.08216591599912222,0.3404255319148936,0.5957446808510638,0.6808510638297872,0.8085106382978723
joint,44,wk inc flu prop ed visits,2025-2026,US,3,0.005213385851732354,0.09359762226170827,0.34782608695652173,0.5434782608695652,0.6739130434782609,0.7391304347826086
joint,44,wk inc flu prop ed visits,2025-2026,states_dc,0,0.0026040762915105985,0.04377936893505459,0.41536614645858344,0.6638655462184874,0.7735094037615046,0.8267306922769108
joint,44,wk inc flu prop ed visits,2025-2026,states_dc,1,0.004080701413620444,0.06816912754439818,0.3500816993464052,0.5853758169934641,0.6948529411764706,0.7802287581699346
joint,44,wk inc flu prop ed visits,2025-2026,states_dc,2,0.005330438276498159,0.08908362125826641,0.31581143095536085,0.5544430538172715,0.6583229036295369,0.7284105131414268
joint,44,wk inc flu prop ed visits,2025-2026,states_dc,3,0.0061738106494025075,0.1034335532617804,0.2958226768968457,0.526001705029838,0.6342710997442456,0.7058823529411765
joint,44,wk inc rsv hosp,2025-2026,US,0,332.2649994977993,0.03510088733338256,0.32075471698113206,0.6226415094339622,0.7547169811320755,0.7735849056603774
joint,44,wk inc rsv hosp,2025-2026,US,1,529.0592663106631,0.05589047816508167,0.34615384615384615,0.4807692307692308,0.5961538461538461,0.6538461538461539
joint,44,wk inc rsv hosp,2025-2026,US,2,693.1292715789717,0.07322303735252184,0.21568627450980393,0.49019607843137253,0.5882352941176471,0.6470588235294118
joint,44,wk inc rsv hosp,2025-2026,US,3,918.1595654242474,0.09699551715869928,0.2,0.34,0.48,0.52
joint,44,wk inc rsv hosp,2025-2026,states_dc,0,8.433629128228961,0.04832262752487344,0.3129855715871254,0.5027746947835738,0.5808361080281169,0.6311505734369219
joint,44,wk inc rsv hosp,2025-2026,states_dc,1,12.046719255674455,0.0624153626117781,0.25301659125188536,0.4434389140271493,0.530920060331825,0.5852187028657617
joint,44,wk inc rsv hosp,2025-2026,states_dc,2,15.198415881710211,0.07576034708833171,0.22606689734717417,0.4002306805074971,0.4867358708189158,0.544405997693195
joint,44,wk inc rsv hosp,2025-2026,states_dc,3,19.518949151283735,0.0939326619763992,0.17294117647058824,0.3415686274509804,0.4203921568627451,0.4772549019607843
joint,44,wk inc rsv prop ed visits,2025-2026,US,0,0.0003066060915402927,0.03193813301846724,0.39622641509433965,0.7547169811320755,0.8679245283018868,0.9056603773584906
joint,44,wk inc rsv prop ed visits,2025-2026,US,1,0.0003475483646055434,0.03620295292686278,0.38461538461538464,0.7115384615384616,0.8461538461538461,0.9038461538461539
joint,44,wk inc rsv prop ed visits,2025-2026,US,2,0.0003896861959860433,0.04059231015384823,0.47058823529411764,0.6666666666666666,0.7843137254901961,0.9019607843137255
joint,44,wk inc rsv prop ed visits,2025-2026,US,3,0.0004696373230317397,0.048920552158871346,0.44,0.62,0.76,0.8
joint,44,wk inc rsv prop ed visits,2025-2026,states_dc,0,0.0005487811350914966,0.04749823517643587,0.30114687384387717,0.5138734739178691,0.6278209396966333,0.709211986681465
joint,44,wk inc rsv prop ed visits,2025-2026,states_dc,1,0.0005825064059452324,0.05035603222965839,0.3246606334841629,0.549396681749623,0.6659125188536953,0.7300150829562594
joint,44,wk inc rsv prop ed visits,2025-2026,states_dc,2,0.0006270701109601838,0.054144980327702645,0.3217993079584775,0.5686274509803921,0.6720492118415994,0.7427912341407151
joint,44,wk inc rsv prop ed visits,2025-2026,states_dc,3,0.0007045314207471083,0.06078446933679326,0.312156862745098,0.5411764705882353,0.6509803921568628,0.7286274509803922
separate,42,wk inc covid hosp,2025-2026,US,0,903.4060361716666,0.033166885345599736,0.3584905660377358,0.6226415094339622,0.7358490566037735,0.7924528301886793
separate,42,wk inc covid hosp,2025-2026,US,1,1162.160394663731,0.042666574075983336,0.28846153846153844,0.5,0.5384615384615384,0.5961538461538461
separate,42,wk inc covid hosp,2025-2026,US,2,1384.3639924089541,0.05082436908145656,0.13725490196078433,0.4117647058823529,0.5490196078431373,0.5882352941176471
separate,42,wk inc covid hosp,2025-2026,US,3,1510.476169494629,0.05545434491802461,0.14,0.4,0.5,0.56
separate,42,wk inc covid hosp,2025-2026,states_dc,0,19.939290258199826,0.03891366560845049,0.30780614132445433,0.5497595264520903,0.654458009618942,0.7277099519052904
separate,42,wk inc covid hosp,2025-2026,states_dc,1,23.57726181623979,0.044503594979239655,0.27262443438914025,0.5165912518853696,0.6282051282051282,0.7088989441930619
separate,42,wk inc covid hosp,2025-2026,states_dc,2,26.936848834555715,0.04896074690039287,0.28027681660899656,0.5001922337562476,0.6013071895424836,0.681276432141484
separate,42,wk inc covid hosp,2025-2026,states_dc,3,29.041789409268116,0.051922853517341404,0.2635294117647059,0.4764705882352941,0.5796078431372549,0.6705882352941176
separate,42,wk inc covid prop ed visits,2025-2026,US,0,0.0011337999862856922,0.0435072902374799,0.3584905660377358,0.660377358490566,0.7358490566037735,0.7547169811320755
separate,42,wk inc covid prop ed visits,2025-2026,US,1,0.0014264324015225626,0.05473646961356534,0.34615384615384615,0.5769230769230769,0.6730769230769231,0.6730769230769231
separate,42,wk inc covid prop ed visits,2025-2026,US,2,0.0016475176939776308,0.06322017229695649,0.23529411764705882,0.47058823529411764,0.5686274509803921,0.6274509803921569
separate,42,wk inc covid prop ed visits,2025-2026,US,3,0.0017429437627099736,0.06688195543223482,0.2,0.4,0.52,0.58
separate,42,wk inc covid prop ed visits,2025-2026,states_dc,0,0.0014087143372458985,0.04743365159373201,0.2952275249722531,0.48464668886422496,0.5819459859415465,0.632630410654828
separate,42,wk inc covid prop ed visits,2025-2026,states_dc,1,0.0017255671358129008,0.058026212527347645,0.2473604826546003,0.44381598793363497,0.5211161387631976,0.5920060331825038
separate,42,wk inc covid prop ed visits,2025-2026,states_dc,2,0.0019402180710014199,0.06524681140629957,0.23990772779700115,0.41753171856978083,0.4998077662437524,0.5755478662053056
separate,42,wk inc covid prop ed visits,2025-2026,states_dc,3,0.001977360687831747,0.06651303713565625,0.22509803921568627,0.4137254901960784,0.5062745098039215,0.5792156862745098
separate,42,wk inc flu hosp,2025-2026,US,0,925.5175923824224,0.024280968786367152,0.6122448979591837,0.9183673469387755,0.9795918367346939,0.9795918367346939
separate,42,wk inc flu hosp,2025-2026,US,1,1581.8987807680212,0.04150113972458085,0.5625,0.875,0.9375,0.9583333333333334
separate,42,wk inc flu hosp,2025-2026,US,2,2035.502965953167,0.05340145275212089,0.425531914893617,0.8723404255319149,0.8936170212765957,0.9361702127659575
separate,42,wk inc flu hosp,2025-2026,US,3,2399.3728820221004,0.06294758579927874,0.45652173913043476,0.7608695652173914,0.9130434782608695,0.9347826086956522
separate,42,wk inc flu hosp,2025-2026,states_dc,0,23.566814251667903,0.038750038098773816,0.413765506202481,0.6626650660264105,0.7454981992797118,0.7947178871548619
separate,42,wk inc flu hosp,2025-2026,states_dc,1,37.62154049215116,0.060615568325162406,0.3729575163398693,0.610702614379085,0.704248366013072,0.7630718954248366
separate,42,wk inc flu hosp,2025-2026,states_dc,2,48.05538449783276,0.07699297638506104,0.3537755527743012,0.5861493533583646,0.6871088861076345,0.7596996245306633
separate,42,wk inc flu hosp,2025-2026,states_dc,3,56.92530598886297,0.09100708401821697,0.35038363171355497,0.59846547314578,0.691389599317988,0.7527706734867861
separate,42,wk inc flu prop ed visits,2025-2026,US,0,0.0020178140057260153,0.03622647516864131,0.7346938775510204,0.8775510204081632,0.9183673469387755,0.9183673469387755
separate,42,wk inc flu prop ed visits,2025-2026,US,1,0.003117666198995721,0.055972481517885954,0.5,0.8333333333333334,0.8958333333333334,0.9166666666666666
separate,42,wk inc flu prop ed visits,2025-2026,US,2,0.0037874210347400147,0.06799680925935102,0.48936170212765956,0.7659574468085106,0.851063829787234,0.9148936170212766
separate,42,wk inc flu prop ed visits,2025-2026,US,3,0.0043471723832331985,0.07804620839587142,0.391304347826087,0.6956521739130435,0.782608695652174,0.8478260869565217
separate,42,wk inc flu prop ed visits,2025-2026,states_dc,0,0.002805825148834741,0.047119754926706406,0.4361744697879152,0.6774709883953581,0.7735094037615046,0.8207282913165266
separate,42,wk inc flu prop ed visits,2025-2026,states_dc,1,0.004172183908483082,0.0700681482035569,0.34763071895424835,0.6058006535947712,0.7189542483660131,0.7790032679738562
separate,42,wk inc flu prop ed visits,2025-2026,states_dc,2,0.005214013359200139,0.08790905040490539,0.31748018356278684,0.5540258656654151,0.6620775969962454,0.7342511472674176
separate,42,wk inc flu prop ed visits,2025-2026,states_dc,3,0.006145304345382622,0.10411616637445324,0.2804774083546462,0.5072463768115942,0.618073316283035,0.6798806479113384
separate,42,wk inc rsv hosp,2025-2026,US,0,299.30753416019155,0.0316192197507069,0.41509433962264153,0.6415094339622641,0.7924528301886793,0.9056603773584906
separate,42,wk inc rsv hosp,2025-2026,US,1,432.2781783196758,0.045666403794599186,0.34615384615384615,0.5961538461538461,0.6730769230769231,0.8076923076923077
separate,42,wk inc rsv hosp,2025-2026,US,2,569.5629775018521,0.060169340534740344,0.3137254901960784,0.6274509803921569,0.6862745098039216,0.7647058823529411
separate,42,wk inc rsv hosp,2025-2026,US,3,716.6966088273753,0.07571272013811275,0.36,0.62,0.68,0.7
separate,42,wk inc rsv hosp,2025-2026,states_dc,0,8.993839335450263,0.04975904586168367,0.29966703662597116,0.5168331483536811,0.6004439511653719,0.658157602663707
separate,42,wk inc rsv hosp,2025-2026,states_dc,1,11.17131017948302,0.05908201464191795,0.27828054298642535,0.49095022624434387,0.5829562594268477,0.6436651583710408
separate,42,wk inc rsv hosp,2025-2026,states_dc,2,13.894141000605897,0.07140983741713494,0.25990003844675125,0.46251441753171857,0.5547866205305652,0.6082276047673971
separate,42,wk inc rsv hosp,2025-2026,states_dc,3,16.968912252992578,0.08531337232077996,0.23411764705882354,0.42745098039215684,0.5223529411764706,0.5850980392156863
separate,42,wk inc rsv prop ed visits,2025-2026,US,0,0.00018871095626642157,0.019657390344076306,0.4716981132075472,0.7924528301886793,0.8679245283018868,0.9245283018867925
separate,42,wk inc rsv prop ed visits,2025-2026,US,1,0.0002516303288272157,0.02621149134118927,0.5769230769230769,0.7884615384615384,0.8269230769230769,0.9230769230769231
separate,42,wk inc rsv prop ed visits,2025-2026,US,2,0.00031142248081823977,0.03243984021109025,0.45098039215686275,0.7450980392156863,0.8431372549019608,0.8823529411764706
separate,42,wk inc rsv prop ed visits,2025-2026,US,3,0.00034097220519236184,0.035517936353859574,0.5,0.74,0.84,0.92
separate,42,wk inc rsv prop ed visits,2025-2026,states_dc,0,0.0004130370417892698,0.035564521946596865,0.34443211246762856,0.5730669626341103,0.6699963004069552,0.7365889752127266
separate,42,wk inc rsv prop ed visits,2025-2026,states_dc,1,0.0004683043019193007,0.040360030888972186,0.35294117647058826,0.6142533936651584,0.7039969834087482,0.7613122171945701
separate,42,wk inc rsv prop ed visits,2025-2026,states_dc,2,0.00051669109499181,0.044845665871468286,0.3660130718954248,0.621683967704729,0.7224144559784699,0.774317570165321
separate,42,wk inc rsv prop ed visits,2025-2026,states_dc,3,0.0005497572056966104,0.04824769338590973,0.3792156862745098,0.6431372549019608,0.736078431372549,0.7894117647058824
separate,43,wk inc covid hosp,2025-2026,US,0,708.7080171530318,0.026018906900413228,0.32075471698113206,0.6037735849056604,0.7547169811320755,0.8490566037735849
separate,43,wk inc covid hosp,2025-2026,US,1,937.388870922076,0.034414502406762595,0.3269230769230769,0.4807692307692308,0.5384615384615384,0.75
separate,43,wk inc covid hosp,2025-2026,US,2,1145.7245201439953,0.0420631612760636,0.21568627450980393,0.49019607843137253,0.5882352941176471,0.6078431372549019
separate,43,wk inc covid hosp,2025-2026,US,3,1245.5759012907608,0.045729020455097524,0.2,0.44,0.54,0.6
separate,43,wk inc covid hosp,2025-2026,states_dc,0,17.007198967892577,0.03473535040396966,0.29041805401405846,0.5334813170551239,0.6611172770995191,0.7410284868664447
separate,43,wk inc covid hosp,2025-2026,states_dc,1,20.46627676282726,0.04014470879340693,0.2790346907993967,0.5116892911010558,0.6308446455505279,0.721342383107089
separate,43,wk inc covid hosp,2025-2026,states_dc,2,23.872548169731328,0.04458426753832966,0.27835447904652055,0.5163398692810458,0.6247597078046905,0.7085736255286428
separate,43,wk inc covid hosp,2025-2026,states_dc,3,25.844436612035242,0.04719525987731578,0.2831372549019608,0.5184313725490196,0.6282352941176471,0.7227450980392157
separate,43,wk inc covid prop ed visits,2025-2026,US,0,0.0011082165903405885,0.04252557896026391,0.39622641509433965,0.6226415094339622,0.660377358490566,0.7358490566037735
separate,43,wk inc covid prop ed visits,2025-2026,US,1,0.0013795096504492848,0.052935903575128555,0.3269230769230769,0.5576923076923077,0.6153846153846154,0.6923076923076923
separate,43,wk inc covid prop ed visits,2025-2026,US,2,0.0015550381248753925,0.05967145514875015,0.29411764705882354,0.5294117647058824,0.6470588235294118,0.6470588235294118
separate,43,wk inc covid prop ed visits,2025-2026,US,3,0.0016433155913801822,0.0630589250756421,0.28,0.52,0.62,0.66
separate,43,wk inc covid prop ed visits,2025-2026,states_dc,0,0.0014932178417149556,0.05003522525605396,0.3137254901960784,0.5164631890492046,0.6059933407325194,0.65889752127266
separate,43,wk inc covid prop ed visits,2025-2026,states_dc,1,0.0017954879275985688,0.06012117302906248,0.27714932126696834,0.47435897435897434,0.5659879336349924,0.638763197586727
separate,43,wk inc covid prop ed visits,2025-2026,states_dc,2,0.0019311558033521816,0.06469282850036648,0.26105344098423683,0.45636293733179545,0.5586312956555171,0.6201460976547482
separate,43,wk inc covid prop ed visits,2025-2026,states_dc,3,0.001942184725483903,0.06506012704899064,0.2529411764705882,0.44901960784313727,0.5431372549019607,0.611764705882353
separate,43,wk inc flu hosp,2025-2026,US,0,769.741129697649,0.020194170805182172,0.8163265306122449,0.9183673469387755,0.9387755102040817,0.9795918367346939
separate,43,wk inc flu hosp,2025-2026,US,1,1341.028023189462,0.03518189156068751,0.7083333333333334,0.8541666666666666,0.8958333333333334,0.9375
separate,43,wk inc flu hosp,2025-2026,US,2,1681.8844065285257,0.044124264209904576,0.7446808510638298,0.8723404255319149,0.9361702127659575,0.9361702127659575
separate,43,wk inc flu hosp,2025-2026,US,3,1942.1614315800223,0.05095263611023316,0.5652173913043478,0.8913043478260869,0.8913043478260869,0.9565217391304348
separate,43,wk inc flu hosp,2025-2026,states_dc,0,21.560162596868526,0.03708916879415685,0.4125650260104042,0.6486594637855142,0.7374949979991997,0.7891156462585034
separate,43,wk inc flu hosp,2025-2026,states_dc,1,34.11789094999857,0.056368278991834476,0.3770424836601307,0.6098856209150327,0.701797385620915,0.7577614379084967
separate,43,wk inc flu hosp,2025-2026,states_dc,2,44.30462334759115,0.0723061619250869,0.3662911973299958,0.5957446808510638,0.69002920317063,0.7434292866082604
separate,43,wk inc flu hosp,2025-2026,states_dc,3,53.206015376246924,0.086129860187863,0.3537936913895993,0.592071611253197,0.6871270247229326,0.7344416027280477
separate,43,wk inc flu prop ed visits,2025-2026,US,0,0.0017183875296909047,0.03085077365792805,0.46938775510204084,0.7959183673469388,0.9183673469387755,0.9795918367346939
separate,43,wk inc flu prop ed visits,2025-2026,US,1,0.002847685263473397,0.05112542543196738,0.3541666666666667,0.6875,0.75,0.8958333333333334
separate,43,wk inc flu prop ed visits,2025-2026,US,2,0.0034631018468972933,0.062174200747487245,0.3617021276595745,0.6595744680851063,0.7446808510638298,0.8723404255319149
separate,43,wk inc flu prop ed visits,2025-2026,US,3,0.003976254818445738,0.07138700397353363,0.32608695652173914,0.6521739130434783,0.7608695652173914,0.8260869565217391
separate,43,wk inc flu prop ed visits,2025-2026,states_dc,0,0.0026422030909661596,0.0444884909535448,0.39175670268107243,0.6502601040416166,0.7354941976790716,0.7991196478591437
separate,43,wk inc flu prop ed visits,2025-2026,states_dc,1,0.003991798859337622,0.06713496976471393,0.3194444444444444,0.5518790849673203,0.6703431372549019,0.7422385620915033
separate,43,wk inc flu prop ed visits,2025-2026,states_dc,2,0.00488397375693979,0.08237628746633774,0.2999582811848143,0.5314977054651648,0.639549436795995,0.7133917396745932
separate,43,wk inc flu prop ed visits,2025-2026,states_dc,3,0.00565905769779034,0.09582938031369048,0.29752770673486784,0.5132139812446718,0.6163682864450127,0.6892583120204604
separate,43,wk inc rsv hosp,2025-2026,US,0,352.5419356030534,0.03724296805441088,0.4528301886792453,0.5660377358490566,0.6037735849056604,0.7358490566037735
separate,43,wk inc rsv hosp,2025-2026,US,1,486.9723594492016,0.051444365037946506,0.36538461538461536,0.5576923076923077,0.5961538461538461,0.6730769230769231
separate,43,wk inc rsv hosp,2025-2026,US,2,603.8409168064543,0.06379050462776825,0.35294117647058826,0.5882352941176471,0.6274509803921569,0.6666666666666666
separate,43,wk inc rsv hosp,2025-2026,US,3,723.5818938103054,0.07644009019758138,0.3,0.58,0.62,0.66
separate,43,wk inc rsv hosp,2025-2026,states_dc,0,8.768794628235769,0.04921645384648264,0.2578616352201258,0.45763965963743986,0.5449500554938956,0.6030336662967074
separate,43,wk inc rsv hosp,2025-2026,states_dc,1,10.82019831941666,0.05743924629157798,0.2680995475113122,0.4551282051282051,0.5625942684766214,0.6240573152337858
separate,43,wk inc rsv hosp,2025-2026,states_dc,2,13.091978074717534,0.0675908426895399,0.24605920799692427,0.4540561322568243,0.5474817377931565,0.6143790849673203
separate,43,wk inc rsv hosp,2025-2026,states_dc,3,15.848893827822783,0.079761355967878,0.22823529411764706,0.4152941176470588,0.5211764705882352,0.5882352941176471
separate,43,wk inc rsv prop ed visits,2025-2026,US,0,0.00017001116745968807,0.017709495769228263,0.4528301886792453,0.8490566037735849,0.9622641509433962,1.0
separate,43,wk inc rsv prop ed visits,2025-2026,US,1,0.00022748131091123355,0.023695968761088707,0.4807692307692308,0.8461538461538461,0.9423076923076923,0.9807692307692307
separate,43,wk inc rsv prop ed visits,2025-2026,US,2,0.00031804673405110484,0.0331298665567392,0.47058823529411764,0.7843137254901961,0.8627450980392157,0.9411764705882353
separate,43,wk inc rsv prop ed visits,2025-2026,US,3,0.00042885675893232234,0.044672576933616696,0.38,0.76,0.76,0.88
separate,43,wk inc rsv prop ed visits,2025-2026,states_dc,0,0.0003889258372868262,0.033423065957897354,0.3607103218645949,0.6133925268220496,0.7162412134665187,0.7695153533111357
separate,43,wk inc rsv prop ed visits,2025-2026,states_dc,1,0.0004471785538450827,0.038324709837592875,0.3793363499245852,0.6527149321266968,0.7398190045248869,0.801659125188537
separate,43,wk inc rsv prop ed visits,2025-2026,states_dc,2,0.0005262871943676687,0.045340588671672497,0.3956170703575548,0.647443291041907,0.740484429065744,0.8046905036524413
separate,43,wk inc rsv prop ed visits,2025-2026,states_dc,3,0.0006129795233689245,0.05325891243490521,0.3819607843137255,0.6376470588235295,0.7423529411764705,0.7941176470588235
separate,44,wk inc covid hosp,2025-2026,US,0,690.2331924170603,0.02534063780626962,0.5094339622641509,0.7924528301886793,0.8679245283018868,0.8867924528301887
separate,44,wk inc covid hosp,2025-2026,US,1,916.5613008347324,0.03364985660913024,0.36538461538461536,0.6730769230769231,0.7884615384615384,0.8076923076923077
separate,44,wk inc covid hosp,2025-2026,US,2,1099.332507028149,0.04035996413285517,0.27450980392156865,0.5882352941176471,0.6666666666666666,0.7254901960784313
separate,44,wk inc covid hosp,2025-2026,US,3,1214.7290257080078,0.044596534347235456,0.3,0.52,0.58,0.6
separate,44,wk inc covid hosp,2025-2026,states_dc,0,17.6405134796954,0.03505012134232182,0.3414724380318165,0.6119126896041436,0.7214206437291898,0.7843137254901961
separate,44,wk inc covid hosp,2025-2026,states_dc,1,21.203054864240332,0.04077144858179365,0.333710407239819,0.5697586726998491,0.6923076923076923,0.7658371040723982
separate,44,wk inc covid hosp,2025-2026,states_dc,2,24.57138306832976,0.04532040335939056,0.3244905805459439,0.5540176855055747,0.667435601691657,0.7593233371780085
separate,44,wk inc covid hosp,2025-2026,states_dc,3,26.906768633132703,0.04866721400979211,0.307843137254902,0.543921568627451,0.6560784313725491,0.7392156862745098
separate,44,wk inc covid prop ed visits,2025-2026,US,0,0.0009024622862243879,0.03463017206744835,0.5094339622641509,0.7358490566037735,0.8113207547169812,0.8301886792452831
separate,44,wk inc covid prop ed visits,2025-2026,US,1,0.0011207794400746156,0.043007653008772885,0.38461538461538464,0.5576923076923077,0.6923076923076923,0.75
separate,44,wk inc covid prop ed visits,2025-2026,US,2,0.0012525369048170993,0.04806358027005734,0.21568627450980393,0.47058823529411764,0.6666666666666666,0.6666666666666666
separate,44,wk inc covid prop ed visits,2025-2026,US,3,0.0013153947494615314,0.050475623420284214,0.2,0.42,0.52,0.62
separate,44,wk inc covid prop ed visits,2025-2026,states_dc,0,0.0012025429360639425,0.04034644756117202,0.34295227524972255,0.5671476137624861,0.6518682944876064,0.7118017018128006
separate,44,wk inc covid prop ed visits,2025-2026,states_dc,1,0.00143793405502867,0.048184919865188344,0.2982654600301659,0.5180995475113123,0.6044494720965309,0.667420814479638
separate,44,wk inc covid prop ed visits,2025-2026,states_dc,2,0.0015665558123543494,0.052478409909352736,0.28681276432141484,0.4844290657439446,0.5740099961553249,0.6451364859669358
separate,44,wk inc covid prop ed visits,2025-2026,states_dc,3,0.0016213069891271048,0.05425286009520588,0.2549019607843137,0.4584313725490196,0.5658823529411765,0.6254901960784314
separate,44,wk inc flu hosp,2025-2026,US,0,773.5645821907971,0.020294479142275265,0.5510204081632653,0.8571428571428571,0.9795918367346939,0.9795918367346939
separate,44,wk inc flu hosp,2025-2026,US,1,1405.0761103035748,0.03686219414687726,0.5625,0.8333333333333334,0.875,0.9166666666666666
separate,44,wk inc flu hosp,2025-2026,US,2,1819.047818527716,0.047722748509712254,0.574468085106383,0.8297872340425532,0.8723404255319149,0.9361702127659575
separate,44,wk inc flu hosp,2025-2026,US,3,2070.1318383194866,0.05430994177054061,0.5869565217391305,0.8043478260869565,0.8478260869565217,0.9130434782608695
separate,44,wk inc flu hosp,2025-2026,states_dc,0,22.000940875101307,0.037881621479212285,0.4005602240896359,0.6354541816726691,0.7166866746698679,0.7675070028011205
separate,44,wk inc flu hosp,2025-2026,states_dc,1,34.758890959255304,0.05717969863991126,0.38112745098039214,0.6029411764705882,0.6964869281045751,0.7495915032679739
separate,44,wk inc flu hosp,2025-2026,states_dc,2,44.324358784417996,0.07208968898259899,0.3667083854818523,0.6086775135586149,0.6816854401335002,0.7434292866082604
separate,44,wk inc flu hosp,2025-2026,states_dc,3,51.32225949436411,0.08325739746312201,0.37809036658141515,0.6227621483375959,0.6999147485080989,0.7578857630008525
separate,44,wk inc flu prop ed visits,2025-2026,US,0,0.0017765391693099716,0.031894789073966326,0.6122448979591837,0.8979591836734694,0.9387755102040817,0.9591836734693877
separate,44,wk inc flu prop ed visits,2025-2026,US,1,0.0027340409795289056,0.04908513241254617,0.4583333333333333,0.7916666666666666,0.8541666666666666,0.9375
separate,44,wk inc flu prop ed visits,2025-2026,US,2,0.0034082090963424715,0.06118869323328146,0.425531914893617,0.7446808510638298,0.851063829787234,0.8723404255319149
separate,44,wk inc flu prop ed visits,2025-2026,US,3,0.0038509898662556353,0.06913808129426863,0.391304347826087,0.717391304347826,0.8043478260869565,0.9347826086956522
separate,44,wk inc flu prop ed visits,2025-2026,states_dc,0,0.0025273240220712,0.04241282520635557,0.4341736694677871,0.6906762705082032,0.7927170868347339,0.8387354941976791
separate,44,wk inc flu prop ed visits,2025-2026,states_dc,1,0.0037550445256800623,0.06301634008472763,0.3799019607843137,0.6388888888888888,0.7504084967320261,0.8125
separate,44,wk inc flu prop ed visits,2025-2026,states_dc,2,0.004741635504429392,0.07987099483523279,0.3537755527743012,0.6107634543178974,0.7188151856487276,0.7855652899457656
separate,44,wk inc flu prop ed visits,2025-2026,states_dc,3,0.005710583076395732,0.0966881083405605,0.33418584825234443,0.5703324808184144,0.6658141517476556,0.7421142369991475
separate,44,wk inc rsv hosp,2025-2026,US,0,422.47064941231,0.044630324256529685,0.49056603773584906,0.660377358490566,0.6981132075471698,0.7735849056603774
separate,44,wk inc rsv hosp,2025-2026,US,1,566.3722197687027,0.05983226492380127,0.46153846153846156,0.6538461538461539,0.7115384615384616,0.7115384615384616
separate,44,wk inc rsv hosp,2025-2026,US,2,716.8139307464378,0.07572511417139635,0.4117647058823529,0.6274509803921569,0.6666666666666666,0.6862745098039216
separate,44,wk inc rsv hosp,2025-2026,US,3,841.2264350262517,0.08886820568627211,0.34,0.58,0.62,0.62
separate,44,wk inc rsv hosp,2025-2026,states_dc,0,9.863758431331263,0.05374903063986798,0.27561968183499813,0.49574546799852015,0.5763965963743988,0.6374398816130226
separate,44,wk inc rsv hosp,2025-2026,states_dc,1,12.315812146061315,0.06367110539200474,0.2654600301659125,0.4917043740573152,0.5746606334841629,0.6293363499245852
separate,44,wk inc rsv hosp,2025-2026,states_dc,2,14.92127667993947,0.07451534445581047,0.2664359861591695,0.46251441753171857,0.5513264129181085,0.6109188773548635
separate,44,wk inc rsv hosp,2025-2026,states_dc,3,17.314808768285243,0.0848494218396756,0.24549019607843137,0.4415686274509804,0.5215686274509804,0.5815686274509804
separate,44,wk inc rsv prop ed visits,2025-2026,US,0,0.00029135357609253235,0.030349329401456317,0.33962264150943394,0.5471698113207547,0.6415094339622641,0.8301886792452831
separate,44,wk inc rsv prop ed visits,2025-2026,US,1,0.00041957531379033214,0.0437057597772474,0.28846153846153844,0.5384615384615384,0.7115384615384616,0.7692307692307693
separate,44,wk inc rsv prop ed visits,2025-2026,US,2,0.0005804609341621216,0.060464677769969576,0.23529411764705882,0.5490196078431373,0.6078431372549019,0.6862745098039216
separate,44,wk inc rsv prop ed visits,2025-2026,US,3,0.0007176466714913144,0.07475485806301335,0.22,0.5,0.56,0.68
separate,44,wk inc rsv prop ed visits,2025-2026,states_dc,0,0.0005243943147837497,0.04525916306527489,0.25083240843507215,0.4724380318165002,0.5763965963743988,0.6570477247502775
separate,44,wk inc rsv prop ed visits,2025-2026,states_dc,1,0.0006129377071618157,0.053005470819529374,0.25452488687782804,0.48604826546003016,0.5920060331825038,0.6730769230769231
separate,44,wk inc rsv prop ed visits,2025-2026,states_dc,2,0.0006970235666059813,0.060761968797374805,0.2821991541714725,0.499038831218762,0.6055363321799307,0.6778162245290273
separate,44,wk inc rsv prop ed visits,2025-2026,states_dc,3,0.0007353950099869813,0.06476630491716706,0.3023529411764706,0.5211764705882352,0.6298039215686274,0.6933333333333334
