stratum,geography,metric,change_pct,low,high,draws,trajectories,signals,locations
complete_history_12,states,point,-4.242554975031387,-5.837310521531987,-2.0450564101104516,1000,12578,6,51
complete_history_12,states,level,-6.724576376258562,-7.874444220610537,-4.763316440294901,1000,12578,6,51
complete_history_12,states,growth,-1.953111825598819,-3.6291053234964537,0.002925269259232013,1000,12578,6,51
complete_history_12,states,log_growth,-0.8959082081978598,-1.8216007508019085,-0.08642831756864847,1000,12578,6,51
complete_history_12,states,trajectory,-4.115488139302892,-5.5398931228108905,-2.1948210442552423,1000,12578,6,51
complete_history_12,US,point,-4.730405892526523,-6.251443065496971,-2.138950000281987,1000,249,6,1
complete_history_12,US,level,-5.599812114875624,-6.61866976307536,-3.8728217435741077,1000,249,6,1
complete_history_12,US,growth,-1.9910785184962365,-3.797762038558795,0.9497612841989742,1000,249,6,1
complete_history_12,US,log_growth,-1.5225425535269954,-3.393476965872872,0.6882181206855378,1000,249,6,1
complete_history_12,US,trajectory,-4.1088903879575644,-5.1520250421865565,-1.9846055751307907,1000,249,6,1
complete_and_uninterrupted,states,point,-4.537082519122437,-7.285539483317786,-1.7359636806785237,999,9309,6,51
complete_and_uninterrupted,states,level,-7.55699384639259,-9.638629724628936,-4.765984429238482,999,9309,6,51
complete_and_uninterrupted,states,growth,-1.7760988272001788,-4.443837255096891,0.3299988532404296,999,9309,6,51
complete_and_uninterrupted,states,log_growth,-0.6940685503027177,-1.7918040138403195,0.1682310326215096,999,9309,6,51
complete_and_uninterrupted,states,trajectory,-4.372034457425467,-6.978696444684612,-1.857668949387376,999,9309,6,51
complete_and_uninterrupted,US,point,-5.0581871372314735,-8.809940672544387,-0.9539330594344401,1000,184,6,1
complete_and_uninterrupted,US,level,-7.135763439525977,-10.5035938983319,-3.9742090780232724,1000,184,6,1
complete_and_uninterrupted,US,growth,-1.3030993062088436,-4.328709809724592,2.1868571160573826,1000,184,6,1
complete_and_uninterrupted,US,log_growth,-1.2860839053061568,-3.5160056517525455,1.260136014559621,1000,184,6,1
complete_and_uninterrupted,US,trajectory,-4.473641212753588,-7.66696215131356,-1.182114779698746,1000,184,6,1
