config_id,seed,season,gpu,exact_quantiles,byte_identical_quantiles,max_abs_difference,quantile_values,old_epochs,new_epochs,original_path,reproduction_path
b0-target100,42,2023-2024,H100,True,True,0.0,1349088,"[58, 74, 67, 78, 67, 41]","[58, 74, 67, 78, 67, 41]",data/experiments/B0.1/b0:h12:tr_4rt:ed_logit:geo1:dyn1:lw_obj:enc_mlp:sp_none:hd_sh:dec_leg:nz_glob:us_none:z16:w64:ep100:pat30:bs8:m128:lr0.001:hs_sh:cal1:id0:fit_targ:vm256:wd0/s42/attempt-001/cv,data/experiments/b0-exact-reproduction/mlp-target-finalized-5098c7dbf6ab/s42/attempt-002
b0-target100,42,2024-2025,H100,True,True,0.0,1463904,"[63, 96, 53, 70, 80, 98]","[63, 96, 53, 70, 80, 98]",data/experiments/B0.1/b0:h12:tr_4rt:ed_logit:geo1:dyn1:lw_obj:enc_mlp:sp_none:hd_sh:dec_leg:nz_glob:us_none:z16:w64:ep100:pat30:bs8:m128:lr0.001:hs_sh:cal1:id0:fit_targ:vm256:wd0/s42/attempt-001/cv,data/experiments/b0-exact-reproduction/mlp-target-finalized-5098c7dbf6ab/s42/attempt-002
b0-target100,42,2025-2026,H100,True,True,0.0,1492608,"[73, 94, 75, 36, 89, 69]","[73, 94, 75, 36, 89, 69]",data/experiments/B0.1/b0:h12:tr_4rt:ed_logit:geo1:dyn1:lw_obj:enc_mlp:sp_none:hd_sh:dec_leg:nz_glob:us_none:z16:w64:ep100:pat30:bs8:m128:lr0.001:hs_sh:cal1:id0:fit_targ:vm256:wd0/s42/attempt-001/cv,data/experiments/b0-exact-reproduction/mlp-target-finalized-5098c7dbf6ab/s42/attempt-002
b0-target100,43,2023-2024,L40,True,True,0.0,1349088,"[35, 86, 50, 19, 90, 79]","[35, 86, 50, 19, 90, 79]",data/experiments/B0.1/b0:h12:tr_4rt:ed_logit:geo1:dyn1:lw_obj:enc_mlp:sp_none:hd_sh:dec_leg:nz_glob:us_none:z16:w64:ep100:pat30:bs8:m128:lr0.001:hs_sh:cal1:id0:fit_targ:vm256:wd0/s43/attempt-001/cv,data/experiments/b0-exact-reproduction-l40/mlp-target-finalized-5098c7dbf6ab/s43/attempt-001
b0-target100,43,2024-2025,L40,True,True,0.0,1463904,"[30, 98, 83, 23, 56, 100]","[30, 98, 83, 23, 56, 100]",data/experiments/B0.1/b0:h12:tr_4rt:ed_logit:geo1:dyn1:lw_obj:enc_mlp:sp_none:hd_sh:dec_leg:nz_glob:us_none:z16:w64:ep100:pat30:bs8:m128:lr0.001:hs_sh:cal1:id0:fit_targ:vm256:wd0/s43/attempt-001/cv,data/experiments/b0-exact-reproduction-l40/mlp-target-finalized-5098c7dbf6ab/s43/attempt-001
b0-target100,43,2025-2026,L40,True,True,0.0,1492608,"[96, 93, 54, 97, 83, 74]","[96, 93, 54, 97, 83, 74]",data/experiments/B0.1/b0:h12:tr_4rt:ed_logit:geo1:dyn1:lw_obj:enc_mlp:sp_none:hd_sh:dec_leg:nz_glob:us_none:z16:w64:ep100:pat30:bs8:m128:lr0.001:hs_sh:cal1:id0:fit_targ:vm256:wd0/s43/attempt-001/cv,data/experiments/b0-exact-reproduction-l40/mlp-target-finalized-5098c7dbf6ab/s43/attempt-001
b0-target100,44,2023-2024,L40,True,True,0.0,1349088,"[47, 85, 90, 53, 47, 35]","[47, 85, 90, 53, 47, 35]",data/experiments/B0.1/b0:h12:tr_4rt:ed_logit:geo1:dyn1:lw_obj:enc_mlp:sp_none:hd_sh:dec_leg:nz_glob:us_none:z16:w64:ep100:pat30:bs8:m128:lr0.001:hs_sh:cal1:id0:fit_targ:vm256:wd0/s44/attempt-001/cv,data/experiments/b0-exact-reproduction-l40/mlp-target-finalized-5098c7dbf6ab/s44/attempt-001
b0-target100,44,2024-2025,L40,True,True,0.0,1463904,"[38, 96, 36, 36, 90, 81]","[38, 96, 36, 36, 90, 81]",data/experiments/B0.1/b0:h12:tr_4rt:ed_logit:geo1:dyn1:lw_obj:enc_mlp:sp_none:hd_sh:dec_leg:nz_glob:us_none:z16:w64:ep100:pat30:bs8:m128:lr0.001:hs_sh:cal1:id0:fit_targ:vm256:wd0/s44/attempt-001/cv,data/experiments/b0-exact-reproduction-l40/mlp-target-finalized-5098c7dbf6ab/s44/attempt-001
b0-target100,44,2025-2026,L40,True,True,0.0,1492608,"[27, 94, 32, 86, 67, 46]","[27, 94, 32, 86, 67, 46]",data/experiments/B0.1/b0:h12:tr_4rt:ed_logit:geo1:dyn1:lw_obj:enc_mlp:sp_none:hd_sh:dec_leg:nz_glob:us_none:z16:w64:ep100:pat30:bs8:m128:lr0.001:hs_sh:cal1:id0:fit_targ:vm256:wd0/s44/attempt-001/cv,data/experiments/b0-exact-reproduction-l40/mlp-target-finalized-5098c7dbf6ab/s44/attempt-001
b0-pathogen300,42,2023-2024,H100,True,True,0.0,1349088,"[50, 149, 56]","[50, 149, 56]",data/experiments/B0.1/b0:h12:tr_4rt:ed_logit:geo1:dyn1:lw_obj:enc_mlp:sp_none:hd_sh:dec_leg:nz_glob:us_none:z16:w64:ep300:pat30:bs8:m128:lr0.001:hs_sh:cal1:id0:fit_path:vm256:wd0/s42/attempt-004/cv,data/experiments/b0-exact-reproduction/mlp-pathogen-finalized-f435d5e305e1/s42/attempt-002
b0-pathogen300,42,2024-2025,H100,True,True,0.0,1463904,"[22, 129, 66]","[22, 129, 66]",data/experiments/B0.1/b0:h12:tr_4rt:ed_logit:geo1:dyn1:lw_obj:enc_mlp:sp_none:hd_sh:dec_leg:nz_glob:us_none:z16:w64:ep300:pat30:bs8:m128:lr0.001:hs_sh:cal1:id0:fit_path:vm256:wd0/s42/attempt-004/cv,data/experiments/b0-exact-reproduction/mlp-pathogen-finalized-f435d5e305e1/s42/attempt-002
b0-pathogen300,42,2025-2026,H100,True,True,0.0,1492608,"[112, 102, 108]","[112, 102, 108]",data/experiments/B0.1/b0:h12:tr_4rt:ed_logit:geo1:dyn1:lw_obj:enc_mlp:sp_none:hd_sh:dec_leg:nz_glob:us_none:z16:w64:ep300:pat30:bs8:m128:lr0.001:hs_sh:cal1:id0:fit_path:vm256:wd0/s42/attempt-004/cv,data/experiments/b0-exact-reproduction/mlp-pathogen-finalized-f435d5e305e1/s42/attempt-002
b0-pathogen300,43,2023-2024,H100,True,True,0.0,1349088,"[82, 86, 34]","[82, 86, 34]",data/experiments/B0.1/b0:h12:tr_4rt:ed_logit:geo1:dyn1:lw_obj:enc_mlp:sp_none:hd_sh:dec_leg:nz_glob:us_none:z16:w64:ep300:pat30:bs8:m128:lr0.001:hs_sh:cal1:id0:fit_path:vm256:wd0/s43/attempt-001/cv,data/experiments/b0-exact-reproduction/mlp-pathogen-finalized-f435d5e305e1/s43/attempt-002
b0-pathogen300,43,2024-2025,H100,True,True,0.0,1463904,"[21, 163, 66]","[21, 163, 66]",data/experiments/B0.1/b0:h12:tr_4rt:ed_logit:geo1:dyn1:lw_obj:enc_mlp:sp_none:hd_sh:dec_leg:nz_glob:us_none:z16:w64:ep300:pat30:bs8:m128:lr0.001:hs_sh:cal1:id0:fit_path:vm256:wd0/s43/attempt-001/cv,data/experiments/b0-exact-reproduction/mlp-pathogen-finalized-f435d5e305e1/s43/attempt-002
b0-pathogen300,43,2025-2026,H100,True,True,0.0,1492608,"[50, 171, 106]","[50, 171, 106]",data/experiments/B0.1/b0:h12:tr_4rt:ed_logit:geo1:dyn1:lw_obj:enc_mlp:sp_none:hd_sh:dec_leg:nz_glob:us_none:z16:w64:ep300:pat30:bs8:m128:lr0.001:hs_sh:cal1:id0:fit_path:vm256:wd0/s43/attempt-001/cv,data/experiments/b0-exact-reproduction/mlp-pathogen-finalized-f435d5e305e1/s43/attempt-002
b0-pathogen300,44,2023-2024,L40,True,True,0.0,1349088,"[47, 184, 95]","[47, 184, 95]",data/experiments/B0.1/b0:h12:tr_4rt:ed_logit:geo1:dyn1:lw_obj:enc_mlp:sp_none:hd_sh:dec_leg:nz_glob:us_none:z16:w64:ep300:pat30:bs8:m128:lr0.001:hs_sh:cal1:id0:fit_path:vm256:wd0/s44/attempt-001/cv,data/experiments/b0-exact-reproduction-l40/mlp-pathogen-finalized-f435d5e305e1/s44/attempt-001
b0-pathogen300,44,2024-2025,L40,True,True,0.0,1463904,"[26, 121, 73]","[26, 121, 73]",data/experiments/B0.1/b0:h12:tr_4rt:ed_logit:geo1:dyn1:lw_obj:enc_mlp:sp_none:hd_sh:dec_leg:nz_glob:us_none:z16:w64:ep300:pat30:bs8:m128:lr0.001:hs_sh:cal1:id0:fit_path:vm256:wd0/s44/attempt-001/cv,data/experiments/b0-exact-reproduction-l40/mlp-pathogen-finalized-f435d5e305e1/s44/attempt-001
b0-pathogen300,44,2025-2026,L40,True,True,0.0,1492608,"[35, 92, 102]","[35, 92, 102]",data/experiments/B0.1/b0:h12:tr_4rt:ed_logit:geo1:dyn1:lw_obj:enc_mlp:sp_none:hd_sh:dec_leg:nz_glob:us_none:z16:w64:ep300:pat30:bs8:m128:lr0.001:hs_sh:cal1:id0:fit_path:vm256:wd0/s44/attempt-001/cv,data/experiments/b0-exact-reproduction-l40/mlp-pathogen-finalized-f435d5e305e1/s44/attempt-001
