config_id,seed,geography,wk inc flu hosp,wk inc covid hosp,wk inc rsv hosp,wk inc flu prop ed visits,wk inc covid prop ed visits,wk inc rsv prop ed visits,combined,name,budget,level
b1:v2:h12:tr_4rt:ed_logit:geo1:dyn1:lw_obj:enc_mlp:sp_joint:hd_sh:dec_leg:nz_glob:us_none:z16:w64:ep300:pat30:bs8:m128:lr0.001:hs_path:cal1:id0:fit_all:vm256:wd0.0:pipe_aux025:mask0.5:mr0.5:mg0.3:mo0.2,42,all,0.4202090399312622,0.40183093995875935,0.490027045300879,0.2928921568627451,0.3367301620588818,0.3957191172611112,0.4337230707471784,joint_mlp__joint_aux025__mask0.5,screen,50
b1:v2:h12:tr_4rt:ed_logit:geo1:dyn1:lw_obj:enc_mlp:sp_joint:hd_sh:dec_leg:nz_glob:us_none:z16:w64:ep300:pat30:bs8:m128:lr0.001:hs_path:cal1:id0:fit_all:vm256:wd0.0:pipe_aux025:mask0.5:mr0.5:mg0.3:mo0.2,43,all,0.42614654408772057,0.39494935733771985,0.4607505070993916,0.2921918767507004,0.2845187748301935,0.4057044030640225,0.4049624213824113,joint_mlp__joint_aux025__mask0.5,screen,50
b1:v2:h12:tr_4rt:ed_logit:geo1:dyn1:lw_obj:enc_mlp:sp_joint:hd_sh:dec_leg:nz_glob:us_none:z16:w64:ep300:pat30:bs8:m128:lr0.001:hs_path:cal1:id0:fit_all:vm256:wd0.0:pipe_aux025:mask0.5:mr0.5:mg0.3:mo0.2,44,all,0.4060236725269406,0.40789931343956354,0.4676470588235294,0.3577731092436975,0.3307217503757297,0.4078787073993726,0.40954375867494264,joint_mlp__joint_aux025__mask0.5,screen,50
b1:v2:h12:tr_4rt:ed_logit:geo1:dyn1:lw_obj:enc_mlp:sp_joint:hd_sh:dec_leg:nz_glob:us_none:z16:w64:ep300:pat30:bs8:m128:lr0.001:hs_path:cal1:id0:fit_all:vm256:wd0.0:pipe_direct:mask0.5:mr0.5:mg0.3:mo0.2,42,all,0.3721832512682186,0.4302949417886902,0.4770114942528737,0.3147759103641457,0.3132834690620159,0.3527062109281743,0.3895131107399166,joint_mlp__direct__mask0.5,screen,50
b1:v2:h12:tr_4rt:ed_logit:geo1:dyn1:lw_obj:enc_mlp:sp_joint:hd_sh:dec_leg:nz_glob:us_none:z16:w64:ep300:pat30:bs8:m128:lr0.001:hs_path:cal1:id0:fit_all:vm256:wd0.0:pipe_direct:mask0.5:mr0.5:mg0.3:mo0.2,43,all,0.39311947191032165,0.3894015386219679,0.5130493576741042,0.3575280112044819,0.3236086353733413,0.5202143994290098,0.4013243920926551,joint_mlp__direct__mask0.5,screen,50
b1:v2:h12:tr_4rt:ed_logit:geo1:dyn1:lw_obj:enc_mlp:sp_joint:hd_sh:dec_leg:nz_glob:us_none:z16:w64:ep300:pat30:bs8:m128:lr0.001:hs_path:cal1:id0:fit_all:vm256:wd0.0:pipe_direct:mask0.5:mr0.5:mg0.3:mo0.2,44,all,0.36857854442821764,0.38439630784549195,0.4189317106152807,0.2785014005602242,0.2810259457318281,0.3961506432177313,0.367440730261563,joint_mlp__direct__mask0.5,screen,50
b1:v2:h12:tr_4rt:ed_logit:geo1:dyn1:lw_obj:enc_mlp:sp_joint:hd_sh:dec_leg:nz_glob:us_none:z16:w64:ep300:pat30:bs8:m128:lr0.001:hs_path:cal1:id0:fit_all:vm256:wd0.0:pipe_flag:mask0.5:mr0.5:mg0.3:mo0.2,42,all,0.40016293316946916,0.38775157343774713,0.4727180527383369,0.2931022408963586,0.3484729649435532,0.3760753538384065,0.4001802464640898,joint_mlp__direct_finalflag__mask0.5,screen,50
b1:v2:h12:tr_4rt:ed_logit:geo1:dyn1:lw_obj:enc_mlp:sp_joint:hd_sh:dec_leg:nz_glob:us_none:z16:w64:ep300:pat30:bs8:m128:lr0.001:hs_path:cal1:id0:fit_all:vm256:wd0.0:pipe_flag:mask0.5:mr0.5:mg0.3:mo0.2,43,all,0.39249153412552107,0.37508350741222896,0.4477687626774849,0.3080182072829132,0.324534386541307,0.3895338618072403,0.38383605540808047,joint_mlp__direct_finalflag__mask0.5,screen,50
b1:v2:h12:tr_4rt:ed_logit:geo1:dyn1:lw_obj:enc_mlp:sp_joint:hd_sh:dec_leg:nz_glob:us_none:z16:w64:ep300:pat30:bs8:m128:lr0.001:hs_path:cal1:id0:fit_all:vm256:wd0.0:pipe_flag:mask0.5:mr0.5:mg0.3:mo0.2,44,all,0.4507553182716582,0.43554892878407164,0.4577079107505073,0.4075280112044818,0.3683112555776917,0.4359515831323582,0.4433488822764087,joint_mlp__direct_finalflag__mask0.5,screen,50
b1:v2:h12:tr_4rt:ed_logit:geo1:dyn1:lw_obj:enc_mlp:sp_joint:hd_sh:dec_leg:nz_glob:us_none:z16:w64:ep300:pat30:bs8:m128:lr0.001:hs_path:cal1:id0:fit_all:vm256:wd0.0:pipe_two:mask0.5:mr0.5:mg0.3:mo0.2,42,all,0.3909329619787137,0.4610890779368877,0.3526707234617986,0.3136204481792718,0.2430498759218482,0.4438922189817772,0.38664320290653903,joint_mlp__two_stage__mask0.5,screen,50
b1:v2:h12:tr_4rt:ed_logit:geo1:dyn1:lw_obj:enc_mlp:sp_joint:hd_sh:dec_leg:nz_glob:us_none:z16:w64:ep300:pat30:bs8:m128:lr0.001:hs_path:cal1:id0:fit_all:vm256:wd0.0:pipe_two:mask0.5:mr0.5:mg0.3:mo0.2,43,all,0.3915044051808758,0.38391275535776165,0.358079783637593,0.3637605042016806,0.3064891125790779,0.4419944345176571,0.37802184201517797,joint_mlp__two_stage__mask0.5,screen,50
b1:v2:h12:tr_4rt:ed_logit:geo1:dyn1:lw_obj:enc_mlp:sp_joint:hd_sh:dec_leg:nz_glob:us_none:z16:w64:ep300:pat30:bs8:m128:lr0.001:hs_path:cal1:id0:fit_all:vm256:wd0.0:pipe_two:mask0.5:mr0.5:mg0.3:mo0.2,44,all,0.3751496724045744,0.4020184742279139,0.4958079783637594,0.400140056022409,0.3244768329197396,0.4784337125045584,0.40135973467523045,joint_mlp__two_stage__mask0.5,screen,50
b1:v2:h12:tr_4rt:ed_logit:geo1:dyn1:lw_obj:enc_mlp:sp_none:hd_sh:dec_leg:nz_glob:us_none:z16:w64:ep100:pat30:bs8:m128:lr0.001:hs_sh:cal1:id0:fit_path:vm256:wd0.0:pipe_aux025:mask0.5:mr0.5:mg0.3:mo0.2,42,all,0.4175776891953363,0.3946832773253409,0.5165990534144693,0.3486344537815126,0.3256498083487704,0.4095399984183553,0.42929588431789273,pathogen_mlp__joint_aux025__mask0.5,screen,50
b1:v2:h12:tr_4rt:ed_logit:geo1:dyn1:lw_obj:enc_mlp:sp_none:hd_sh:dec_leg:nz_glob:us_none:z16:w64:ep100:pat30:bs8:m128:lr0.001:hs_sh:cal1:id0:fit_path:vm256:wd0.0:pipe_aux025:mask0.5:mr0.5:mg0.3:mo0.2,43,all,0.4410669196453511,0.46934714527430477,0.4627450980392158,0.3823879551820728,0.3191196859016929,0.426181920948288,0.4487338086759359,pathogen_mlp__joint_aux025__mask0.5,screen,50
b1:v2:h12:tr_4rt:ed_logit:geo1:dyn1:lw_obj:enc_mlp:sp_none:hd_sh:dec_leg:nz_glob:us_none:z16:w64:ep100:pat30:bs8:m128:lr0.001:hs_sh:cal1:id0:fit_path:vm256:wd0.0:pipe_aux025:mask0.5:mr0.5:mg0.3:mo0.2,44,all,0.4224931235552151,0.47801560150565636,0.5004732927653821,0.4132703081232494,0.3641902298649704,0.420436775482919,0.4358307131410783,pathogen_mlp__joint_aux025__mask0.5,screen,50
b1:v2:h12:tr_4rt:ed_logit:geo1:dyn1:lw_obj:enc_mlp:sp_none:hd_sh:dec_leg:nz_glob:us_none:z16:w64:ep100:pat30:bs8:m128:lr0.001:hs_sh:cal1:id0:fit_path:vm256:wd0.0:pipe_direct:mask0.5:mr0.5:mg0.3:mo0.2,42,all,0.4266737027194543,0.4638215279249461,0.4853955375253551,0.3970588235294118,0.3495285030233128,0.4781217247961062,0.43446295083890135,pathogen_mlp__direct__mask0.5,screen,50
b1:v2:h12:tr_4rt:ed_logit:geo1:dyn1:lw_obj:enc_mlp:sp_none:hd_sh:dec_leg:nz_glob:us_none:z16:w64:ep100:pat30:bs8:m128:lr0.001:hs_sh:cal1:id0:fit_path:vm256:wd0.0:pipe_direct:mask0.5:mr0.5:mg0.3:mo0.2,43,all,0.4319726684595966,0.4442880257266743,0.5424949290060854,0.370343137254902,0.2919569396386006,0.4491094364712733,0.43693402241199014,pathogen_mlp__direct__mask0.5,screen,50
b1:v2:h12:tr_4rt:ed_logit:geo1:dyn1:lw_obj:enc_mlp:sp_none:hd_sh:dec_leg:nz_glob:us_none:z16:w64:ep100:pat30:bs8:m128:lr0.001:hs_sh:cal1:id0:fit_path:vm256:wd0.0:pipe_direct:mask0.5:mr0.5:mg0.3:mo0.2,44,all,0.3890729036153873,0.42841505790856405,0.3343813387423935,0.4223039215686275,0.3333598965432876,0.2802571252522794,0.367041874417895,pathogen_mlp__direct__mask0.5,screen,50
b1:v2:h12:tr_4rt:ed_logit:geo1:dyn1:lw_obj:enc_mlp:sp_none:hd_sh:dec_leg:nz_glob:us_none:z16:w64:ep100:pat30:bs8:m128:lr0.001:hs_sh:cal1:id0:fit_path:vm256:wd0.0:pipe_flag:mask0.5:mr0.5:mg0.3:mo0.2,42,all,0.4499963356662704,0.48217919866522707,0.5461798512508453,0.3948879551820728,0.3479146715132875,0.4604035930131363,0.46971603647466703,pathogen_mlp__direct_finalflag__mask0.5,screen,50
b1:v2:h12:tr_4rt:ed_logit:geo1:dyn1:lw_obj:enc_mlp:sp_none:hd_sh:dec_leg:nz_glob:us_none:z16:w64:ep100:pat30:bs8:m128:lr0.001:hs_sh:cal1:id0:fit_path:vm256:wd0.0:pipe_flag:mask0.5:mr0.5:mg0.3:mo0.2,43,all,0.39348192838388923,0.44553752535496965,0.4863083164300204,0.3230742296918768,0.3201745249496115,0.4656161666786129,0.41038114002920584,pathogen_mlp__direct_finalflag__mask0.5,screen,50
b1:v2:h12:tr_4rt:ed_logit:geo1:dyn1:lw_obj:enc_mlp:sp_none:hd_sh:dec_leg:nz_glob:us_none:z16:w64:ep100:pat30:bs8:m128:lr0.001:hs_sh:cal1:id0:fit_path:vm256:wd0.0:pipe_flag:mask0.5:mr0.5:mg0.3:mo0.2,44,all,0.42817095214154044,0.4110140642292258,0.503346855983773,0.4130602240896359,0.3549180385166545,0.4212019721176115,0.424433690798254,pathogen_mlp__direct_finalflag__mask0.5,screen,50
b1:v2:h12:tr_4rt:ed_logit:geo1:dyn1:lw_obj:enc_mlp:sp_none:hd_sh:dec_leg:nz_glob:us_none:z16:w64:ep100:pat30:bs8:m128:lr0.001:hs_sh:cal1:id0:fit_path:vm256:wd0.0:pipe_two:mask0.5:mr0.5:mg0.3:mo0.2,42,all,0.41890040061608697,0.3406150451259592,0.4202839756592292,0.367717086834734,0.2252000978644577,0.4371372558389207,0.3877471326395807,pathogen_mlp__two_stage__mask0.5,screen,50
b1:v2:h12:tr_4rt:ed_logit:geo1:dyn1:lw_obj:enc_mlp:sp_none:hd_sh:dec_leg:nz_glob:us_none:z16:w64:ep100:pat30:bs8:m128:lr0.001:hs_sh:cal1:id0:fit_path:vm256:wd0.0:pipe_two:mask0.5:mr0.5:mg0.3:mo0.2,43,all,0.43840743799894133,0.41247683152863146,0.5688302907369845,0.363375350140056,0.1718019875805343,0.514908152547584,0.4382666115625999,pathogen_mlp__two_stage__mask0.5,screen,50
b1:v2:h12:tr_4rt:ed_logit:geo1:dyn1:lw_obj:enc_mlp:sp_none:hd_sh:dec_leg:nz_glob:us_none:z16:w64:ep100:pat30:bs8:m128:lr0.001:hs_sh:cal1:id0:fit_path:vm256:wd0.0:pipe_two:mask0.5:mr0.5:mg0.3:mo0.2,44,all,0.34799672670587717,0.4086401999468514,0.5137592968221772,0.3065826330532213,0.3654682930807499,0.502763450645932,0.39165980397906003,pathogen_mlp__two_stage__mask0.5,screen,50
b1:v2:h12:tr_4rt:ed_logit:geo1:dyn1:lw_obj:enc_mlp:sp_none:hd_sh:dec_leg:nz_glob:us_none:z16:w64:ep100:pat30:bs8:m128:lr0.001:hs_sh:cal1:id0:fit_targ:vm256:wd0.0:pipe_aux025:mask0.5:mr0.5:mg0.3:mo0.2,42,all,0.422861778139556,0.39721019648209266,0.4600743745774173,0.3941876750700281,0.4207563524518543,0.2769393937335704,0.40861578289944417,target_mlp__joint_aux025__mask0.5,screen,50
b1:v2:h12:tr_4rt:ed_logit:geo1:dyn1:lw_obj:enc_mlp:sp_none:hd_sh:dec_leg:nz_glob:us_none:z16:w64:ep100:pat30:bs8:m128:lr0.001:hs_sh:cal1:id0:fit_targ:vm256:wd0.0:pipe_aux025:mask0.5:mr0.5:mg0.3:mo0.2,43,all,0.39700521519148974,0.4195323248530842,0.3233603786342124,0.33312324929972,0.3843906189926952,0.303985163330656,0.3990422775348297,target_mlp__joint_aux025__mask0.5,screen,50
b1:v2:h12:tr_4rt:ed_logit:geo1:dyn1:lw_obj:enc_mlp:sp_none:hd_sh:dec_leg:nz_glob:us_none:z16:w64:ep100:pat30:bs8:m128:lr0.001:hs_sh:cal1:id0:fit_targ:vm256:wd0.0:pipe_aux025:mask0.5:mr0.5:mg0.3:mo0.2,44,all,0.4273383237435526,0.4484053700395926,0.4541582150101421,0.4259453781512605,0.3458951685249264,0.3018023968496875,0.4312283844470255,target_mlp__joint_aux025__mask0.5,screen,50
b1:v2:h12:tr_4rt:ed_logit:geo1:dyn1:lw_obj:enc_mlp:sp_none:hd_sh:dec_leg:nz_glob:us_none:z16:w64:ep100:pat30:bs8:m128:lr0.001:hs_sh:cal1:id0:fit_targ:vm256:wd0.0:pipe_direct:mask0.5:mr0.5:mg0.3:mo0.2,42,all,0.4521039593425215,0.4523476263039099,0.4370520622041922,0.3881652661064426,0.3461752472825138,0.3959967117344854,0.45452252317917075,target_mlp__direct__mask0.5,screen,50
b1:v2:h12:tr_4rt:ed_logit:geo1:dyn1:lw_obj:enc_mlp:sp_none:hd_sh:dec_leg:nz_glob:us_none:z16:w64:ep100:pat30:bs8:m128:lr0.001:hs_sh:cal1:id0:fit_targ:vm256:wd0.0:pipe_direct:mask0.5:mr0.5:mg0.3:mo0.2,43,all,0.41211390159102584,0.3892417560608049,0.5006423258958757,0.2797268907563026,0.2755690701711464,0.3962456226623427,0.4080162551262309,target_mlp__direct__mask0.5,screen,50
b1:v2:h12:tr_4rt:ed_logit:geo1:dyn1:lw_obj:enc_mlp:sp_none:hd_sh:dec_leg:nz_glob:us_none:z16:w64:ep100:pat30:bs8:m128:lr0.001:hs_sh:cal1:id0:fit_targ:vm256:wd0.0:pipe_direct:mask0.5:mr0.5:mg0.3:mo0.2,44,all,0.40938117982235633,0.4446072544646612,0.4238674780256931,0.2971288515406163,0.3440769867067445,0.3761839981821473,0.4004591328668312,target_mlp__direct__mask0.5,screen,50
b1:v2:h12:tr_4rt:ed_logit:geo1:dyn1:lw_obj:enc_mlp:sp_none:hd_sh:dec_leg:nz_glob:us_none:z16:w64:ep100:pat30:bs8:m128:lr0.001:hs_sh:cal1:id0:fit_targ:vm256:wd0.0:pipe_flag:mask0.5:mr0.5:mg0.3:mo0.2,42,all,0.4638302661995473,0.44814988613390117,0.3100067613252198,0.3678571428571429,0.3532151969522212,0.3974038839579911,0.4399286552331856,target_mlp__direct_finalflag__mask0.5,screen,50
b1:v2:h12:tr_4rt:ed_logit:geo1:dyn1:lw_obj:enc_mlp:sp_none:hd_sh:dec_leg:nz_glob:us_none:z16:w64:ep100:pat30:bs8:m128:lr0.001:hs_sh:cal1:id0:fit_targ:vm256:wd0.0:pipe_flag:mask0.5:mr0.5:mg0.3:mo0.2,43,all,0.4082368502956739,0.4020941607042543,0.4423597025016904,0.359733893557423,0.2696951056120606,0.3683353926411754,0.40460165071860626,target_mlp__direct_finalflag__mask0.5,screen,50
b1:v2:h12:tr_4rt:ed_logit:geo1:dyn1:lw_obj:enc_mlp:sp_none:hd_sh:dec_leg:nz_glob:us_none:z16:w64:ep100:pat30:bs8:m128:lr0.001:hs_sh:cal1:id0:fit_targ:vm256:wd0.0:pipe_flag:mask0.5:mr0.5:mg0.3:mo0.2,44,all,0.4398950710388619,0.43426629529835614,0.4752535496957405,0.3488095238095238,0.3555366816958513,0.3286258316253674,0.42448970787972334,target_mlp__direct_finalflag__mask0.5,screen,50
b1:v2:h12:tr_4rt:ed_logit:geo1:dyn1:lw_obj:enc_mlp:sp_none:hd_sh:dec_leg:nz_glob:us_none:z16:w64:ep100:pat30:bs8:m128:lr0.001:hs_sh:cal1:id0:fit_targ:vm256:wd0.0:pipe_two:mask0.5:mr0.5:mg0.3:mo0.2,42,all,0.3448225691036149,0.44445958173971256,0.4355983772819474,0.2810574229691877,0.2953929141472394,0.5243800333786172,0.37721297997097153,target_mlp__two_stage__mask0.5,screen,50
b1:v2:h12:tr_4rt:ed_logit:geo1:dyn1:lw_obj:enc_mlp:sp_none:hd_sh:dec_leg:nz_glob:us_none:z16:w64:ep100:pat30:bs8:m128:lr0.001:hs_sh:cal1:id0:fit_targ:vm256:wd0.0:pipe_two:mask0.5:mr0.5:mg0.3:mo0.2,43,all,0.3743997342526755,0.5059415565848917,0.3463488843813389,0.1960084033613446,0.2652555543905025,0.4667945545500561,0.4237634376073614,target_mlp__two_stage__mask0.5,screen,50
b1:v2:h12:tr_4rt:ed_logit:geo1:dyn1:lw_obj:enc_mlp:sp_none:hd_sh:dec_leg:nz_glob:us_none:z16:w64:ep100:pat30:bs8:m128:lr0.001:hs_sh:cal1:id0:fit_targ:vm256:wd0.0:pipe_two:mask0.5:mr0.5:mg0.3:mo0.2,44,all,0.3037110323711631,0.3392185455413938,0.5488505747126439,0.3552521008403362,0.2775184369648038,0.5253249738960697,0.3531810526928916,target_mlp__two_stage__mask0.5,screen,50
b1:v2:h12:tr_4rt:ed_logit:geo1:dyn1:lw_obj:enc_msc:sp_none:hd_sh:dec_leg:nz_glob:us_none:z16:w64:ep100:pat30:bs8:m128:lr0.001:hs_sh:cal1:id0:fit_targ:vm256:wd0.0:pipe_aux025:mask0.5:mr0.5:mg0.3:mo0.2,42,all,0.48328831057589233,0.43140013253542975,0.3414131169709264,0.4071778711484594,0.3270161825871169,0.4267733797950132,0.45947061589657573,target_multiscale__joint_aux025__mask0.5,screen,50
b1:v2:h12:tr_4rt:ed_logit:geo1:dyn1:lw_obj:enc_msc:sp_none:hd_sh:dec_leg:nz_glob:us_none:z16:w64:ep100:pat30:bs8:m128:lr0.001:hs_sh:cal1:id0:fit_targ:vm256:wd0.0:pipe_aux025:mask0.5:mr0.5:mg0.3:mo0.2,43,all,0.48105020070706356,0.3826930257434935,0.3815415821501015,0.3992997198879552,0.3256803327391563,0.2223913755666572,0.44104824012233973,target_multiscale__joint_aux025__mask0.5,screen,50
b1:v2:h12:tr_4rt:ed_logit:geo1:dyn1:lw_obj:enc_msc:sp_none:hd_sh:dec_leg:nz_glob:us_none:z16:w64:ep100:pat30:bs8:m128:lr0.001:hs_sh:cal1:id0:fit_targ:vm256:wd0.0:pipe_aux025:mask0.5:mr0.5:mg0.3:mo0.2,44,all,0.42935963274198574,0.4098200680169134,0.3920554428668019,0.356967787114846,0.3396563093448907,0.251983791151297,0.4221899608202631,target_multiscale__joint_aux025__mask0.5,screen,50
b1:v2:h12:tr_4rt:ed_logit:geo1:dyn1:lw_obj:enc_msc:sp_none:hd_sh:dec_leg:nz_glob:us_none:z16:w64:ep100:pat30:bs8:m128:lr0.001:hs_sh:cal1:id0:fit_targ:vm256:wd0.0:pipe_direct:mask0.5:mr0.5:mg0.3:mo0.2,42,all,0.498802008932728,0.3824185361226323,0.3515212981744423,0.3182773109243698,0.2875539710833829,0.429360738990875,0.4542445952661363,target_multiscale__direct__mask0.5,screen,50
b1:v2:h12:tr_4rt:ed_logit:geo1:dyn1:lw_obj:enc_msc:sp_none:hd_sh:dec_leg:nz_glob:us_none:z16:w64:ep100:pat30:bs8:m128:lr0.001:hs_sh:cal1:id0:fit_targ:vm256:wd0.0:pipe_direct:mask0.5:mr0.5:mg0.3:mo0.2,43,all,0.41139434881264947,0.41404640085576183,0.3998985801217039,0.3761204481792717,0.2607090512972866,0.3782338001742366,0.41563979982579413,target_multiscale__direct__mask0.5,screen,50
b1:v2:h12:tr_4rt:ed_logit:geo1:dyn1:lw_obj:enc_msc:sp_none:hd_sh:dec_leg:nz_glob:us_none:z16:w64:ep100:pat30:bs8:m128:lr0.001:hs_sh:cal1:id0:fit_targ:vm256:wd0.0:pipe_direct:mask0.5:mr0.5:mg0.3:mo0.2,44,all,0.4168577307466197,0.42566326582099645,0.2902636916835701,0.3025560224089637,0.3000149126792726,0.3522164655290278,0.4043359475144445,target_multiscale__direct__mask0.5,screen,50
b1:v2:h12:tr_4rt:ed_logit:geo1:dyn1:lw_obj:enc_msc:sp_none:hd_sh:dec_leg:nz_glob:us_none:z16:w64:ep100:pat30:bs8:m128:lr0.001:hs_sh:cal1:id0:fit_targ:vm256:wd0.0:pipe_flag:mask0.5:mr0.5:mg0.3:mo0.2,42,all,0.44800600392103657,0.41330955096054556,0.3608857336037864,0.4242296918767507,0.2998534363240246,0.3220526742035314,0.4453646617877582,target_multiscale__direct_finalflag__mask0.5,screen,50
b1:v2:h12:tr_4rt:ed_logit:geo1:dyn1:lw_obj:enc_msc:sp_none:hd_sh:dec_leg:nz_glob:us_none:z16:w64:ep100:pat30:bs8:m128:lr0.001:hs_sh:cal1:id0:fit_targ:vm256:wd0.0:pipe_flag:mask0.5:mr0.5:mg0.3:mo0.2,43,all,0.4103309870956931,0.4172861184274706,0.4371534820824883,0.4198879551820729,0.3067705894003473,0.2517904441648909,0.4243952925593113,target_multiscale__direct_finalflag__mask0.5,screen,50
b1:v2:h12:tr_4rt:ed_logit:geo1:dyn1:lw_obj:enc_msc:sp_none:hd_sh:dec_leg:nz_glob:us_none:z16:w64:ep100:pat30:bs8:m128:lr0.001:hs_sh:cal1:id0:fit_targ:vm256:wd0.0:pipe_flag:mask0.5:mr0.5:mg0.3:mo0.2,44,all,0.42897272299233097,0.3692914736661521,0.3935429344151454,0.4129551820728292,0.3149723299896311,0.4773219480482709,0.4325537902167799,target_multiscale__direct_finalflag__mask0.5,screen,50
b1:v2:h12:tr_4rt:ed_logit:geo1:dyn1:lw_obj:enc_msc:sp_none:hd_sh:dec_leg:nz_glob:us_none:z16:w64:ep100:pat30:bs8:m128:lr0.001:hs_sh:cal1:id0:fit_targ:vm256:wd0.0:pipe_two:mask0.5:mr0.5:mg0.3:mo0.2,42,all,0.36061902633798065,0.34388100067613253,0.3685598377281948,0.341141456582633,0.3562245290272973,0.4089236044548897,0.3824592079014127,target_multiscale__two_stage__mask0.5,screen,50
b1:v2:h12:tr_4rt:ed_logit:geo1:dyn1:lw_obj:enc_msc:sp_none:hd_sh:dec_leg:nz_glob:us_none:z16:w64:ep100:pat30:bs8:m128:lr0.001:hs_sh:cal1:id0:fit_targ:vm256:wd0.0:pipe_two:mask0.5:mr0.5:mg0.3:mo0.2,43,all,0.339429940067195,0.4339068686318241,0.3909060175794456,0.4168417366946779,0.2706010508778675,0.4291920533032921,0.3819219414531892,target_multiscale__two_stage__mask0.5,screen,50
b1:v2:h12:tr_4rt:ed_logit:geo1:dyn1:lw_obj:enc_msc:sp_none:hd_sh:dec_leg:nz_glob:us_none:z16:w64:ep100:pat30:bs8:m128:lr0.001:hs_sh:cal1:id0:fit_targ:vm256:wd0.0:pipe_two:mask0.5:mr0.5:mg0.3:mo0.2,44,all,0.39565215164888373,0.3714601435015592,0.4922244759972956,0.3442927170868347,0.2521529015646663,0.4986818811408096,0.4013040028916006,target_multiscale__two_stage__mask0.5,screen,50
b1:v2:h12:tr_4rt:ed_logit:geo1:dyn1:lw_obj:enc_mlp:sp_joint:hd_sh:dec_leg:nz_glob:us_none:z16:w64:ep300:pat30:bs8:m128:lr0.001:hs_path:cal1:id0:fit_all:vm256:wd0.0:pipe_aux025:mask0.5:mr0.5:mg0.3:mo0.2,42,all,0.8334088212682985,0.846914178263517,0.8909060175794459,0.7497198879551821,0.7147267368028616,0.8347039740914978,0.853738019239003,joint_mlp__joint_aux025__mask0.5,screen,95
b1:v2:h12:tr_4rt:ed_logit:geo1:dyn1:lw_obj:enc_mlp:sp_joint:hd_sh:dec_leg:nz_glob:us_none:z16:w64:ep300:pat30:bs8:m128:lr0.001:hs_path:cal1:id0:fit_all:vm256:wd0.0:pipe_aux025:mask0.5:mr0.5:mg0.3:mo0.2,43,all,0.8156091971451449,0.8218828104238782,0.8914469235970253,0.6627100840336135,0.6469691144431631,0.7929828179523444,0.810120901212397,joint_mlp__joint_aux025__mask0.5,screen,95
b1:v2:h12:tr_4rt:ed_logit:geo1:dyn1:lw_obj:enc_mlp:sp_joint:hd_sh:dec_leg:nz_glob:us_none:z16:w64:ep300:pat30:bs8:m128:lr0.001:hs_path:cal1:id0:fit_all:vm256:wd0.0:pipe_aux025:mask0.5:mr0.5:mg0.3:mo0.2,44,all,0.8402732422503666,0.8480202099711048,0.8812373225152133,0.7968137254901961,0.7365528409819069,0.8272817053912591,0.8468244232037456,joint_mlp__joint_aux025__mask0.5,screen,95
b1:v2:h12:tr_4rt:ed_logit:geo1:dyn1:lw_obj:enc_mlp:sp_joint:hd_sh:dec_leg:nz_glob:us_none:z16:w64:ep300:pat30:bs8:m128:lr0.001:hs_path:cal1:id0:fit_all:vm256:wd0.0:pipe_direct:mask0.5:mr0.5:mg0.3:mo0.2,42,all,0.8116709893834079,0.8473619058191129,0.8622379986477352,0.7379201680672269,0.7015092097445039,0.7823053498613877,0.8206190187639556,joint_mlp__direct__mask0.5,screen,95
b1:v2:h12:tr_4rt:ed_logit:geo1:dyn1:lw_obj:enc_mlp:sp_joint:hd_sh:dec_leg:nz_glob:us_none:z16:w64:ep300:pat30:bs8:m128:lr0.001:hs_path:cal1:id0:fit_all:vm256:wd0.0:pipe_direct:mask0.5:mr0.5:mg0.3:mo0.2,43,all,0.8483230984701575,0.8186853090867503,0.9120351588911428,0.8069327731092437,0.7039325201262918,0.9251705827822814,0.8353992771498815,joint_mlp__direct__mask0.5,screen,95
b1:v2:h12:tr_4rt:ed_logit:geo1:dyn1:lw_obj:enc_mlp:sp_joint:hd_sh:dec_leg:nz_glob:us_none:z16:w64:ep300:pat30:bs8:m128:lr0.001:hs_path:cal1:id0:fit_all:vm256:wd0.0:pipe_direct:mask0.5:mr0.5:mg0.3:mo0.2,44,all,0.7632533763742915,0.826516672889777,0.845131845841785,0.7306372549019609,0.6746593967355214,0.8103877013990045,0.7796184484778178,joint_mlp__direct__mask0.5,screen,95
b1:v2:h12:tr_4rt:ed_logit:geo1:dyn1:lw_obj:enc_mlp:sp_joint:hd_sh:dec_leg:nz_glob:us_none:z16:w64:ep300:pat30:bs8:m128:lr0.001:hs_path:cal1:id0:fit_all:vm256:wd0.0:pipe_flag:mask0.5:mr0.5:mg0.3:mo0.2,42,all,0.7976478901152104,0.8073965870444939,0.8720419202163625,0.7544117647058824,0.7081523423391939,0.7974087783733496,0.8088041193245473,joint_mlp__direct_finalflag__mask0.5,screen,95
b1:v2:h12:tr_4rt:ed_logit:geo1:dyn1:lw_obj:enc_mlp:sp_joint:hd_sh:dec_leg:nz_glob:us_none:z16:w64:ep300:pat30:bs8:m128:lr0.001:hs_path:cal1:id0:fit_all:vm256:wd0.0:pipe_flag:mask0.5:mr0.5:mg0.3:mo0.2,43,all,0.8049252103500472,0.7956273399735604,0.8692021636240704,0.7346988795518208,0.7174997961157134,0.7924944024346141,0.8019868699190201,joint_mlp__direct_finalflag__mask0.5,screen,95
b1:v2:h12:tr_4rt:ed_logit:geo1:dyn1:lw_obj:enc_mlp:sp_joint:hd_sh:dec_leg:nz_glob:us_none:z16:w64:ep300:pat30:bs8:m128:lr0.001:hs_path:cal1:id0:fit_all:vm256:wd0.0:pipe_flag:mask0.5:mr0.5:mg0.3:mo0.2,44,all,0.8848867381710521,0.8738264391362998,0.8834685598377284,0.8408963585434174,0.7839590833362462,0.8735146599262712,0.8831316470245717,joint_mlp__direct_finalflag__mask0.5,screen,95
b1:v2:h12:tr_4rt:ed_logit:geo1:dyn1:lw_obj:enc_mlp:sp_joint:hd_sh:dec_leg:nz_glob:us_none:z16:w64:ep300:pat30:bs8:m128:lr0.001:hs_path:cal1:id0:fit_all:vm256:wd0.0:pipe_two:mask0.5:mr0.5:mg0.3:mo0.2,42,all,0.8055067421080495,0.8915325334113747,0.7958417849898582,0.7608543417366948,0.6490930061864318,0.8921854460077014,0.8092998193740325,joint_mlp__two_stage__mask0.5,screen,95
b1:v2:h12:tr_4rt:ed_logit:geo1:dyn1:lw_obj:enc_mlp:sp_joint:hd_sh:dec_leg:nz_glob:us_none:z16:w64:ep300:pat30:bs8:m128:lr0.001:hs_path:cal1:id0:fit_all:vm256:wd0.0:pipe_two:mask0.5:mr0.5:mg0.3:mo0.2,43,all,0.793984041859859,0.8164374207394403,0.7924611223799867,0.8205882352941177,0.7630696818240073,0.8678069361008333,0.7971434595187757,joint_mlp__two_stage__mask0.5,screen,95
b1:v2:h12:tr_4rt:ed_logit:geo1:dyn1:lw_obj:enc_mlp:sp_joint:hd_sh:dec_leg:nz_glob:us_none:z16:w64:ep300:pat30:bs8:m128:lr0.001:hs_path:cal1:id0:fit_all:vm256:wd0.0:pipe_two:mask0.5:mr0.5:mg0.3:mo0.2,44,all,0.804214083544149,0.8325815143350189,0.9040906017579448,0.8426820728291318,0.7519615998508734,0.90155337873863,0.8287893423450137,joint_mlp__two_stage__mask0.5,screen,95
b1:v2:h12:tr_4rt:ed_logit:geo1:dyn1:lw_obj:enc_mlp:sp_none:hd_sh:dec_leg:nz_glob:us_none:z16:w64:ep100:pat30:bs8:m128:lr0.001:hs_sh:cal1:id0:fit_path:vm256:wd0.0:pipe_aux025:mask0.5:mr0.5:mg0.3:mo0.2,42,all,0.8307191338073693,0.8001483454936273,0.8682555780933066,0.7838235294117648,0.6848298439993944,0.8752716642645004,0.8394406738266008,pathogen_mlp__joint_aux025__mask0.5,screen,95
b1:v2:h12:tr_4rt:ed_logit:geo1:dyn1:lw_obj:enc_mlp:sp_none:hd_sh:dec_leg:nz_glob:us_none:z16:w64:ep100:pat30:bs8:m128:lr0.001:hs_sh:cal1:id0:fit_path:vm256:wd0.0:pipe_aux025:mask0.5:mr0.5:mg0.3:mo0.2,43,all,0.8688906246259189,0.8645820929160823,0.8691683569979718,0.8377450980392158,0.708711567811914,0.8293873287349502,0.8693068553156271,pathogen_mlp__joint_aux025__mask0.5,screen,95
b1:v2:h12:tr_4rt:ed_logit:geo1:dyn1:lw_obj:enc_mlp:sp_none:hd_sh:dec_leg:nz_glob:us_none:z16:w64:ep100:pat30:bs8:m128:lr0.001:hs_sh:cal1:id0:fit_path:vm256:wd0.0:pipe_aux025:mask0.5:mr0.5:mg0.3:mo0.2,44,all,0.826091499277774,0.8471755488951458,0.8924949290060854,0.8165966386554622,0.7347272028240887,0.9190424794137804,0.836595460578232,pathogen_mlp__joint_aux025__mask0.5,screen,95
b1:v2:h12:tr_4rt:ed_logit:geo1:dyn1:lw_obj:enc_mlp:sp_none:hd_sh:dec_leg:nz_glob:us_none:z16:w64:ep100:pat30:bs8:m128:lr0.001:hs_sh:cal1:id0:fit_path:vm256:wd0.0:pipe_direct:mask0.5:mr0.5:mg0.3:mo0.2,42,all,0.8742631962566604,0.8725693708603703,0.8856659905341449,0.8420518207282914,0.7450209127025739,0.8805960690028609,0.8672091654464333,pathogen_mlp__direct__mask0.5,screen,95
b1:v2:h12:tr_4rt:ed_logit:geo1:dyn1:lw_obj:enc_mlp:sp_none:hd_sh:dec_leg:nz_glob:us_none:z16:w64:ep100:pat30:bs8:m128:lr0.001:hs_sh:cal1:id0:fit_path:vm256:wd0.0:pipe_direct:mask0.5:mr0.5:mg0.3:mo0.2,43,all,0.8476826181564746,0.8329530508377654,0.9089925625422584,0.809453781512605,0.6608807801195345,0.8948308537496152,0.8450861075608378,pathogen_mlp__direct__mask0.5,screen,95
b1:v2:h12:tr_4rt:ed_logit:geo1:dyn1:lw_obj:enc_mlp:sp_none:hd_sh:dec_leg:nz_glob:us_none:z16:w64:ep100:pat30:bs8:m128:lr0.001:hs_sh:cal1:id0:fit_path:vm256:wd0.0:pipe_direct:mask0.5:mr0.5:mg0.3:mo0.2,44,all,0.8113932648082977,0.8236145170025466,0.7771129141311698,0.8695378151260504,0.7009280812741022,0.7244822893479211,0.7870580959640409,pathogen_mlp__direct__mask0.5,screen,95
b1:v2:h12:tr_4rt:ed_logit:geo1:dyn1:lw_obj:enc_mlp:sp_none:hd_sh:dec_leg:nz_glob:us_none:z16:w64:ep100:pat30:bs8:m128:lr0.001:hs_sh:cal1:id0:fit_path:vm256:wd0.0:pipe_flag:mask0.5:mr0.5:mg0.3:mo0.2,42,all,0.8564135283743127,0.8781503234335426,0.8932048681541584,0.8544817927170869,0.7201220975615441,0.9137679099624894,0.8746105295457877,pathogen_mlp__direct_finalflag__mask0.5,screen,95
b1:v2:h12:tr_4rt:ed_logit:geo1:dyn1:lw_obj:enc_mlp:sp_none:hd_sh:dec_leg:nz_glob:us_none:z16:w64:ep100:pat30:bs8:m128:lr0.001:hs_sh:cal1:id0:fit_path:vm256:wd0.0:pipe_flag:mask0.5:mr0.5:mg0.3:mo0.2,43,all,0.825688888090849,0.8444022282098638,0.875084516565247,0.8070378151260504,0.717910593827549,0.8911643431964519,0.836358167136536,pathogen_mlp__direct_finalflag__mask0.5,screen,95
b1:v2:h12:tr_4rt:ed_logit:geo1:dyn1:lw_obj:enc_mlp:sp_none:hd_sh:dec_leg:nz_glob:us_none:z16:w64:ep100:pat30:bs8:m128:lr0.001:hs_sh:cal1:id0:fit_path:vm256:wd0.0:pipe_flag:mask0.5:mr0.5:mg0.3:mo0.2,44,all,0.8326375222453656,0.7993876123103214,0.8901960784313728,0.8182773109243697,0.7257660806449735,0.8828785329070403,0.8286115963302058,pathogen_mlp__direct_finalflag__mask0.5,screen,95
b1:v2:h12:tr_4rt:ed_logit:geo1:dyn1:lw_obj:enc_mlp:sp_none:hd_sh:dec_leg:nz_glob:us_none:z16:w64:ep100:pat30:bs8:m128:lr0.001:hs_sh:cal1:id0:fit_path:vm256:wd0.0:pipe_two:mask0.5:mr0.5:mg0.3:mo0.2,42,all,0.8171229859465156,0.8067675483300202,0.8366801893171063,0.7961484593837536,0.6445266971910572,0.8814869555195313,0.8090050700943405,pathogen_mlp__two_stage__mask0.5,screen,95
b1:v2:h12:tr_4rt:ed_logit:geo1:dyn1:lw_obj:enc_mlp:sp_none:hd_sh:dec_leg:nz_glob:us_none:z16:w64:ep100:pat30:bs8:m128:lr0.001:hs_sh:cal1:id0:fit_path:vm256:wd0.0:pipe_two:mask0.5:mr0.5:mg0.3:mo0.2,43,all,0.8454769353135368,0.8643521742201772,0.9077755240027048,0.8126050420168067,0.5516507636922864,0.91897875996016,0.8478875325723519,pathogen_mlp__two_stage__mask0.5,screen,95
b1:v2:h12:tr_4rt:ed_logit:geo1:dyn1:lw_obj:enc_mlp:sp_none:hd_sh:dec_leg:nz_glob:us_none:z16:w64:ep100:pat30:bs8:m128:lr0.001:hs_sh:cal1:id0:fit_path:vm256:wd0.0:pipe_two:mask0.5:mr0.5:mg0.3:mo0.2,44,all,0.7339635056301725,0.8439307855583478,0.8899594320486819,0.7202380952380953,0.7883394498619414,0.9149152123619094,0.799643314514722,pathogen_mlp__two_stage__mask0.5,screen,95
b1:v2:h12:tr_4rt:ed_logit:geo1:dyn1:lw_obj:enc_mlp:sp_none:hd_sh:dec_leg:nz_glob:us_none:z16:w64:ep100:pat30:bs8:m128:lr0.001:hs_sh:cal1:id0:fit_targ:vm256:wd0.0:pipe_aux025:mask0.5:mr0.5:mg0.3:mo0.2,42,all,0.8512876508628143,0.8266665321129312,0.865449628127113,0.8201680672268907,0.7974145142311235,0.7900465563441494,0.8427738077697491,target_mlp__joint_aux025__mask0.5,screen,95
b1:v2:h12:tr_4rt:ed_logit:geo1:dyn1:lw_obj:enc_mlp:sp_none:hd_sh:dec_leg:nz_glob:us_none:z16:w64:ep100:pat30:bs8:m128:lr0.001:hs_sh:cal1:id0:fit_targ:vm256:wd0.0:pipe_aux025:mask0.5:mr0.5:mg0.3:mo0.2,43,all,0.824558750375744,0.8326583781565468,0.6762001352265046,0.7371848739495799,0.8224088637237428,0.8809323964605358,0.8332905550826055,target_mlp__joint_aux025__mask0.5,screen,95
b1:v2:h12:tr_4rt:ed_logit:geo1:dyn1:lw_obj:enc_mlp:sp_none:hd_sh:dec_leg:nz_glob:us_none:z16:w64:ep100:pat30:bs8:m128:lr0.001:hs_sh:cal1:id0:fit_targ:vm256:wd0.0:pipe_aux025:mask0.5:mr0.5:mg0.3:mo0.2,44,all,0.8498933951548331,0.8618291234833273,0.8395875591615959,0.8612044817927172,0.7339701513403937,0.7612482651384218,0.8577759383120424,target_mlp__joint_aux025__mask0.5,screen,95
b1:v2:h12:tr_4rt:ed_logit:geo1:dyn1:lw_obj:enc_mlp:sp_none:hd_sh:dec_leg:nz_glob:us_none:z16:w64:ep100:pat30:bs8:m128:lr0.001:hs_sh:cal1:id0:fit_targ:vm256:wd0.0:pipe_direct:mask0.5:mr0.5:mg0.3:mo0.2,42,all,0.8731861614541355,0.862770663249002,0.8848884381338745,0.8211134453781512,0.7598091643074345,0.8388886144139511,0.8699261033305454,target_mlp__direct__mask0.5,screen,95
b1:v2:h12:tr_4rt:ed_logit:geo1:dyn1:lw_obj:enc_mlp:sp_none:hd_sh:dec_leg:nz_glob:us_none:z16:w64:ep100:pat30:bs8:m128:lr0.001:hs_sh:cal1:id0:fit_targ:vm256:wd0.0:pipe_direct:mask0.5:mr0.5:mg0.3:mo0.2,43,all,0.843481449559881,0.7823144251696221,0.8836037863421231,0.7235994397759105,0.6558696538627338,0.8790257505241229,0.836108713258649,target_mlp__direct__mask0.5,screen,95
b1:v2:h12:tr_4rt:ed_logit:geo1:dyn1:lw_obj:enc_mlp:sp_none:hd_sh:dec_leg:nz_glob:us_none:z16:w64:ep100:pat30:bs8:m128:lr0.001:hs_sh:cal1:id0:fit_targ:vm256:wd0.0:pipe_direct:mask0.5:mr0.5:mg0.3:mo0.2,44,all,0.8405671071847544,0.8486830553116771,0.8489858012170388,0.7360994397759104,0.7514452483310615,0.841949287163797,0.8347274316952894,target_mlp__direct__mask0.5,screen,95
b1:v2:h12:tr_4rt:ed_logit:geo1:dyn1:lw_obj:enc_mlp:sp_none:hd_sh:dec_leg:nz_glob:us_none:z16:w64:ep100:pat30:bs8:m128:lr0.001:hs_sh:cal1:id0:fit_targ:vm256:wd0.0:pipe_flag:mask0.5:mr0.5:mg0.3:mo0.2,42,all,0.8804941330758326,0.8572734703763134,0.747396889790399,0.8312675070028012,0.7798168536576843,0.8184573555629799,0.8626755626989583,target_mlp__direct_finalflag__mask0.5,screen,95
b1:v2:h12:tr_4rt:ed_logit:geo1:dyn1:lw_obj:enc_mlp:sp_none:hd_sh:dec_leg:nz_glob:us_none:z16:w64:ep100:pat30:bs8:m128:lr0.001:hs_sh:cal1:id0:fit_targ:vm256:wd0.0:pipe_flag:mask0.5:mr0.5:mg0.3:mo0.2,43,all,0.8410101590493749,0.8256538470594965,0.868661257606491,0.7431372549019608,0.6857963720247459,0.8934357422997301,0.8470898255397845,target_mlp__direct_finalflag__mask0.5,screen,95
b1:v2:h12:tr_4rt:ed_logit:geo1:dyn1:lw_obj:enc_mlp:sp_none:hd_sh:dec_leg:nz_glob:us_none:z16:w64:ep100:pat30:bs8:m128:lr0.001:hs_sh:cal1:id0:fit_targ:vm256:wd0.0:pipe_flag:mask0.5:mr0.5:mg0.3:mo0.2,44,all,0.8501539352683145,0.8255631914800576,0.8649087221095337,0.7807773109243699,0.7370232894108328,0.7649508378308859,0.8346245531909688,target_mlp__direct_finalflag__mask0.5,screen,95
b1:v2:h12:tr_4rt:ed_logit:geo1:dyn1:lw_obj:enc_mlp:sp_none:hd_sh:dec_leg:nz_glob:us_none:z16:w64:ep100:pat30:bs8:m128:lr0.001:hs_sh:cal1:id0:fit_targ:vm256:wd0.0:pipe_two:mask0.5:mr0.5:mg0.3:mo0.2,42,all,0.7781571926016371,0.8819893097056977,0.896112237998648,0.6968837535014007,0.7432630806333229,0.913827617184546,0.8275304239723599,target_mlp__two_stage__mask0.5,screen,95
b1:v2:h12:tr_4rt:ed_logit:geo1:dyn1:lw_obj:enc_mlp:sp_none:hd_sh:dec_leg:nz_glob:us_none:z16:w64:ep100:pat30:bs8:m128:lr0.001:hs_sh:cal1:id0:fit_targ:vm256:wd0.0:pipe_two:mask0.5:mr0.5:mg0.3:mo0.2,43,all,0.7552622692001778,0.8764852209540535,0.801453684922245,0.5358543417366949,0.6367105891673367,0.9101966609822814,0.8057924072777727,target_mlp__two_stage__mask0.5,screen,95
b1:v2:h12:tr_4rt:ed_logit:geo1:dyn1:lw_obj:enc_mlp:sp_none:hd_sh:dec_leg:nz_glob:us_none:z16:w64:ep100:pat30:bs8:m128:lr0.001:hs_sh:cal1:id0:fit_targ:vm256:wd0.0:pipe_two:mask0.5:mr0.5:mg0.3:mo0.2,44,all,0.7004530672667929,0.859897100030611,0.9229208924949291,0.7596288515406164,0.6969244929106524,0.9259771161203988,0.7792343680212138,target_mlp__two_stage__mask0.5,screen,95
b1:v2:h12:tr_4rt:ed_logit:geo1:dyn1:lw_obj:enc_msc:sp_none:hd_sh:dec_leg:nz_glob:us_none:z16:w64:ep100:pat30:bs8:m128:lr0.001:hs_sh:cal1:id0:fit_targ:vm256:wd0.0:pipe_aux025:mask0.5:mr0.5:mg0.3:mo0.2,42,all,0.8952276010119148,0.8726628857066933,0.8202839756592294,0.8678921568627453,0.7523908054011862,0.9004301230926072,0.8832721671155747,target_multiscale__joint_aux025__mask0.5,screen,95
b1:v2:h12:tr_4rt:ed_logit:geo1:dyn1:lw_obj:enc_msc:sp_none:hd_sh:dec_leg:nz_glob:us_none:z16:w64:ep100:pat30:bs8:m128:lr0.001:hs_sh:cal1:id0:fit_targ:vm256:wd0.0:pipe_aux025:mask0.5:mr0.5:mg0.3:mo0.2,43,all,0.8917845571276944,0.8197393694139177,0.8136240703177824,0.8632703081232495,0.723829529435066,0.6801062605297039,0.866840761236431,target_multiscale__joint_aux025__mask0.5,screen,95
b1:v2:h12:tr_4rt:ed_logit:geo1:dyn1:lw_obj:enc_msc:sp_none:hd_sh:dec_leg:nz_glob:us_none:z16:w64:ep100:pat30:bs8:m128:lr0.001:hs_sh:cal1:id0:fit_targ:vm256:wd0.0:pipe_aux025:mask0.5:mr0.5:mg0.3:mo0.2,44,all,0.8634594236555023,0.8388518866115673,0.8773495605138609,0.7726190476190478,0.8021015227243604,0.7263868525634618,0.8603046479353167,target_multiscale__joint_aux025__mask0.5,screen,95
b1:v2:h12:tr_4rt:ed_logit:geo1:dyn1:lw_obj:enc_msc:sp_none:hd_sh:dec_leg:nz_glob:us_none:z16:w64:ep100:pat30:bs8:m128:lr0.001:hs_sh:cal1:id0:fit_targ:vm256:wd0.0:pipe_direct:mask0.5:mr0.5:mg0.3:mo0.2,42,all,0.8971572950167722,0.8182184076238149,0.797768762677485,0.7892857142857144,0.709490289282677,0.879512714700349,0.8658080785341656,target_multiscale__direct__mask0.5,screen,95
b1:v2:h12:tr_4rt:ed_logit:geo1:dyn1:lw_obj:enc_msc:sp_none:hd_sh:dec_leg:nz_glob:us_none:z16:w64:ep100:pat30:bs8:m128:lr0.001:hs_sh:cal1:id0:fit_targ:vm256:wd0.0:pipe_direct:mask0.5:mr0.5:mg0.3:mo0.2,43,all,0.8487595598543312,0.838192741498727,0.893610547667343,0.7899859943977592,0.6760271690375498,0.8487465201218747,0.8587717633135578,target_multiscale__direct__mask0.5,screen,95
b1:v2:h12:tr_4rt:ed_logit:geo1:dyn1:lw_obj:enc_msc:sp_none:hd_sh:dec_leg:nz_glob:us_none:z16:w64:ep100:pat30:bs8:m128:lr0.001:hs_sh:cal1:id0:fit_targ:vm256:wd0.0:pipe_direct:mask0.5:mr0.5:mg0.3:mo0.2,44,all,0.8290753974904304,0.8480772271166146,0.8149425287356322,0.7635854341736696,0.7452122144163669,0.8156875175015064,0.8344992415325003,target_multiscale__direct__mask0.5,screen,95
b1:v2:h12:tr_4rt:ed_logit:geo1:dyn1:lw_obj:enc_msc:sp_none:hd_sh:dec_leg:nz_glob:us_none:z16:w64:ep100:pat30:bs8:m128:lr0.001:hs_sh:cal1:id0:fit_targ:vm256:wd0.0:pipe_flag:mask0.5:mr0.5:mg0.3:mo0.2,42,all,0.8590126249930172,0.8706854503681729,0.8215010141987833,0.8674019607843139,0.720504234967903,0.8468361347063756,0.8692832350131093,target_multiscale__direct_finalflag__mask0.5,screen,95
b1:v2:h12:tr_4rt:ed_logit:geo1:dyn1:lw_obj:enc_msc:sp_none:hd_sh:dec_leg:nz_glob:us_none:z16:w64:ep100:pat30:bs8:m128:lr0.001:hs_sh:cal1:id0:fit_targ:vm256:wd0.0:pipe_flag:mask0.5:mr0.5:mg0.3:mo0.2,43,all,0.8464333064659862,0.8242756804214226,0.8264705882352943,0.8897759103641457,0.7009679260890336,0.7629621483753768,0.8490403332437805,target_multiscale__direct_finalflag__mask0.5,screen,95
b1:v2:h12:tr_4rt:ed_logit:geo1:dyn1:lw_obj:enc_msc:sp_none:hd_sh:dec_leg:nz_glob:us_none:z16:w64:ep100:pat30:bs8:m128:lr0.001:hs_sh:cal1:id0:fit_targ:vm256:wd0.0:pipe_flag:mask0.5:mr0.5:mg0.3:mo0.2,44,all,0.8477487956246127,0.809329451458058,0.8870520622041922,0.8483193277310924,0.7389831416821038,0.9042003296629212,0.8623411620431584,target_multiscale__direct_finalflag__mask0.5,screen,95
b1:v2:h12:tr_4rt:ed_logit:geo1:dyn1:lw_obj:enc_msc:sp_none:hd_sh:dec_leg:nz_glob:us_none:z16:w64:ep100:pat30:bs8:m128:lr0.001:hs_sh:cal1:id0:fit_targ:vm256:wd0.0:pipe_two:mask0.5:mr0.5:mg0.3:mo0.2,42,all,0.7795105155072477,0.821903329868575,0.8464164976335362,0.7891106442577032,0.7691978609625669,0.8617747152433503,0.8195449683894828,target_multiscale__two_stage__mask0.5,screen,95
b1:v2:h12:tr_4rt:ed_logit:geo1:dyn1:lw_obj:enc_msc:sp_none:hd_sh:dec_leg:nz_glob:us_none:z16:w64:ep100:pat30:bs8:m128:lr0.001:hs_sh:cal1:id0:fit_targ:vm256:wd0.0:pipe_two:mask0.5:mr0.5:mg0.3:mo0.2,43,all,0.821804973651379,0.8741481907568313,0.8577079107505072,0.8627100840336135,0.7280957207600808,0.9062982858918488,0.8470841750793064,target_multiscale__two_stage__mask0.5,screen,95
b1:v2:h12:tr_4rt:ed_logit:geo1:dyn1:lw_obj:enc_msc:sp_none:hd_sh:dec_leg:nz_glob:us_none:z16:w64:ep100:pat30:bs8:m128:lr0.001:hs_sh:cal1:id0:fit_targ:vm256:wd0.0:pipe_two:mask0.5:mr0.5:mg0.3:mo0.2,44,all,0.8219999015750651,0.8450198298568012,0.8812373225152134,0.7968487394957984,0.630626915055981,0.8984212105324968,0.8319914812714782,target_multiscale__two_stage__mask0.5,screen,95
b1:v2:h12:tr_4rt:ed_logit:geo1:dyn1:lw_obj:enc_mlp:sp_joint:hd_sh:dec_leg:nz_glob:us_none:z16:w64:ep300:pat30:bs8:m128:lr0.001:hs_path:cal1:id0:fit_all:vm256:wd0.0:pipe_aux025:mask0.5:mr0.5:mg0.3:mo0.2,42,all,0.4191041535322581,0.401287174674296,0.4862745098039217,0.2939775910364146,0.3409369356774201,0.3979533514953454,0.43294461148168,joint_mlp__joint_aux025__mask0.5,300,50
b1:v2:h12:tr_4rt:ed_logit:geo1:dyn1:lw_obj:enc_mlp:sp_joint:hd_sh:dec_leg:nz_glob:us_none:z16:w64:ep300:pat30:bs8:m128:lr0.001:hs_path:cal1:id0:fit_all:vm256:wd0.0:pipe_aux025:mask0.5:mr0.5:mg0.3:mo0.2,43,all,0.4029067809459966,0.39981751149593486,0.3704868154158215,0.302906162464986,0.2685116447054164,0.2988420771944381,0.3901586010237432,joint_mlp__joint_aux025__mask0.5,300,50
b1:v2:h12:tr_4rt:ed_logit:geo1:dyn1:lw_obj:enc_mlp:sp_joint:hd_sh:dec_leg:nz_glob:us_none:z16:w64:ep300:pat30:bs8:m128:lr0.001:hs_path:cal1:id0:fit_all:vm256:wd0.0:pipe_aux025:mask0.5:mr0.5:mg0.3:mo0.2,44,all,0.4067774678722391,0.4079566669694127,0.465922920892495,0.3583333333333334,0.3303097876108257,0.4070138425345077,0.40973200863672293,joint_mlp__joint_aux025__mask0.5,300,50
b1:v2:h12:tr_4rt:ed_logit:geo1:dyn1:lw_obj:enc_mlp:sp_joint:hd_sh:dec_leg:nz_glob:us_none:z16:w64:ep300:pat30:bs8:m128:lr0.001:hs_path:cal1:id0:fit_all:vm256:wd0.0:pipe_direct:mask0.5:mr0.5:mg0.3:mo0.2,42,all,0.3744550716772939,0.43231610709131835,0.4851588911426641,0.3240546218487395,0.3142816865308215,0.3562921974918651,0.3919336882352713,joint_mlp__direct__mask0.5,300,50
b1:v2:h12:tr_4rt:ed_logit:geo1:dyn1:lw_obj:enc_mlp:sp_joint:hd_sh:dec_leg:nz_glob:us_none:z16:w64:ep300:pat30:bs8:m128:lr0.001:hs_path:cal1:id0:fit_all:vm256:wd0.0:pipe_direct:mask0.5:mr0.5:mg0.3:mo0.2,43,all,0.3763577919296874,0.3919747106253722,0.5133198106828939,0.3586484593837535,0.3262824321647851,0.5173394510861715,0.39508947691598273,joint_mlp__direct__mask0.5,300,50
b1:v2:h12:tr_4rt:ed_logit:geo1:dyn1:lw_obj:enc_mlp:sp_joint:hd_sh:dec_leg:nz_glob:us_none:z16:w64:ep300:pat30:bs8:m128:lr0.001:hs_path:cal1:id0:fit_all:vm256:wd0.0:pipe_direct:mask0.5:mr0.5:mg0.3:mo0.2,44,all,0.3513325406135864,0.3862158107367154,0.4211967545638946,0.278921568627451,0.2805624876213112,0.3975973743525359,0.35271257114578797,joint_mlp__direct__mask0.5,300,50
b1:v2:h12:tr_4rt:ed_logit:geo1:dyn1:lw_obj:enc_mlp:sp_joint:hd_sh:dec_leg:nz_glob:us_none:z16:w64:ep300:pat30:bs8:m128:lr0.001:hs_path:cal1:id0:fit_all:vm256:wd0.0:pipe_flag:mask0.5:mr0.5:mg0.3:mo0.2,42,all,0.39843721154178674,0.38787553106677575,0.4750169033130494,0.2907563025210085,0.3496137849079026,0.3777908105162169,0.40006004216868757,joint_mlp__direct_finalflag__mask0.5,300,50
b1:v2:h12:tr_4rt:ed_logit:geo1:dyn1:lw_obj:enc_mlp:sp_joint:hd_sh:dec_leg:nz_glob:us_none:z16:w64:ep300:pat30:bs8:m128:lr0.001:hs_path:cal1:id0:fit_all:vm256:wd0.0:pipe_flag:mask0.5:mr0.5:mg0.3:mo0.2,43,all,0.3858823662418434,0.37586358269504416,0.4479039891818798,0.3070378151260504,0.3252473990190254,0.3892455735189521,0.3802660218034632,joint_mlp__direct_finalflag__mask0.5,300,50
b1:v2:h12:tr_4rt:ed_logit:geo1:dyn1:lw_obj:enc_mlp:sp_joint:hd_sh:dec_leg:nz_glob:us_none:z16:w64:ep300:pat30:bs8:m128:lr0.001:hs_path:cal1:id0:fit_all:vm256:wd0.0:pipe_flag:mask0.5:mr0.5:mg0.3:mo0.2,44,all,0.44980492576897807,0.43181489442577525,0.460108181203516,0.4028011204481793,0.3729647105425653,0.434587602329125,0.4431678909251542,joint_mlp__direct_finalflag__mask0.5,300,50
b1:v2:h12:tr_4rt:ed_logit:geo1:dyn1:lw_obj:enc_mlp:sp_joint:hd_sh:dec_leg:nz_glob:us_none:z16:w64:ep300:pat30:bs8:m128:lr0.001:hs_path:cal1:id0:fit_all:vm256:wd0.0:pipe_two:mask0.5:mr0.5:mg0.3:mo0.2,42,all,0.38911827884050115,0.4567762943228416,0.5056795131845844,0.3751050420168068,0.2804294385609265,0.4972523662276284,0.4024168080475014,joint_mlp__two_stage__mask0.5,300,50
b1:v2:h12:tr_4rt:ed_logit:geo1:dyn1:lw_obj:enc_mlp:sp_joint:hd_sh:dec_leg:nz_glob:us_none:z16:w64:ep300:pat30:bs8:m128:lr0.001:hs_path:cal1:id0:fit_all:vm256:wd0.0:pipe_two:mask0.5:mr0.5:mg0.3:mo0.2,43,all,0.39298735638604926,0.38211595840944035,0.34763353617309,0.3647058823529411,0.3052413407430708,0.4440204859484929,0.377420125375729,joint_mlp__two_stage__mask0.5,300,50
b1:v2:h12:tr_4rt:ed_logit:geo1:dyn1:lw_obj:enc_mlp:sp_joint:hd_sh:dec_leg:nz_glob:us_none:z16:w64:ep300:pat30:bs8:m128:lr0.001:hs_path:cal1:id0:fit_all:vm256:wd0.0:pipe_two:mask0.5:mr0.5:mg0.3:mo0.2,44,all,0.3481578310336481,0.41517698862011787,0.4342123056119001,0.3330882352941177,0.2382559155569536,0.450363216750028,0.3772146535164171,joint_mlp__two_stage__mask0.5,300,50
b1:v2:h12:tr_4rt:ed_logit:geo1:dyn1:lw_obj:enc_mlp:sp_none:hd_sh:dec_leg:nz_glob:us_none:z16:w64:ep300:pat30:bs8:m128:lr0.001:hs_sh:cal1:id0:fit_path:vm256:wd0.0:pipe_aux025:mask0.5:mr0.5:mg0.3:mo0.2,42,all,0.4235385293718628,0.43025541662882344,0.5165990534144693,0.3486344537815126,0.2913341022683584,0.4095399984183553,0.440759637297758,pathogen_mlp__joint_aux025__mask0.5,300,50
b1:v2:h12:tr_4rt:ed_logit:geo1:dyn1:lw_obj:enc_mlp:sp_none:hd_sh:dec_leg:nz_glob:us_none:z16:w64:ep300:pat30:bs8:m128:lr0.001:hs_sh:cal1:id0:fit_path:vm256:wd0.0:pipe_aux025:mask0.5:mr0.5:mg0.3:mo0.2,43,all,0.43956131740445475,0.4283057329982946,0.4627450980392158,0.3606792717086835,0.3262707816341035,0.426181920948288,0.43835742092577296,pathogen_mlp__joint_aux025__mask0.5,300,50
b1:v2:h12:tr_4rt:ed_logit:geo1:dyn1:lw_obj:enc_mlp:sp_none:hd_sh:dec_leg:nz_glob:us_none:z16:w64:ep300:pat30:bs8:m128:lr0.001:hs_sh:cal1:id0:fit_path:vm256:wd0.0:pipe_aux025:mask0.5:mr0.5:mg0.3:mo0.2,44,all,0.4224931235552151,0.4654489553584344,0.5004732927653821,0.4132703081232494,0.3399732037794323,0.420436775482919,0.4299206068351947,pathogen_mlp__joint_aux025__mask0.5,300,50
b1:v2:h12:tr_4rt:ed_logit:geo1:dyn1:lw_obj:enc_mlp:sp_none:hd_sh:dec_leg:nz_glob:us_none:z16:w64:ep300:pat30:bs8:m128:lr0.001:hs_sh:cal1:id0:fit_path:vm256:wd0.0:pipe_direct:mask0.5:mr0.5:mg0.3:mo0.2,42,all,0.400328639527986,0.4198121966233741,0.4082826233941854,0.3653711484593838,0.3488511411694803,0.4313426181579581,0.38738044666837385,pathogen_mlp__direct__mask0.5,300,50
b1:v2:h12:tr_4rt:ed_logit:geo1:dyn1:lw_obj:enc_mlp:sp_none:hd_sh:dec_leg:nz_glob:us_none:z16:w64:ep300:pat30:bs8:m128:lr0.001:hs_sh:cal1:id0:fit_path:vm256:wd0.0:pipe_direct:mask0.5:mr0.5:mg0.3:mo0.2,43,all,0.4000982520263567,0.4455025413836834,0.5424949290060854,0.3179621848739496,0.2919569396386006,0.4491094364712733,0.4283156220391268,pathogen_mlp__direct__mask0.5,300,50
b1:v2:h12:tr_4rt:ed_logit:geo1:dyn1:lw_obj:enc_mlp:sp_none:hd_sh:dec_leg:nz_glob:us_none:z16:w64:ep300:pat30:bs8:m128:lr0.001:hs_sh:cal1:id0:fit_path:vm256:wd0.0:pipe_direct:mask0.5:mr0.5:mg0.3:mo0.2,44,all,0.3876986321594165,0.42947382761648156,0.3345165652467884,0.4200980392156863,0.2927550009902951,0.2802517366861431,0.36896263898150444,pathogen_mlp__direct__mask0.5,300,50
b1:v2:h12:tr_4rt:ed_logit:geo1:dyn1:lw_obj:enc_mlp:sp_none:hd_sh:dec_leg:nz_glob:us_none:z16:w64:ep300:pat30:bs8:m128:lr0.001:hs_sh:cal1:id0:fit_path:vm256:wd0.0:pipe_flag:mask0.5:mr0.5:mg0.3:mo0.2,42,all,0.44823823356503095,0.5160527652474612,0.5468559837728196,0.3962535014005602,0.3518311139072385,0.4604035930131363,0.4735391313600615,pathogen_mlp__direct_finalflag__mask0.5,300,50
b1:v2:h12:tr_4rt:ed_logit:geo1:dyn1:lw_obj:enc_mlp:sp_none:hd_sh:dec_leg:nz_glob:us_none:z16:w64:ep300:pat30:bs8:m128:lr0.001:hs_sh:cal1:id0:fit_path:vm256:wd0.0:pipe_flag:mask0.5:mr0.5:mg0.3:mo0.2,43,all,0.4163084664065057,0.3848003054369801,0.4863083164300204,0.30609243697479,0.327621311150723,0.4656161666786129,0.4060294359388126,pathogen_mlp__direct_finalflag__mask0.5,300,50
b1:v2:h12:tr_4rt:ed_logit:geo1:dyn1:lw_obj:enc_mlp:sp_none:hd_sh:dec_leg:nz_glob:us_none:z16:w64:ep300:pat30:bs8:m128:lr0.001:hs_sh:cal1:id0:fit_path:vm256:wd0.0:pipe_flag:mask0.5:mr0.5:mg0.3:mo0.2,44,all,0.4280298586671136,0.392960316739494,0.5070993914807304,0.4133403361344538,0.2384632950030874,0.4243037160633922,0.4196135540893522,pathogen_mlp__direct_finalflag__mask0.5,300,50
b1:v2:h12:tr_4rt:ed_logit:geo1:dyn1:lw_obj:enc_mlp:sp_none:hd_sh:dec_leg:nz_glob:us_none:z16:w64:ep300:pat30:bs8:m128:lr0.001:hs_sh:cal1:id0:fit_path:vm256:wd0.0:pipe_two:mask0.5:mr0.5:mg0.3:mo0.2,42,all,0.3558946095057207,0.4467074700870227,0.4202839756592292,0.3265756302521009,0.3542541912784128,0.4371372558389207,0.3699158185748552,pathogen_mlp__two_stage__mask0.5,300,50
b1:v2:h12:tr_4rt:ed_logit:geo1:dyn1:lw_obj:enc_mlp:sp_none:hd_sh:dec_leg:nz_glob:us_none:z16:w64:ep300:pat30:bs8:m128:lr0.001:hs_sh:cal1:id0:fit_path:vm256:wd0.0:pipe_two:mask0.5:mr0.5:mg0.3:mo0.2,43,all,0.4460404912202298,0.3705248268461615,0.5688302907369845,0.3652310924369748,0.1718019875805343,0.514908152547584,0.42604757524713394,pathogen_mlp__two_stage__mask0.5,300,50
b1:v2:h12:tr_4rt:ed_logit:geo1:dyn1:lw_obj:enc_mlp:sp_none:hd_sh:dec_leg:nz_glob:us_none:z16:w64:ep300:pat30:bs8:m128:lr0.001:hs_sh:cal1:id0:fit_path:vm256:wd0.0:pipe_two:mask0.5:mr0.5:mg0.3:mo0.2,44,all,0.3829173616265121,0.4055905395268419,0.5137592968221772,0.3345938375350141,0.2246257267018513,0.502763450645932,0.3870311534942266,pathogen_mlp__two_stage__mask0.5,300,50
b1:v2:h12:tr_4rt:ed_logit:geo1:dyn1:lw_obj:enc_mlp:sp_none:hd_sh:dec_leg:nz_glob:us_none:z16:w64:ep300:pat30:bs8:m128:lr0.001:hs_sh:cal1:id0:fit_targ:vm256:wd0.0:pipe_aux025:mask0.5:mr0.5:mg0.3:mo0.2,42,all,0.422861778139556,0.4108426764083572,0.2511494252873564,0.3941876750700281,0.4207563524518543,0.2769393937335704,0.3959832552564381,target_mlp__joint_aux025__mask0.5,300,50
b1:v2:h12:tr_4rt:ed_logit:geo1:dyn1:lw_obj:enc_mlp:sp_none:hd_sh:dec_leg:nz_glob:us_none:z16:w64:ep300:pat30:bs8:m128:lr0.001:hs_sh:cal1:id0:fit_targ:vm256:wd0.0:pipe_aux025:mask0.5:mr0.5:mg0.3:mo0.2,43,all,0.39700521519148974,0.40832736251131097,0.3233603786342124,0.3392156862745099,0.3288711800822528,0.303985163330656,0.39832645045127696,target_mlp__joint_aux025__mask0.5,300,50
b1:v2:h12:tr_4rt:ed_logit:geo1:dyn1:lw_obj:enc_mlp:sp_none:hd_sh:dec_leg:nz_glob:us_none:z16:w64:ep300:pat30:bs8:m128:lr0.001:hs_sh:cal1:id0:fit_targ:vm256:wd0.0:pipe_aux025:mask0.5:mr0.5:mg0.3:mo0.2,44,all,0.41702544550583776,0.41974273325731054,0.4338066260987155,0.2841736694677872,0.3669248424265726,0.3043221756527554,0.4115711066366546,target_mlp__joint_aux025__mask0.5,300,50
b1:v2:h12:tr_4rt:ed_logit:geo1:dyn1:lw_obj:enc_mlp:sp_none:hd_sh:dec_leg:nz_glob:us_none:z16:w64:ep300:pat30:bs8:m128:lr0.001:hs_sh:cal1:id0:fit_targ:vm256:wd0.0:pipe_direct:mask0.5:mr0.5:mg0.3:mo0.2,42,all,0.44050265215297896,0.4254750587831633,0.4370520622041922,0.3387254901960785,0.3467153658849162,0.3959967117344854,0.43429973318692205,target_mlp__direct__mask0.5,300,50
b1:v2:h12:tr_4rt:ed_logit:geo1:dyn1:lw_obj:enc_mlp:sp_none:hd_sh:dec_leg:nz_glob:us_none:z16:w64:ep300:pat30:bs8:m128:lr0.001:hs_sh:cal1:id0:fit_targ:vm256:wd0.0:pipe_direct:mask0.5:mr0.5:mg0.3:mo0.2,43,all,0.4114914303803194,0.417708953541959,0.493002028397566,0.2768557422969188,0.3178150594759592,0.3974682030408865,0.4124959663626708,target_mlp__direct__mask0.5,300,50
b1:v2:h12:tr_4rt:ed_logit:geo1:dyn1:lw_obj:enc_mlp:sp_none:hd_sh:dec_leg:nz_glob:us_none:z16:w64:ep300:pat30:bs8:m128:lr0.001:hs_sh:cal1:id0:fit_targ:vm256:wd0.0:pipe_direct:mask0.5:mr0.5:mg0.3:mo0.2,44,all,0.40938117982235633,0.4356999653524132,0.4238674780256931,0.2971288515406163,0.3440769867067445,0.3747050965318697,0.3918822109998566,target_mlp__direct__mask0.5,300,50
b1:v2:h12:tr_4rt:ed_logit:geo1:dyn1:lw_obj:enc_mlp:sp_none:hd_sh:dec_leg:nz_glob:us_none:z16:w64:ep300:pat30:bs8:m128:lr0.001:hs_sh:cal1:id0:fit_targ:vm256:wd0.0:pipe_flag:mask0.5:mr0.5:mg0.3:mo0.2,42,all,0.429481526703749,0.4190997345927564,0.3100067613252198,0.3467436974789916,0.3795391050062331,0.657440681356998,0.43020954446099635,target_mlp__direct_finalflag__mask0.5,300,50
b1:v2:h12:tr_4rt:ed_logit:geo1:dyn1:lw_obj:enc_mlp:sp_none:hd_sh:dec_leg:nz_glob:us_none:z16:w64:ep300:pat30:bs8:m128:lr0.001:hs_sh:cal1:id0:fit_targ:vm256:wd0.0:pipe_flag:mask0.5:mr0.5:mg0.3:mo0.2,43,all,0.4002722912526835,0.36702777525489527,0.5379310344827588,0.4014355742296919,0.2688394906387986,0.2893352887342013,0.3973825449959441,target_mlp__direct_finalflag__mask0.5,300,50
b1:v2:h12:tr_4rt:ed_logit:geo1:dyn1:lw_obj:enc_mlp:sp_none:hd_sh:dec_leg:nz_glob:us_none:z16:w64:ep300:pat30:bs8:m128:lr0.001:hs_sh:cal1:id0:fit_targ:vm256:wd0.0:pipe_flag:mask0.5:mr0.5:mg0.3:mo0.2,44,all,0.4177534974103602,0.39585675409295645,0.478634212305612,0.3463235294117647,0.3774240676662822,0.3879927073871732,0.4123002130933477,target_mlp__direct_finalflag__mask0.5,300,50
b1:v2:h12:tr_4rt:ed_logit:geo1:dyn1:lw_obj:enc_mlp:sp_none:hd_sh:dec_leg:nz_glob:us_none:z16:w64:ep300:pat30:bs8:m128:lr0.001:hs_sh:cal1:id0:fit_targ:vm256:wd0.0:pipe_two:mask0.5:mr0.5:mg0.3:mo0.2,42,all,0.34967428661873107,0.3208465784666929,0.329107505070994,0.3170168067226891,0.2808705276525347,0.5221484439910644,0.33912664153422845,target_mlp__two_stage__mask0.5,300,50
b1:v2:h12:tr_4rt:ed_logit:geo1:dyn1:lw_obj:enc_mlp:sp_none:hd_sh:dec_leg:nz_glob:us_none:z16:w64:ep300:pat30:bs8:m128:lr0.001:hs_sh:cal1:id0:fit_targ:vm256:wd0.0:pipe_two:mask0.5:mr0.5:mg0.3:mo0.2,43,all,0.3946611721611722,0.5059415565848917,0.3463488843813389,0.1960084033613446,0.1996048139992777,0.4667945545500561,0.4258344704614265,target_mlp__two_stage__mask0.5,300,50
b1:v2:h12:tr_4rt:ed_logit:geo1:dyn1:lw_obj:enc_mlp:sp_none:hd_sh:dec_leg:nz_glob:us_none:z16:w64:ep300:pat30:bs8:m128:lr0.001:hs_sh:cal1:id0:fit_targ:vm256:wd0.0:pipe_two:mask0.5:mr0.5:mg0.3:mo0.2,44,all,0.30842351185488454,0.41071131832386426,0.3622718052738338,0.3545518207282914,0.232907622942225,0.5172139212331864,0.357910951605672,target_mlp__two_stage__mask0.5,300,50
b1:v2:h12:tr_4rt:ed_logit:geo1:dyn1:lw_obj:enc_msc:sp_none:hd_sh:dec_leg:nz_glob:us_none:z16:w64:ep300:pat30:bs8:m128:lr0.001:hs_sh:cal1:id0:fit_targ:vm256:wd0.0:pipe_aux025:mask0.5:mr0.5:mg0.3:mo0.2,42,all,0.48328831057589233,0.4224188388685377,0.3414131169709264,0.4071778711484594,0.3093334731397015,0.4267733797950132,0.45748513870713187,target_multiscale__joint_aux025__mask0.5,300,50
b1:v2:h12:tr_4rt:ed_logit:geo1:dyn1:lw_obj:enc_msc:sp_none:hd_sh:dec_leg:nz_glob:us_none:z16:w64:ep300:pat30:bs8:m128:lr0.001:hs_sh:cal1:id0:fit_targ:vm256:wd0.0:pipe_aux025:mask0.5:mr0.5:mg0.3:mo0.2,43,all,0.48180529286738444,0.4253838986272156,0.3490196078431373,0.3978991596638656,0.2762161406452064,0.2205895737648554,0.44301530505568837,target_multiscale__joint_aux025__mask0.5,300,50
b1:v2:h12:tr_4rt:ed_logit:geo1:dyn1:lw_obj:enc_msc:sp_none:hd_sh:dec_leg:nz_glob:us_none:z16:w64:ep300:pat30:bs8:m128:lr0.001:hs_sh:cal1:id0:fit_targ:vm256:wd0.0:pipe_aux025:mask0.5:mr0.5:mg0.3:mo0.2,44,all,0.40062901513881916,0.4077447448356595,0.3920554428668019,0.3616596638655462,0.345364603357683,0.2496749388710822,0.4161261835038543,target_multiscale__joint_aux025__mask0.5,300,50
b1:v2:h12:tr_4rt:ed_logit:geo1:dyn1:lw_obj:enc_msc:sp_none:hd_sh:dec_leg:nz_glob:us_none:z16:w64:ep300:pat30:bs8:m128:lr0.001:hs_sh:cal1:id0:fit_targ:vm256:wd0.0:pipe_direct:mask0.5:mr0.5:mg0.3:mo0.2,42,all,0.4673238127159696,0.4205900854079838,0.3519269776876269,0.3137605042016808,0.2221413675392914,0.4310050735423518,0.4513279779996458,target_multiscale__direct__mask0.5,300,50
b1:v2:h12:tr_4rt:ed_logit:geo1:dyn1:lw_obj:enc_msc:sp_none:hd_sh:dec_leg:nz_glob:us_none:z16:w64:ep300:pat30:bs8:m128:lr0.001:hs_sh:cal1:id0:fit_targ:vm256:wd0.0:pipe_direct:mask0.5:mr0.5:mg0.3:mo0.2,43,all,0.41145028476727824,0.4103808207105111,0.4606490872210955,0.3787464985994397,0.260566448801743,0.3801797461201825,0.4192634876703671,target_multiscale__direct__mask0.5,300,50
b1:v2:h12:tr_4rt:ed_logit:geo1:dyn1:lw_obj:enc_msc:sp_none:hd_sh:dec_leg:nz_glob:us_none:z16:w64:ep300:pat30:bs8:m128:lr0.001:hs_sh:cal1:id0:fit_targ:vm256:wd0.0:pipe_direct:mask0.5:mr0.5:mg0.3:mo0.2,44,all,0.43811867387030795,0.394366907854238,0.289317106152806,0.3217787114845939,0.4023816014819475,0.4442360019579578,0.4230261286960017,target_multiscale__direct__mask0.5,300,50
b1:v2:h12:tr_4rt:ed_logit:geo1:dyn1:lw_obj:enc_msc:sp_none:hd_sh:dec_leg:nz_glob:us_none:z16:w64:ep300:pat30:bs8:m128:lr0.001:hs_sh:cal1:id0:fit_targ:vm256:wd0.0:pipe_flag:mask0.5:mr0.5:mg0.3:mo0.2,42,all,0.44804404382835766,0.4143716845118559,0.3615618661257608,0.4238095238095238,0.3254433609450911,0.321903141493251,0.44062347909971816,target_multiscale__direct_finalflag__mask0.5,300,50
b1:v2:h12:tr_4rt:ed_logit:geo1:dyn1:lw_obj:enc_msc:sp_none:hd_sh:dec_leg:nz_glob:us_none:z16:w64:ep300:pat30:bs8:m128:lr0.001:hs_sh:cal1:id0:fit_targ:vm256:wd0.0:pipe_flag:mask0.5:mr0.5:mg0.3:mo0.2,43,all,0.4405621659870027,0.35539526841788366,0.520081135902637,0.4190476190476191,0.3067705894003473,0.2516410103273837,0.4239988875576133,target_multiscale__direct_finalflag__mask0.5,300,50
b1:v2:h12:tr_4rt:ed_logit:geo1:dyn1:lw_obj:enc_msc:sp_none:hd_sh:dec_leg:nz_glob:us_none:z16:w64:ep300:pat30:bs8:m128:lr0.001:hs_sh:cal1:id0:fit_targ:vm256:wd0.0:pipe_flag:mask0.5:mr0.5:mg0.3:mo0.2,44,all,0.42862914681542136,0.3848230113798823,0.3924611223799866,0.4146008403361345,0.3160744701921173,0.3339014432894461,0.4277800317987848,target_multiscale__direct_finalflag__mask0.5,300,50
b1:v2:h12:tr_4rt:ed_logit:geo1:dyn1:lw_obj:enc_msc:sp_none:hd_sh:dec_leg:nz_glob:us_none:z16:w64:ep300:pat30:bs8:m128:lr0.001:hs_sh:cal1:id0:fit_targ:vm256:wd0.0:pipe_two:mask0.5:mr0.5:mg0.3:mo0.2,42,all,0.3657077284855063,0.34388100067613253,0.3685598377281948,0.285609243697479,0.3562245290272973,0.4089236044548897,0.3815332819754868,target_multiscale__two_stage__mask0.5,300,50
b1:v2:h12:tr_4rt:ed_logit:geo1:dyn1:lw_obj:enc_msc:sp_none:hd_sh:dec_leg:nz_glob:us_none:z16:w64:ep300:pat30:bs8:m128:lr0.001:hs_sh:cal1:id0:fit_targ:vm256:wd0.0:pipe_two:mask0.5:mr0.5:mg0.3:mo0.2,43,all,0.339429940067195,0.4339068686318241,0.3909060175794456,0.4168417366946779,0.2706010508778675,0.4162342592187873,0.38144202315376313,target_multiscale__two_stage__mask0.5,300,50
b1:v2:h12:tr_4rt:ed_logit:geo1:dyn1:lw_obj:enc_msc:sp_none:hd_sh:dec_leg:nz_glob:us_none:z16:w64:ep300:pat30:bs8:m128:lr0.001:hs_sh:cal1:id0:fit_targ:vm256:wd0.0:pipe_two:mask0.5:mr0.5:mg0.3:mo0.2,44,all,0.38577664589102506,0.3612113536442198,0.4438810006761327,0.346218487394958,0.2498188342479,0.4103488201071422,0.3883939531808971,target_multiscale__two_stage__mask0.5,300,50
b1:v2:h12:tr_4rt:ed_logit:geo1:dyn1:lw_obj:enc_mlp:sp_joint:hd_sh:dec_leg:nz_glob:us_none:z16:w64:ep300:pat30:bs8:m128:lr0.001:hs_path:cal1:id0:fit_all:vm256:wd0.0:pipe_aux025:mask0.5:mr0.5:mg0.3:mo0.2,42,all,0.8323498487714175,0.848361640075485,0.8890466531440163,0.746953781512605,0.7152971467850364,0.8347786910102515,0.8533772220717243,joint_mlp__joint_aux025__mask0.5,300,95
b1:v2:h12:tr_4rt:ed_logit:geo1:dyn1:lw_obj:enc_mlp:sp_joint:hd_sh:dec_leg:nz_glob:us_none:z16:w64:ep300:pat30:bs8:m128:lr0.001:hs_path:cal1:id0:fit_all:vm256:wd0.0:pipe_aux025:mask0.5:mr0.5:mg0.3:mo0.2,43,all,0.8049279303364273,0.8289483952785097,0.8434753211629481,0.6906862745098039,0.646999638833549,0.7348907972861234,0.8060673942194289,joint_mlp__joint_aux025__mask0.5,300,95
b1:v2:h12:tr_4rt:ed_logit:geo1:dyn1:lw_obj:enc_mlp:sp_joint:hd_sh:dec_leg:nz_glob:us_none:z16:w64:ep300:pat30:bs8:m128:lr0.001:hs_path:cal1:id0:fit_all:vm256:wd0.0:pipe_aux025:mask0.5:mr0.5:mg0.3:mo0.2,44,all,0.8395956996283794,0.8488115541292862,0.8809668695064237,0.7976540616246499,0.7343068516770941,0.8275700925523206,0.846779656623173,joint_mlp__joint_aux025__mask0.5,300,95
b1:v2:h12:tr_4rt:ed_logit:geo1:dyn1:lw_obj:enc_mlp:sp_joint:hd_sh:dec_leg:nz_glob:us_none:z16:w64:ep300:pat30:bs8:m128:lr0.001:hs_path:cal1:id0:fit_all:vm256:wd0.0:pipe_direct:mask0.5:mr0.5:mg0.3:mo0.2,42,all,0.8121273751665911,0.8484840839749866,0.8648073022312375,0.7460084033613447,0.7043067351717873,0.7835411544733392,0.8211751159444175,joint_mlp__direct__mask0.5,300,95
b1:v2:h12:tr_4rt:ed_logit:geo1:dyn1:lw_obj:enc_mlp:sp_joint:hd_sh:dec_leg:nz_glob:us_none:z16:w64:ep300:pat30:bs8:m128:lr0.001:hs_path:cal1:id0:fit_all:vm256:wd0.0:pipe_direct:mask0.5:mr0.5:mg0.3:mo0.2,43,all,0.8377724708116867,0.8228135858906954,0.9143002028397568,0.8117647058823529,0.7049307375950975,0.9251705827822816,0.8323830225181914,joint_mlp__direct__mask0.5,300,95
b1:v2:h12:tr_4rt:ed_logit:geo1:dyn1:lw_obj:enc_mlp:sp_joint:hd_sh:dec_leg:nz_glob:us_none:z16:w64:ep300:pat30:bs8:m128:lr0.001:hs_path:cal1:id0:fit_all:vm256:wd0.0:pipe_direct:mask0.5:mr0.5:mg0.3:mo0.2,44,all,0.7396435753788696,0.8246835464328124,0.8491548343475324,0.729936974789916,0.6743741917444341,0.8108173901119823,0.7559387945838819,joint_mlp__direct__mask0.5,300,95
b1:v2:h12:tr_4rt:ed_logit:geo1:dyn1:lw_obj:enc_mlp:sp_joint:hd_sh:dec_leg:nz_glob:us_none:z16:w64:ep300:pat30:bs8:m128:lr0.001:hs_path:cal1:id0:fit_all:vm256:wd0.0:pipe_flag:mask0.5:mr0.5:mg0.3:mo0.2,42,all,0.79656220322887,0.8071643136582136,0.8745774171737661,0.7543767507002802,0.7078671373481065,0.7971045221321987,0.8078492042329243,joint_mlp__direct_finalflag__mask0.5,300,95
b1:v2:h12:tr_4rt:ed_logit:geo1:dyn1:lw_obj:enc_mlp:sp_joint:hd_sh:dec_leg:nz_glob:us_none:z16:w64:ep300:pat30:bs8:m128:lr0.001:hs_path:cal1:id0:fit_all:vm256:wd0.0:pipe_flag:mask0.5:mr0.5:mg0.3:mo0.2,43,all,0.7993716498945259,0.7950667554721323,0.8672075726842463,0.7322128851540617,0.7177850011068005,0.7929144086477239,0.7988349392273087,joint_mlp__direct_finalflag__mask0.5,300,95
b1:v2:h12:tr_4rt:ed_logit:geo1:dyn1:lw_obj:enc_mlp:sp_joint:hd_sh:dec_leg:nz_glob:us_none:z16:w64:ep300:pat30:bs8:m128:lr0.001:hs_path:cal1:id0:fit_all:vm256:wd0.0:pipe_flag:mask0.5:mr0.5:mg0.3:mo0.2,44,all,0.8840103505789783,0.873093625853155,0.8842799188640976,0.8374299719887955,0.7865448021157366,0.8768299752415865,0.882959368801524,joint_mlp__direct_finalflag__mask0.5,300,95
b1:v2:h12:tr_4rt:ed_logit:geo1:dyn1:lw_obj:enc_mlp:sp_joint:hd_sh:dec_leg:nz_glob:us_none:z16:w64:ep300:pat30:bs8:m128:lr0.001:hs_path:cal1:id0:fit_all:vm256:wd0.0:pipe_two:mask0.5:mr0.5:mg0.3:mo0.2,42,all,0.8119977269160277,0.8907102418939785,0.9138269100743748,0.79390756302521,0.6663350925634663,0.9178738918797992,0.823861329372391,joint_mlp__two_stage__mask0.5,300,95
b1:v2:h12:tr_4rt:ed_logit:geo1:dyn1:lw_obj:enc_mlp:sp_joint:hd_sh:dec_leg:nz_glob:us_none:z16:w64:ep300:pat30:bs8:m128:lr0.001:hs_path:cal1:id0:fit_all:vm256:wd0.0:pipe_two:mask0.5:mr0.5:mg0.3:mo0.2,43,all,0.7954914596417866,0.8148880344726673,0.7772143340094662,0.8185224089635855,0.7623566693462889,0.8648493362991969,0.7970296265398198,joint_mlp__two_stage__mask0.5,300,95
b1:v2:h12:tr_4rt:ed_logit:geo1:dyn1:lw_obj:enc_mlp:sp_joint:hd_sh:dec_leg:nz_glob:us_none:z16:w64:ep300:pat30:bs8:m128:lr0.001:hs_path:cal1:id0:fit_all:vm256:wd0.0:pipe_two:mask0.5:mr0.5:mg0.3:mo0.2,44,all,0.7613255577634663,0.8245089629607205,0.8572008113590266,0.7451680672268909,0.6168636771404938,0.856964471086466,0.7920309695438584,joint_mlp__two_stage__mask0.5,300,95
b1:v2:h12:tr_4rt:ed_logit:geo1:dyn1:lw_obj:enc_mlp:sp_none:hd_sh:dec_leg:nz_glob:us_none:z16:w64:ep300:pat30:bs8:m128:lr0.001:hs_sh:cal1:id0:fit_path:vm256:wd0.0:pipe_aux025:mask0.5:mr0.5:mg0.3:mo0.2,42,all,0.83720173254487,0.8387402070109227,0.8682555780933066,0.7838235294117648,0.6543811820628431,0.8752716642645004,0.8524340789394275,pathogen_mlp__joint_aux025__mask0.5,300,95
b1:v2:h12:tr_4rt:ed_logit:geo1:dyn1:lw_obj:enc_mlp:sp_none:hd_sh:dec_leg:nz_glob:us_none:z16:w64:ep300:pat30:bs8:m128:lr0.001:hs_sh:cal1:id0:fit_path:vm256:wd0.0:pipe_aux025:mask0.5:mr0.5:mg0.3:mo0.2,43,all,0.8684821278938927,0.8329096572579969,0.8691683569979718,0.8100140056022409,0.7040077825544955,0.8293873287349502,0.8602578321562989,pathogen_mlp__joint_aux025__mask0.5,300,95
b1:v2:h12:tr_4rt:ed_logit:geo1:dyn1:lw_obj:enc_mlp:sp_none:hd_sh:dec_leg:nz_glob:us_none:z16:w64:ep300:pat30:bs8:m128:lr0.001:hs_sh:cal1:id0:fit_path:vm256:wd0.0:pipe_aux025:mask0.5:mr0.5:mg0.3:mo0.2,44,all,0.826091499277774,0.8591710144342521,0.8924949290060854,0.8165966386554622,0.6826027285542859,0.9190424794137804,0.8381166638690608,pathogen_mlp__joint_aux025__mask0.5,300,95
b1:v2:h12:tr_4rt:ed_logit:geo1:dyn1:lw_obj:enc_mlp:sp_none:hd_sh:dec_leg:nz_glob:us_none:z16:w64:ep300:pat30:bs8:m128:lr0.001:hs_sh:cal1:id0:fit_path:vm256:wd0.0:pipe_direct:mask0.5:mr0.5:mg0.3:mo0.2,42,all,0.8344253247357823,0.8175760817279392,0.8360040567951321,0.8447128851540617,0.7453061176936612,0.8534955108910943,0.8090096457159318,pathogen_mlp__direct__mask0.5,300,95
b1:v2:h12:tr_4rt:ed_logit:geo1:dyn1:lw_obj:enc_mlp:sp_none:hd_sh:dec_leg:nz_glob:us_none:z16:w64:ep300:pat30:bs8:m128:lr0.001:hs_sh:cal1:id0:fit_path:vm256:wd0.0:pipe_direct:mask0.5:mr0.5:mg0.3:mo0.2,43,all,0.8166718805280898,0.8360990853709817,0.9089925625422584,0.7568627450980393,0.6608807801195345,0.8948308537496152,0.8372956945465443,pathogen_mlp__direct__mask0.5,300,95
b1:v2:h12:tr_4rt:ed_logit:geo1:dyn1:lw_obj:enc_mlp:sp_none:hd_sh:dec_leg:nz_glob:us_none:z16:w64:ep300:pat30:bs8:m128:lr0.001:hs_sh:cal1:id0:fit_path:vm256:wd0.0:pipe_direct:mask0.5:mr0.5:mg0.3:mo0.2,44,all,0.8112022007283445,0.8290358552067252,0.7765720081135904,0.8696778711484594,0.6797853972248437,0.7240498569154886,0.7902563167299516,pathogen_mlp__direct__mask0.5,300,95
b1:v2:h12:tr_4rt:ed_logit:geo1:dyn1:lw_obj:enc_mlp:sp_none:hd_sh:dec_leg:nz_glob:us_none:z16:w64:ep300:pat30:bs8:m128:lr0.001:hs_sh:cal1:id0:fit_path:vm256:wd0.0:pipe_flag:mask0.5:mr0.5:mg0.3:mo0.2,42,all,0.8617925508284987,0.8970213166755812,0.8934753211629483,0.8547619047619048,0.7331294490464042,0.9136211209716636,0.8836364359143903,pathogen_mlp__direct_finalflag__mask0.5,300,95
b1:v2:h12:tr_4rt:ed_logit:geo1:dyn1:lw_obj:enc_mlp:sp_none:hd_sh:dec_leg:nz_glob:us_none:z16:w64:ep300:pat30:bs8:m128:lr0.001:hs_sh:cal1:id0:fit_path:vm256:wd0.0:pipe_flag:mask0.5:mr0.5:mg0.3:mo0.2,43,all,0.8447983219878646,0.7941391756565384,0.875084516565247,0.7700630252100842,0.7029333706150316,0.8911643431964519,0.8293425661011814,pathogen_mlp__direct_finalflag__mask0.5,300,95
b1:v2:h12:tr_4rt:ed_logit:geo1:dyn1:lw_obj:enc_mlp:sp_none:hd_sh:dec_leg:nz_glob:us_none:z16:w64:ep300:pat30:bs8:m128:lr0.001:hs_sh:cal1:id0:fit_path:vm256:wd0.0:pipe_flag:mask0.5:mr0.5:mg0.3:mo0.2,44,all,0.8321841557135676,0.7972781461186296,0.8906017579445572,0.8181372549019608,0.5478233313527433,0.883455109483617,0.8246675291219113,pathogen_mlp__direct_finalflag__mask0.5,300,95
b1:v2:h12:tr_4rt:ed_logit:geo1:dyn1:lw_obj:enc_mlp:sp_none:hd_sh:dec_leg:nz_glob:us_none:z16:w64:ep300:pat30:bs8:m128:lr0.001:hs_sh:cal1:id0:fit_path:vm256:wd0.0:pipe_two:mask0.5:mr0.5:mg0.3:mo0.2,42,all,0.7606916147275626,0.8760933331987798,0.8366801893171063,0.7423669467787115,0.7794205026038936,0.8814869555195313,0.7784691096079678,pathogen_mlp__two_stage__mask0.5,300,95
b1:v2:h12:tr_4rt:ed_logit:geo1:dyn1:lw_obj:enc_mlp:sp_none:hd_sh:dec_leg:nz_glob:us_none:z16:w64:ep300:pat30:bs8:m128:lr0.001:hs_sh:cal1:id0:fit_path:vm256:wd0.0:pipe_two:mask0.5:mr0.5:mg0.3:mo0.2,43,all,0.8598210062752548,0.8321601929500573,0.9077755240027048,0.7845238095238096,0.5516507636922864,0.91897875996016,0.839304397825916,pathogen_mlp__two_stage__mask0.5,300,95
b1:v2:h12:tr_4rt:ed_logit:geo1:dyn1:lw_obj:enc_mlp:sp_none:hd_sh:dec_leg:nz_glob:us_none:z16:w64:ep300:pat30:bs8:m128:lr0.001:hs_sh:cal1:id0:fit_path:vm256:wd0.0:pipe_two:mask0.5:mr0.5:mg0.3:mo0.2,44,all,0.7941525812604247,0.8609509921656089,0.8899594320486819,0.8203081232492997,0.6549199026015637,0.9149152123619094,0.8145353391974636,pathogen_mlp__two_stage__mask0.5,300,95
b1:v2:h12:tr_4rt:ed_logit:geo1:dyn1:lw_obj:enc_mlp:sp_none:hd_sh:dec_leg:nz_glob:us_none:z16:w64:ep300:pat30:bs8:m128:lr0.001:hs_sh:cal1:id0:fit_targ:vm256:wd0.0:pipe_aux025:mask0.5:mr0.5:mg0.3:mo0.2,42,all,0.8512876508628143,0.8294171468553113,0.622819472616633,0.8201680672268907,0.7974145142311235,0.7900465563441494,0.8248645622711012,target_mlp__joint_aux025__mask0.5,300,95
b1:v2:h12:tr_4rt:ed_logit:geo1:dyn1:lw_obj:enc_mlp:sp_none:hd_sh:dec_leg:nz_glob:us_none:z16:w64:ep300:pat30:bs8:m128:lr0.001:hs_sh:cal1:id0:fit_targ:vm256:wd0.0:pipe_aux025:mask0.5:mr0.5:mg0.3:mo0.2,43,all,0.824558750375744,0.8412590529435311,0.6762001352265046,0.7492647058823529,0.750207961972668,0.8809323964605358,0.8350179781786652,target_mlp__joint_aux025__mask0.5,300,95
b1:v2:h12:tr_4rt:ed_logit:geo1:dyn1:lw_obj:enc_mlp:sp_none:hd_sh:dec_leg:nz_glob:us_none:z16:w64:ep300:pat30:bs8:m128:lr0.001:hs_sh:cal1:id0:fit_targ:vm256:wd0.0:pipe_aux025:mask0.5:mr0.5:mg0.3:mo0.2,44,all,0.8454684029357233,0.8085461805240197,0.8259296822177148,0.7345938375350141,0.7968620460661984,0.7609545882839973,0.8352906250796507,target_mlp__joint_aux025__mask0.5,300,95
b1:v2:h12:tr_4rt:ed_logit:geo1:dyn1:lw_obj:enc_mlp:sp_none:hd_sh:dec_leg:nz_glob:us_none:z16:w64:ep300:pat30:bs8:m128:lr0.001:hs_sh:cal1:id0:fit_targ:vm256:wd0.0:pipe_direct:mask0.5:mr0.5:mg0.3:mo0.2,42,all,0.8692179074858816,0.8320068016913407,0.8848884381338745,0.7997549019607844,0.7845863479081474,0.8388886144139511,0.8527851619685021,target_mlp__direct__mask0.5,300,95
b1:v2:h12:tr_4rt:ed_logit:geo1:dyn1:lw_obj:enc_mlp:sp_none:hd_sh:dec_leg:nz_glob:us_none:z16:w64:ep300:pat30:bs8:m128:lr0.001:hs_sh:cal1:id0:fit_targ:vm256:wd0.0:pipe_direct:mask0.5:mr0.5:mg0.3:mo0.2,43,all,0.8430972464959394,0.8096848415125186,0.8984448951994592,0.7238795518207284,0.7173660480234876,0.8787401070825162,0.8421320577861279,target_mlp__direct__mask0.5,300,95
b1:v2:h12:tr_4rt:ed_logit:geo1:dyn1:lw_obj:enc_mlp:sp_none:hd_sh:dec_leg:nz_glob:us_none:z16:w64:ep300:pat30:bs8:m128:lr0.001:hs_sh:cal1:id0:fit_targ:vm256:wd0.0:pipe_direct:mask0.5:mr0.5:mg0.3:mo0.2,44,all,0.8405671071847544,0.8336540758008472,0.8489858012170388,0.7360994397759104,0.7514452483310615,0.8101649412542038,0.8238285144955896,target_mlp__direct__mask0.5,300,95
b1:v2:h12:tr_4rt:ed_logit:geo1:dyn1:lw_obj:enc_mlp:sp_none:hd_sh:dec_leg:nz_glob:us_none:z16:w64:ep300:pat30:bs8:m128:lr0.001:hs_sh:cal1:id0:fit_targ:vm256:wd0.0:pipe_flag:mask0.5:mr0.5:mg0.3:mo0.2,42,all,0.856766308612714,0.8291433300031286,0.747396889790399,0.7894957983193278,0.798670907459835,0.965964614041793,0.8488966583072899,target_mlp__direct_finalflag__mask0.5,300,95
b1:v2:h12:tr_4rt:ed_logit:geo1:dyn1:lw_obj:enc_mlp:sp_none:hd_sh:dec_leg:nz_glob:us_none:z16:w64:ep300:pat30:bs8:m128:lr0.001:hs_sh:cal1:id0:fit_targ:vm256:wd0.0:pipe_flag:mask0.5:mr0.5:mg0.3:mo0.2,43,all,0.8216599897318853,0.8076638444020603,0.9209939148073024,0.7994747899159664,0.6845129495648529,0.8266190106292758,0.8319397287008746,target_mlp__direct_finalflag__mask0.5,300,95
b1:v2:h12:tr_4rt:ed_logit:geo1:dyn1:lw_obj:enc_mlp:sp_none:hd_sh:dec_leg:nz_glob:us_none:z16:w64:ep300:pat30:bs8:m128:lr0.001:hs_sh:cal1:id0:fit_targ:vm256:wd0.0:pipe_flag:mask0.5:mr0.5:mg0.3:mo0.2,44,all,0.8200352733686068,0.7924876967427907,0.8672075726842464,0.7793767507002802,0.7846842123658735,0.8252198040566444,0.8207836098134328,target_mlp__direct_finalflag__mask0.5,300,95
b1:v2:h12:tr_4rt:ed_logit:geo1:dyn1:lw_obj:enc_mlp:sp_none:hd_sh:dec_leg:nz_glob:us_none:z16:w64:ep300:pat30:bs8:m128:lr0.001:hs_sh:cal1:id0:fit_targ:vm256:wd0.0:pipe_two:mask0.5:mr0.5:mg0.3:mo0.2,42,all,0.7866592980972067,0.7849617699198397,0.7992900608519272,0.7179621848739497,0.7092922302610885,0.9133978295987952,0.7970849057240899,target_mlp__two_stage__mask0.5,300,95
b1:v2:h12:tr_4rt:ed_logit:geo1:dyn1:lw_obj:enc_mlp:sp_none:hd_sh:dec_leg:nz_glob:us_none:z16:w64:ep300:pat30:bs8:m128:lr0.001:hs_sh:cal1:id0:fit_targ:vm256:wd0.0:pipe_two:mask0.5:mr0.5:mg0.3:mo0.2,43,all,0.7925638565017653,0.8764852209540535,0.801453684922245,0.5358543417366949,0.553632984982466,0.9101966609822814,0.8110047005972043,target_mlp__two_stage__mask0.5,300,95
b1:v2:h12:tr_4rt:ed_logit:geo1:dyn1:lw_obj:enc_mlp:sp_none:hd_sh:dec_leg:nz_glob:us_none:z16:w64:ep300:pat30:bs8:m128:lr0.001:hs_sh:cal1:id0:fit_targ:vm256:wd0.0:pipe_two:mask0.5:mr0.5:mg0.3:mo0.2,44,all,0.7026154896906531,0.8673459948398645,0.8502704530087899,0.7565826330532214,0.6954774969999886,0.887337266456024,0.7761962070610133,target_mlp__two_stage__mask0.5,300,95
b1:v2:h12:tr_4rt:ed_logit:geo1:dyn1:lw_obj:enc_msc:sp_none:hd_sh:dec_leg:nz_glob:us_none:z16:w64:ep300:pat30:bs8:m128:lr0.001:hs_sh:cal1:id0:fit_targ:vm256:wd0.0:pipe_aux025:mask0.5:mr0.5:mg0.3:mo0.2,42,all,0.8952276010119148,0.8557595726573355,0.8202839756592294,0.8678921568627453,0.7309330910022954,0.9004301230926072,0.879973242426822,target_multiscale__joint_aux025__mask0.5,300,95
b1:v2:h12:tr_4rt:ed_logit:geo1:dyn1:lw_obj:enc_msc:sp_none:hd_sh:dec_leg:nz_glob:us_none:z16:w64:ep300:pat30:bs8:m128:lr0.001:hs_sh:cal1:id0:fit_targ:vm256:wd0.0:pipe_aux025:mask0.5:mr0.5:mg0.3:mo0.2,43,all,0.8921621896621897,0.8325503987836342,0.794320486815416,0.8606442577030814,0.6756331480898956,0.6822016403131572,0.864373469407428,target_multiscale__joint_aux025__mask0.5,300,95
b1:v2:h12:tr_4rt:ed_logit:geo1:dyn1:lw_obj:enc_msc:sp_none:hd_sh:dec_leg:nz_glob:us_none:z16:w64:ep300:pat30:bs8:m128:lr0.001:hs_sh:cal1:id0:fit_targ:vm256:wd0.0:pipe_aux025:mask0.5:mr0.5:mg0.3:mo0.2,44,all,0.8206211211930169,0.8371669374560601,0.8768086544962814,0.7737394957983195,0.7590132000512625,0.7231248976479016,0.8488361204482793,target_multiscale__joint_aux025__mask0.5,300,95
b1:v2:h12:tr_4rt:ed_logit:geo1:dyn1:lw_obj:enc_msc:sp_none:hd_sh:dec_leg:nz_glob:us_none:z16:w64:ep300:pat30:bs8:m128:lr0.001:hs_sh:cal1:id0:fit_targ:vm256:wd0.0:pipe_direct:mask0.5:mr0.5:mg0.3:mo0.2,42,all,0.8595971294500707,0.8398983782911005,0.8028397565922923,0.7857843137254903,0.5990551419617165,0.8796595036911746,0.8549316591461483,target_multiscale__direct__mask0.5,300,95
b1:v2:h12:tr_4rt:ed_logit:geo1:dyn1:lw_obj:enc_msc:sp_none:hd_sh:dec_leg:nz_glob:us_none:z16:w64:ep300:pat30:bs8:m128:lr0.001:hs_sh:cal1:id0:fit_targ:vm256:wd0.0:pipe_direct:mask0.5:mr0.5:mg0.3:mo0.2,43,all,0.8493771896222878,0.841661368613323,0.9219743069641652,0.7917717086834735,0.6760271690375498,0.8490374532568445,0.8615499016932118,target_multiscale__direct__mask0.5,300,95
b1:v2:h12:tr_4rt:ed_logit:geo1:dyn1:lw_obj:enc_msc:sp_none:hd_sh:dec_leg:nz_glob:us_none:z16:w64:ep300:pat30:bs8:m128:lr0.001:hs_sh:cal1:id0:fit_targ:vm256:wd0.0:pipe_direct:mask0.5:mr0.5:mg0.3:mo0.2,44,all,0.8522846223009624,0.8246478896928477,0.8166666666666668,0.7957983193277312,0.7983055468176576,0.8610929316435145,0.8548358528696136,target_multiscale__direct__mask0.5,300,95
b1:v2:h12:tr_4rt:ed_logit:geo1:dyn1:lw_obj:enc_msc:sp_none:hd_sh:dec_leg:nz_glob:us_none:z16:w64:ep300:pat30:bs8:m128:lr0.001:hs_sh:cal1:id0:fit_targ:vm256:wd0.0:pipe_flag:mask0.5:mr0.5:mg0.3:mo0.2,42,all,0.8483100106139322,0.8174031801775439,0.8243069641649765,0.8657212885154063,0.7386504025258352,0.8483442596537529,0.8512947965241948,target_multiscale__direct_finalflag__mask0.5,300,95
b1:v2:h12:tr_4rt:ed_logit:geo1:dyn1:lw_obj:enc_msc:sp_none:hd_sh:dec_leg:nz_glob:us_none:z16:w64:ep300:pat30:bs8:m128:lr0.001:hs_sh:cal1:id0:fit_targ:vm256:wd0.0:pipe_flag:mask0.5:mr0.5:mg0.3:mo0.2,43,all,0.8571193216127858,0.7837911524191081,0.9097363083164302,0.8890756302521009,0.6991497442708517,0.7601380144583851,0.8484640569316317,target_multiscale__direct_finalflag__mask0.5,300,95
b1:v2:h12:tr_4rt:ed_logit:geo1:dyn1:lw_obj:enc_msc:sp_none:hd_sh:dec_leg:nz_glob:us_none:z16:w64:ep300:pat30:bs8:m128:lr0.001:hs_sh:cal1:id0:fit_targ:vm256:wd0.0:pipe_flag:mask0.5:mr0.5:mg0.3:mo0.2,44,all,0.8484453582002603,0.8291054867649583,0.8869168356997974,0.8480392156862745,0.7395535516642784,0.7806307819762927,0.8612940864145884,target_multiscale__direct_finalflag__mask0.5,300,95
b1:v2:h12:tr_4rt:ed_logit:geo1:dyn1:lw_obj:enc_msc:sp_none:hd_sh:dec_leg:nz_glob:us_none:z16:w64:ep300:pat30:bs8:m128:lr0.001:hs_sh:cal1:id0:fit_targ:vm256:wd0.0:pipe_two:mask0.5:mr0.5:mg0.3:mo0.2,42,all,0.7788335780656044,0.821903329868575,0.8464164976335362,0.721953781512605,0.7691978609625669,0.8617747152433503,0.816907246634114,target_multiscale__two_stage__mask0.5,300,95
b1:v2:h12:tr_4rt:ed_logit:geo1:dyn1:lw_obj:enc_msc:sp_none:hd_sh:dec_leg:nz_glob:us_none:z16:w64:ep300:pat30:bs8:m128:lr0.001:hs_sh:cal1:id0:fit_targ:vm256:wd0.0:pipe_two:mask0.5:mr0.5:mg0.3:mo0.2,43,all,0.821804973651379,0.8741481907568313,0.8577079107505072,0.8627100840336135,0.7280957207600808,0.8758225616214836,0.8459554445507745,target_multiscale__two_stage__mask0.5,300,95
b1:v2:h12:tr_4rt:ed_logit:geo1:dyn1:lw_obj:enc_msc:sp_none:hd_sh:dec_leg:nz_glob:us_none:z16:w64:ep300:pat30:bs8:m128:lr0.001:hs_sh:cal1:id0:fit_targ:vm256:wd0.0:pipe_two:mask0.5:mr0.5:mg0.3:mo0.2,44,all,0.8238823582614434,0.8546024105301755,0.91737660581474,0.7967086834733894,0.6303417100648936,0.8633867201027126,0.8368965114090207,target_multiscale__two_stage__mask0.5,300,95
